variant,revenue_month,signal_date,delay_trading_days,exec_date,exit_date,holding_days,market,stock_id,stock_name,industry,sur_3m,pre_ret_20d,avg_turnover_20d,margin_balance_pct_chg_5d,margin_deleveraging_intensity,no_new_10d_low,abnormal_turnover,entry_open,entry_close,exit_close,possible_limit_up_nonfill,gross_return,net_return
frr1_basic_deleveraging,2024-09,2024-10-11,1,2024-10-14,2024-10-28,10,otc,5386,青雲,電腦及週邊設備業,1.9103537669106951,-0.02717391304347827,171282510.0,0.0,0.1388888888888889,True,1.2242906411096006,90.5,92.4,99.7,False,0.10165745856353592,0.09165745856353592
frr1_basic_deleveraging,2024-09,2024-10-11,1,2024-10-14,2024-11-05,15,otc,5386,青雲,電腦及週邊設備業,1.9103537669106951,-0.02717391304347827,171282510.0,0.0,0.1388888888888889,True,1.2242906411096006,90.5,92.4,91.3,False,0.008839779005524795,-0.0011602209944752053
frr1_basic_deleveraging,2024-09,2024-10-11,1,2024-10-14,2024-11-12,20,otc,5386,青雲,電腦及週邊設備業,1.9103537669106951,-0.02717391304347827,171282510.0,0.0,0.1388888888888889,True,1.2242906411096006,90.5,92.4,91.0,False,0.005524861878453136,-0.004475138121546865
frr1_basic_deleveraging,2024-09,2024-10-11,2,2024-10-15,2024-10-29,10,otc,5386,青雲,電腦及週邊設備業,1.9103537669106951,-0.02717391304347827,171282510.0,0.0,0.1388888888888889,True,1.2242906411096006,93.2,88.3,100.5,False,0.07832618025751059,0.0683261802575106
frr1_basic_deleveraging,2024-09,2024-10-11,2,2024-10-15,2024-11-06,15,otc,5386,青雲,電腦及週邊設備業,1.9103537669106951,-0.02717391304347827,171282510.0,0.0,0.1388888888888889,True,1.2242906411096006,93.2,88.3,95.2,False,0.02145922746781115,0.011459227467811148
frr1_basic_deleveraging,2024-09,2024-10-11,2,2024-10-15,2024-11-13,20,otc,5386,青雲,電腦及週邊設備業,1.9103537669106951,-0.02717391304347827,171282510.0,0.0,0.1388888888888889,True,1.2242906411096006,93.2,88.3,88.3,False,-0.05257510729613735,-0.06257510729613734
frr1_basic_deleveraging,2024-09,2024-10-11,3,2024-10-16,2024-10-30,10,otc,5386,青雲,電腦及週邊設備業,1.9103537669106951,-0.02717391304347827,171282510.0,0.0,0.1388888888888889,True,1.2242906411096006,88.2,88.5,104.5,False,0.1848072562358276,0.1748072562358276
frr1_basic_deleveraging,2024-09,2024-10-11,3,2024-10-16,2024-11-07,15,otc,5386,青雲,電腦及週邊設備業,1.9103537669106951,-0.02717391304347827,171282510.0,0.0,0.1388888888888889,True,1.2242906411096006,88.2,88.5,94.5,False,0.0714285714285714,0.061428571428571395
frr1_basic_deleveraging,2024-09,2024-10-11,3,2024-10-16,2024-11-14,20,otc,5386,青雲,電腦及週邊設備業,1.9103537669106951,-0.02717391304347827,171282510.0,0.0,0.1388888888888889,True,1.2242906411096006,88.2,88.5,86.6,False,-0.018140589569161092,-0.028140589569161094
frr1_basic_deleveraging,2024-11,2024-12-11,1,2024-12-12,2024-12-26,10,otc,6223,旺矽,半導體業,1.3249867934005057,0.06019656019656017,2558888300.0,0.0,0.13157894736842105,True,1.1521540159019728,872.0,863.0,889.0,False,0.019495412844036775,0.009495412844036774
frr1_basic_deleveraging,2024-11,2024-12-11,1,2024-12-12,2025-01-03,15,otc,6223,旺矽,半導體業,1.3249867934005057,0.06019656019656017,2558888300.0,0.0,0.13157894736842105,True,1.1521540159019728,872.0,863.0,894.0,False,0.025229357798165042,0.015229357798165042
frr1_basic_deleveraging,2024-11,2024-12-11,1,2024-12-12,2025-01-10,20,otc,6223,旺矽,半導體業,1.3249867934005057,0.06019656019656017,2558888300.0,0.0,0.13157894736842105,True,1.1521540159019728,872.0,863.0,948.0,False,0.08715596330275233,0.07715596330275233
frr1_basic_deleveraging,2024-11,2024-12-11,2,2024-12-13,2024-12-27,10,otc,6223,旺矽,半導體業,1.3249867934005057,0.06019656019656017,2558888300.0,0.0,0.13157894736842105,True,1.1521540159019728,863.0,861.0,925.0,False,0.07184241019698723,0.061842410196987226
frr1_basic_deleveraging,2024-11,2024-12-11,2,2024-12-13,2025-01-06,15,otc,6223,旺矽,半導體業,1.3249867934005057,0.06019656019656017,2558888300.0,0.0,0.13157894736842105,True,1.1521540159019728,863.0,861.0,901.0,False,0.044032444959443806,0.034032444959443804
frr1_basic_deleveraging,2024-11,2024-12-11,2,2024-12-13,2025-01-13,20,otc,6223,旺矽,半導體業,1.3249867934005057,0.06019656019656017,2558888300.0,0.0,0.13157894736842105,True,1.1521540159019728,863.0,861.0,889.0,False,0.030127462340671984,0.020127462340671982
frr1_basic_deleveraging,2024-11,2024-12-11,3,2024-12-16,2024-12-30,10,otc,6223,旺矽,半導體業,1.3249867934005057,0.06019656019656017,2558888300.0,0.0,0.13157894736842105,True,1.1521540159019728,875.0,848.0,921.0,False,0.05257142857142849,0.04257142857142849
frr1_basic_deleveraging,2024-11,2024-12-11,3,2024-12-16,2025-01-07,15,otc,6223,旺矽,半導體業,1.3249867934005057,0.06019656019656017,2558888300.0,0.0,0.13157894736842105,True,1.1521540159019728,875.0,848.0,985.0,False,0.12571428571428567,0.11571428571428567
frr1_basic_deleveraging,2024-11,2024-12-11,3,2024-12-16,2025-01-14,20,otc,6223,旺矽,半導體業,1.3249867934005057,0.06019656019656017,2558888300.0,0.0,0.13157894736842105,True,1.1521540159019728,875.0,848.0,927.0,False,0.059428571428571386,0.049428571428571384
frr1_basic_deleveraging,2024-12,2025-01-13,1,2025-01-14,2025-02-06,10,otc,6143,振曜,通信網路業,2.1286196164894897,0.10091743119266061,131074300.0,0.0,0.07539817011182649,True,0.38714260281578156,122.0,121.5,123.5,False,0.012295081967213184,0.0022950819672131837
frr1_basic_deleveraging,2024-12,2025-01-13,1,2025-01-14,2025-02-13,15,otc,6143,振曜,通信網路業,2.1286196164894897,0.10091743119266061,131074300.0,0.0,0.07539817011182649,True,0.38714260281578156,122.0,121.5,121.0,False,-0.008196721311475419,-0.01819672131147542
frr1_basic_deleveraging,2024-12,2025-01-13,1,2025-01-14,2025-02-20,20,otc,6143,振曜,通信網路業,2.1286196164894897,0.10091743119266061,131074300.0,0.0,0.07539817011182649,True,0.38714260281578156,122.0,121.5,129.5,False,0.061475409836065475,0.051475409836065474
frr1_basic_deleveraging,2024-12,2025-01-13,2,2025-01-15,2025-02-07,10,otc,6143,振曜,通信網路業,2.1286196164894897,0.10091743119266061,131074300.0,0.0,0.07539817011182649,True,0.38714260281578156,119.5,118.0,131.0,False,0.09623430962343105,0.08623430962343105
frr1_basic_deleveraging,2024-12,2025-01-13,2,2025-01-15,2025-02-14,15,otc,6143,振曜,通信網路業,2.1286196164894897,0.10091743119266061,131074300.0,0.0,0.07539817011182649,True,0.38714260281578156,119.5,118.0,121.5,False,0.01673640167364021,0.006736401673640211
frr1_basic_deleveraging,2024-12,2025-01-13,2,2025-01-15,2025-02-21,20,otc,6143,振曜,通信網路業,2.1286196164894897,0.10091743119266061,131074300.0,0.0,0.07539817011182649,True,0.38714260281578156,119.5,118.0,138.5,False,0.15899581589958167,0.14899581589958166
frr1_basic_deleveraging,2024-12,2025-01-13,3,2025-01-16,2025-02-10,10,otc,6143,振曜,通信網路業,2.1286196164894897,0.10091743119266061,131074300.0,0.0,0.07539817011182649,True,0.38714260281578156,120.5,125.0,127.5,False,0.05809128630705396,0.048091286307053956
frr1_basic_deleveraging,2024-12,2025-01-13,3,2025-01-16,2025-02-17,15,otc,6143,振曜,通信網路業,2.1286196164894897,0.10091743119266061,131074300.0,0.0,0.07539817011182649,True,0.38714260281578156,120.5,125.0,122.5,False,0.016597510373443924,0.006597510373443924
frr1_basic_deleveraging,2024-12,2025-01-13,3,2025-01-16,2025-02-24,20,otc,6143,振曜,通信網路業,2.1286196164894897,0.10091743119266061,131074300.0,0.0,0.07539817011182649,True,0.38714260281578156,120.5,125.0,139.5,False,0.15767634854771795,0.14767634854771794
frr1_basic_deleveraging,2024-12,2025-01-13,1,2025-01-14,2025-02-06,10,otc,5425,台半,半導體業,1.71351441743462,-0.12998266897746968,66302835.0,0.0,0.11302079850197284,False,0.7496168765122598,50.2,51.4,53.4,False,0.06374501992031867,0.05374501992031867
frr1_basic_deleveraging,2024-12,2025-01-13,1,2025-01-14,2025-02-13,15,otc,5425,台半,半導體業,1.71351441743462,-0.12998266897746968,66302835.0,0.0,0.11302079850197284,False,0.7496168765122598,50.2,51.4,54.6,False,0.08764940239043817,0.07764940239043817
frr1_basic_deleveraging,2024-12,2025-01-13,1,2025-01-14,2025-02-20,20,otc,5425,台半,半導體業,1.71351441743462,-0.12998266897746968,66302835.0,0.0,0.11302079850197284,False,0.7496168765122598,50.2,51.4,55.8,False,0.11155378486055767,0.10155378486055767
frr1_basic_deleveraging,2024-12,2025-01-13,2,2025-01-15,2025-02-07,10,otc,5425,台半,半導體業,1.71351441743462,-0.12998266897746968,66302835.0,0.0,0.11302079850197284,False,0.7496168765122598,51.0,52.5,53.9,False,0.056862745098039236,0.046862745098039234
frr1_basic_deleveraging,2024-12,2025-01-13,2,2025-01-15,2025-02-14,15,otc,5425,台半,半導體業,1.71351441743462,-0.12998266897746968,66302835.0,0.0,0.11302079850197284,False,0.7496168765122598,51.0,52.5,55.0,False,0.07843137254901955,0.06843137254901956
frr1_basic_deleveraging,2024-12,2025-01-13,2,2025-01-15,2025-02-21,20,otc,5425,台半,半導體業,1.71351441743462,-0.12998266897746968,66302835.0,0.0,0.11302079850197284,False,0.7496168765122598,51.0,52.5,56.9,False,0.11568627450980395,0.10568627450980396
frr1_basic_deleveraging,2024-12,2025-01-13,3,2025-01-16,2025-02-10,10,otc,5425,台半,半導體業,1.71351441743462,-0.12998266897746968,66302835.0,0.0,0.11302079850197284,False,0.7496168765122598,52.6,52.8,54.4,False,0.034220532319391594,0.024220532319391593
frr1_basic_deleveraging,2024-12,2025-01-13,3,2025-01-16,2025-02-17,15,otc,5425,台半,半導體業,1.71351441743462,-0.12998266897746968,66302835.0,0.0,0.11302079850197284,False,0.7496168765122598,52.6,52.8,54.4,False,0.034220532319391594,0.024220532319391593
frr1_basic_deleveraging,2024-12,2025-01-13,3,2025-01-16,2025-02-24,20,otc,5425,台半,半導體業,1.71351441743462,-0.12998266897746968,66302835.0,0.0,0.11302079850197284,False,0.7496168765122598,52.6,52.8,56.1,False,0.06653992395437269,0.05653992395437269
frr1_basic_deleveraging,2025-03,2025-04-11,1,2025-04-14,2025-04-28,10,otc,5439,高技,電子零組件業,1.8947529123804139,-0.07165109034267914,2142083300.0,0.0,0.04675586246583226,False,2.090076251373697,151.0,147.5,143.0,False,-0.052980132450331174,-0.06298013245033117
frr1_basic_deleveraging,2025-03,2025-04-11,1,2025-04-14,2025-05-06,15,otc,5439,高技,電子零組件業,1.8947529123804139,-0.07165109034267914,2142083300.0,0.0,0.04675586246583226,False,2.090076251373697,151.0,147.5,157.0,False,0.039735099337748325,0.029735099337748323
frr1_basic_deleveraging,2025-03,2025-04-11,1,2025-04-14,2025-05-13,20,otc,5439,高技,電子零組件業,1.8947529123804139,-0.07165109034267914,2142083300.0,0.0,0.04675586246583226,False,2.090076251373697,151.0,147.5,182.0,False,0.20529801324503305,0.19529801324503304
frr1_basic_deleveraging,2025-03,2025-04-11,2,2025-04-15,2025-04-29,10,otc,5439,高技,電子零組件業,1.8947529123804139,-0.07165109034267914,2142083300.0,0.0,0.04675586246583226,False,2.090076251373697,150.5,152.0,146.0,False,-0.029900332225913595,-0.0399003322259136
frr1_basic_deleveraging,2025-03,2025-04-11,2,2025-04-15,2025-05-07,15,otc,5439,高技,電子零組件業,1.8947529123804139,-0.07165109034267914,2142083300.0,0.0,0.04675586246583226,False,2.090076251373697,150.5,152.0,153.0,False,0.01661129568106312,0.0066112956810631205
frr1_basic_deleveraging,2025-03,2025-04-11,2,2025-04-15,2025-05-14,20,otc,5439,高技,電子零組件業,1.8947529123804139,-0.07165109034267914,2142083300.0,0.0,0.04675586246583226,False,2.090076251373697,150.5,152.0,185.0,False,0.22923588039867115,0.21923588039867115
frr1_basic_deleveraging,2025-03,2025-04-11,3,2025-04-16,2025-04-30,10,otc,5439,高技,電子零組件業,1.8947529123804139,-0.07165109034267914,2142083300.0,0.0,0.04675586246583226,False,2.090076251373697,153.0,137.0,144.5,False,-0.05555555555555558,-0.06555555555555558
frr1_basic_deleveraging,2025-03,2025-04-11,3,2025-04-16,2025-05-08,15,otc,5439,高技,電子零組件業,1.8947529123804139,-0.07165109034267914,2142083300.0,0.0,0.04675586246583226,False,2.090076251373697,153.0,137.0,161.5,False,0.05555555555555558,0.04555555555555558
frr1_basic_deleveraging,2025-03,2025-04-11,3,2025-04-16,2025-05-15,20,otc,5439,高技,電子零組件業,1.8947529123804139,-0.07165109034267914,2142083300.0,0.0,0.04675586246583226,False,2.090076251373697,153.0,137.0,189.0,False,0.23529411764705888,0.22529411764705887
frr1_basic_deleveraging,2025-05,2025-06-11,1,2025-06-12,2025-06-26,10,otc,5439,高技,電子零組件業,1.3838428363120008,0.2197802197802199,2841969675.0,0.0,0.04675586246583226,True,1.6287486007962249,222.0,211.0,223.0,False,0.0045045045045044585,-0.005495495495495542
frr1_basic_deleveraging,2025-05,2025-06-11,1,2025-06-12,2025-07-03,15,otc,5439,高技,電子零組件業,1.3838428363120008,0.2197802197802199,2841969675.0,0.0,0.04675586246583226,True,1.6287486007962249,222.0,211.0,241.0,False,0.0855855855855856,0.0755855855855856
frr1_basic_deleveraging,2025-05,2025-06-11,1,2025-06-12,2025-07-10,20,otc,5439,高技,電子零組件業,1.3838428363120008,0.2197802197802199,2841969675.0,0.0,0.04675586246583226,True,1.6287486007962249,222.0,211.0,240.0,False,0.08108108108108114,0.07108108108108115
frr1_basic_deleveraging,2025-05,2025-06-11,2,2025-06-13,2025-06-27,10,otc,5439,高技,電子零組件業,1.3838428363120008,0.2197802197802199,2841969675.0,0.0,0.04675586246583226,True,1.6287486007962249,208.0,206.0,240.0,False,0.15384615384615374,0.14384615384615373
frr1_basic_deleveraging,2025-05,2025-06-11,2,2025-06-13,2025-07-04,15,otc,5439,高技,電子零組件業,1.3838428363120008,0.2197802197802199,2841969675.0,0.0,0.04675586246583226,True,1.6287486007962249,208.0,206.0,243.0,False,0.16826923076923084,0.15826923076923083
frr1_basic_deleveraging,2025-05,2025-06-11,2,2025-06-13,2025-07-11,20,otc,5439,高技,電子零組件業,1.3838428363120008,0.2197802197802199,2841969675.0,0.0,0.04675586246583226,True,1.6287486007962249,208.0,206.0,236.0,False,0.13461538461538458,0.12461538461538459
frr1_basic_deleveraging,2025-05,2025-06-11,3,2025-06-16,2025-06-30,10,otc,5439,高技,電子零組件業,1.3838428363120008,0.2197802197802199,2841969675.0,0.0,0.04675586246583226,True,1.6287486007962249,205.0,207.0,238.5,False,0.1634146341463414,0.15341463414634138
frr1_basic_deleveraging,2025-05,2025-06-11,3,2025-06-16,2025-07-07,15,otc,5439,高技,電子零組件業,1.3838428363120008,0.2197802197802199,2841969675.0,0.0,0.04675586246583226,True,1.6287486007962249,205.0,207.0,229.0,False,0.11707317073170742,0.10707317073170743
frr1_basic_deleveraging,2025-05,2025-06-11,3,2025-06-16,2025-07-14,20,otc,5439,高技,電子零組件業,1.3838428363120008,0.2197802197802199,2841969675.0,0.0,0.04675586246583226,True,1.6287486007962249,205.0,207.0,228.0,False,0.11219512195121961,0.10219512195121962
frr1_basic_deleveraging,2025-06,2025-07-11,1,2025-07-14,2025-07-28,10,otc,4721,美琪瑪,化學工業,1.8898415474475747,0.17999999999999994,98751875.0,0.0,0.1487644982349975,True,2.6555324211158817,71.5,70.6,84.8,False,0.186013986013986,0.176013986013986
frr1_basic_deleveraging,2025-06,2025-07-11,1,2025-07-14,2025-08-04,15,otc,4721,美琪瑪,化學工業,1.8898415474475747,0.17999999999999994,98751875.0,0.0,0.1487644982349975,True,2.6555324211158817,71.5,70.6,82.8,False,0.15804195804195809,0.14804195804195808
frr1_basic_deleveraging,2025-06,2025-07-11,1,2025-07-14,2025-08-11,20,otc,4721,美琪瑪,化學工業,1.8898415474475747,0.17999999999999994,98751875.0,0.0,0.1487644982349975,True,2.6555324211158817,71.5,70.6,80.0,False,0.11888111888111896,0.10888111888111897
frr1_basic_deleveraging,2025-06,2025-07-11,2,2025-07-15,2025-07-29,10,otc,4721,美琪瑪,化學工業,1.8898415474475747,0.17999999999999994,98751875.0,0.0,0.1487644982349975,True,2.6555324211158817,71.0,70.5,82.7,False,0.1647887323943662,0.1547887323943662
frr1_basic_deleveraging,2025-06,2025-07-11,2,2025-07-15,2025-08-05,15,otc,4721,美琪瑪,化學工業,1.8898415474475747,0.17999999999999994,98751875.0,0.0,0.1487644982349975,True,2.6555324211158817,71.0,70.5,82.7,False,0.1647887323943662,0.1547887323943662
frr1_basic_deleveraging,2025-06,2025-07-11,2,2025-07-15,2025-08-12,20,otc,4721,美琪瑪,化學工業,1.8898415474475747,0.17999999999999994,98751875.0,0.0,0.1487644982349975,True,2.6555324211158817,71.0,70.5,80.4,False,0.13239436619718314,0.12239436619718315
frr1_basic_deleveraging,2025-06,2025-07-11,3,2025-07-16,2025-07-30,10,otc,4721,美琪瑪,化學工業,1.8898415474475747,0.17999999999999994,98751875.0,0.0,0.1487644982349975,True,2.6555324211158817,68.9,72.5,81.8,False,0.18722786647314926,0.17722786647314925
frr1_basic_deleveraging,2025-06,2025-07-11,3,2025-07-16,2025-08-06,15,otc,4721,美琪瑪,化學工業,1.8898415474475747,0.17999999999999994,98751875.0,0.0,0.1487644982349975,True,2.6555324211158817,68.9,72.5,87.5,False,0.2699564586357037,0.2599564586357037
frr1_basic_deleveraging,2025-06,2025-07-11,3,2025-07-16,2025-08-13,20,otc,4721,美琪瑪,化學工業,1.8898415474475747,0.17999999999999994,98751875.0,0.0,0.1487644982349975,True,2.6555324211158817,68.9,72.5,85.3,False,0.23802612481857754,0.22802612481857754
frr1_basic_deleveraging,2025-06,2025-07-11,1,2025-07-14,2025-07-28,10,otc,3260,威剛,半導體業,1.5739401080784858,-0.010449320794148398,793720690.0,0.0,0.12465430291198959,True,1.4536109696778923,90.4,90.0,91.3,False,0.009955752212389202,-4.424778761079849e-05
frr1_basic_deleveraging,2025-06,2025-07-11,1,2025-07-14,2025-08-04,15,otc,3260,威剛,半導體業,1.5739401080784858,-0.010449320794148398,793720690.0,0.0,0.12465430291198959,True,1.4536109696778923,90.4,90.0,92.0,False,0.017699115044247815,0.007699115044247815
frr1_basic_deleveraging,2025-06,2025-07-11,1,2025-07-14,2025-08-11,20,otc,3260,威剛,半導體業,1.5739401080784858,-0.010449320794148398,793720690.0,0.0,0.12465430291198959,True,1.4536109696778923,90.4,90.0,93.4,False,0.0331858407079646,0.023185840707964596
frr1_basic_deleveraging,2025-06,2025-07-11,2,2025-07-15,2025-07-29,10,otc,3260,威剛,半導體業,1.5739401080784858,-0.010449320794148398,793720690.0,0.0,0.12465430291198959,True,1.4536109696778923,90.2,90.7,91.0,False,0.008869179600886845,-0.0011308203991131551
frr1_basic_deleveraging,2025-06,2025-07-11,2,2025-07-15,2025-08-05,15,otc,3260,威剛,半導體業,1.5739401080784858,-0.010449320794148398,793720690.0,0.0,0.12465430291198959,True,1.4536109696778923,90.2,90.7,93.2,False,0.03325942350332589,0.02325942350332589
frr1_basic_deleveraging,2025-06,2025-07-11,2,2025-07-15,2025-08-12,20,otc,3260,威剛,半導體業,1.5739401080784858,-0.010449320794148398,793720690.0,0.0,0.12465430291198959,True,1.4536109696778923,90.2,90.7,95.5,False,0.058758314855875904,0.0487583148558759
frr1_basic_deleveraging,2025-06,2025-07-11,3,2025-07-16,2025-07-30,10,otc,3260,威剛,半導體業,1.5739401080784858,-0.010449320794148398,793720690.0,0.0,0.12465430291198959,True,1.4536109696778923,94.5,91.7,92.0,False,-0.02645502645502651,-0.03645502645502651
frr1_basic_deleveraging,2025-06,2025-07-11,3,2025-07-16,2025-08-06,15,otc,3260,威剛,半導體業,1.5739401080784858,-0.010449320794148398,793720690.0,0.0,0.12465430291198959,True,1.4536109696778923,94.5,91.7,92.4,False,-0.022222222222222143,-0.032222222222222145
frr1_basic_deleveraging,2025-06,2025-07-11,3,2025-07-16,2025-08-13,20,otc,3260,威剛,半導體業,1.5739401080784858,-0.010449320794148398,793720690.0,0.0,0.12465430291198959,True,1.4536109696778923,94.5,91.7,95.3,False,0.00846560846560851,-0.0015343915343914907
frr1_basic_deleveraging,2025-06,2025-07-11,1,2025-07-14,2025-07-28,10,otc,5439,高技,電子零組件業,1.3570667198775286,0.14563106796116498,2451906650.0,0.0,0.04675586246583226,False,1.2086522660259393,236.0,228.0,251.0,False,0.06355932203389836,0.053559322033898356
frr1_basic_deleveraging,2025-06,2025-07-11,1,2025-07-14,2025-08-04,15,otc,5439,高技,電子零組件業,1.3570667198775286,0.14563106796116498,2451906650.0,0.0,0.04675586246583226,False,1.2086522660259393,236.0,228.0,255.5,False,0.08262711864406769,0.07262711864406769
frr1_basic_deleveraging,2025-06,2025-07-11,1,2025-07-14,2025-08-11,20,otc,5439,高技,電子零組件業,1.3570667198775286,0.14563106796116498,2451906650.0,0.0,0.04675586246583226,False,1.2086522660259393,236.0,228.0,281.5,False,0.19279661016949157,0.18279661016949156
frr1_basic_deleveraging,2025-06,2025-07-11,2,2025-07-15,2025-07-29,10,otc,5439,高技,電子零組件業,1.3570667198775286,0.14563106796116498,2451906650.0,0.0,0.04675586246583226,False,1.2086522660259393,229.0,232.0,250.0,False,0.09170305676855905,0.08170305676855906
frr1_basic_deleveraging,2025-06,2025-07-11,2,2025-07-15,2025-08-05,15,otc,5439,高技,電子零組件業,1.3570667198775286,0.14563106796116498,2451906650.0,0.0,0.04675586246583226,False,1.2086522660259393,229.0,232.0,252.0,False,0.10043668122270732,0.09043668122270733
frr1_basic_deleveraging,2025-06,2025-07-11,2,2025-07-15,2025-08-12,20,otc,5439,高技,電子零組件業,1.3570667198775286,0.14563106796116498,2451906650.0,0.0,0.04675586246583226,False,1.2086522660259393,229.0,232.0,286.0,False,0.24890829694323147,0.23890829694323146
frr1_basic_deleveraging,2025-06,2025-07-11,3,2025-07-16,2025-07-30,10,otc,5439,高技,電子零組件業,1.3570667198775286,0.14563106796116498,2451906650.0,0.0,0.04675586246583226,False,1.2086522660259393,232.0,231.5,261.0,False,0.125,0.115
frr1_basic_deleveraging,2025-06,2025-07-11,3,2025-07-16,2025-08-06,15,otc,5439,高技,電子零組件業,1.3570667198775286,0.14563106796116498,2451906650.0,0.0,0.04675586246583226,False,1.2086522660259393,232.0,231.5,248.0,False,0.06896551724137923,0.058965517241379224
frr1_basic_deleveraging,2025-06,2025-07-11,3,2025-07-16,2025-08-13,20,otc,5439,高技,電子零組件業,1.3570667198775286,0.14563106796116498,2451906650.0,0.0,0.04675586246583226,False,1.2086522660259393,232.0,231.5,269.5,False,0.16163793103448265,0.15163793103448264
frr1_basic_deleveraging,2024-06,2024-07-11,1,2024-07-12,2024-07-30,10,otc,8358,金居,電子零組件業,1.9426903671724554,0.06666666666666665,435593540.0,0.0,0.06412897908725662,True,1.1725401900716466,73.7,75.2,64.5,False,-0.12483039348710989,-0.1348303934871099
frr1_basic_deleveraging,2024-06,2024-07-11,1,2024-07-12,2024-08-06,15,otc,8358,金居,電子零組件業,1.9426903671724554,0.06666666666666665,435593540.0,0.0,0.06412897908725662,True,1.1725401900716466,73.7,75.2,58.1,False,-0.21166892808683857,-0.22166892808683858
frr1_basic_deleveraging,2024-06,2024-07-11,1,2024-07-12,2024-08-13,20,otc,8358,金居,電子零組件業,1.9426903671724554,0.06666666666666665,435593540.0,0.0,0.06412897908725662,True,1.1725401900716466,73.7,75.2,61.8,False,-0.16146540027137046,-0.17146540027137047
frr1_basic_deleveraging,2024-06,2024-07-11,2,2024-07-15,2024-07-31,10,otc,8358,金居,電子零組件業,1.9426903671724554,0.06666666666666665,435593540.0,0.0,0.06412897908725662,True,1.1725401900716466,76.5,73.0,64.7,False,-0.1542483660130719,-0.1642483660130719
frr1_basic_deleveraging,2024-06,2024-07-11,2,2024-07-15,2024-08-07,15,otc,8358,金居,電子零組件業,1.9426903671724554,0.06666666666666665,435593540.0,0.0,0.06412897908725662,True,1.1725401900716466,76.5,73.0,60.7,False,-0.20653594771241823,-0.21653594771241824
frr1_basic_deleveraging,2024-06,2024-07-11,2,2024-07-15,2024-08-14,20,otc,8358,金居,電子零組件業,1.9426903671724554,0.06666666666666665,435593540.0,0.0,0.06412897908725662,True,1.1725401900716466,76.5,73.0,62.0,False,-0.1895424836601307,-0.19954248366013072
frr1_basic_deleveraging,2024-06,2024-07-11,3,2024-07-16,2024-08-01,10,otc,8358,金居,電子零組件業,1.9426903671724554,0.06666666666666665,435593540.0,0.0,0.06412897908725662,True,1.1725401900716466,73.0,72.7,67.2,False,-0.07945205479452055,-0.08945205479452055
frr1_basic_deleveraging,2024-06,2024-07-11,3,2024-07-16,2024-08-08,15,otc,8358,金居,電子零組件業,1.9426903671724554,0.06666666666666665,435593540.0,0.0,0.06412897908725662,True,1.1725401900716466,73.0,72.7,60.0,False,-0.17808219178082196,-0.18808219178082197
frr1_basic_deleveraging,2024-06,2024-07-11,3,2024-07-16,2024-08-15,20,otc,8358,金居,電子零組件業,1.9426903671724554,0.06666666666666665,435593540.0,0.0,0.06412897908725662,True,1.1725401900716466,73.0,72.7,61.9,False,-0.15205479452054793,-0.16205479452054794
frr1_basic_deleveraging,2024-06,2024-07-11,1,2024-07-12,2024-07-30,10,otc,8155,博智,電子零組件業,1.731668279781197,-0.055374592833876246,71202850.0,0.0,0.152114390021296,True,0.4886114038446357,145.5,141.5,130.0,False,-0.10652920962199308,-0.11652920962199308
frr1_basic_deleveraging,2024-06,2024-07-11,1,2024-07-12,2024-08-06,15,otc,8155,博智,電子零組件業,1.731668279781197,-0.055374592833876246,71202850.0,0.0,0.152114390021296,True,0.4886114038446357,145.5,141.5,109.5,False,-0.24742268041237114,-0.25742268041237115
frr1_basic_deleveraging,2024-06,2024-07-11,1,2024-07-12,2024-08-13,20,otc,8155,博智,電子零組件業,1.731668279781197,-0.055374592833876246,71202850.0,0.0,0.152114390021296,True,0.4886114038446357,145.5,141.5,114.5,False,-0.21305841924398627,-0.22305841924398628
frr1_basic_deleveraging,2024-06,2024-07-11,2,2024-07-15,2024-07-31,10,otc,8155,博智,電子零組件業,1.731668279781197,-0.055374592833876246,71202850.0,0.0,0.152114390021296,True,0.4886114038446357,144.0,141.5,130.0,False,-0.09722222222222221,-0.1072222222222222
frr1_basic_deleveraging,2024-06,2024-07-11,2,2024-07-15,2024-08-07,15,otc,8155,博智,電子零組件業,1.731668279781197,-0.055374592833876246,71202850.0,0.0,0.152114390021296,True,0.4886114038446357,144.0,141.5,114.0,False,-0.20833333333333337,-0.21833333333333338
frr1_basic_deleveraging,2024-06,2024-07-11,2,2024-07-15,2024-08-14,20,otc,8155,博智,電子零組件業,1.731668279781197,-0.055374592833876246,71202850.0,0.0,0.152114390021296,True,0.4886114038446357,144.0,141.5,115.5,False,-0.19791666666666663,-0.20791666666666664
frr1_basic_deleveraging,2024-06,2024-07-11,3,2024-07-16,2024-08-01,10,otc,8155,博智,電子零組件業,1.731668279781197,-0.055374592833876246,71202850.0,0.0,0.152114390021296,True,0.4886114038446357,143.5,144.0,137.0,False,-0.04529616724738672,-0.05529616724738672
frr1_basic_deleveraging,2024-06,2024-07-11,3,2024-07-16,2024-08-08,15,otc,8155,博智,電子零組件業,1.731668279781197,-0.055374592833876246,71202850.0,0.0,0.152114390021296,True,0.4886114038446357,143.5,144.0,110.5,False,-0.22996515679442509,-0.2399651567944251
frr1_basic_deleveraging,2024-06,2024-07-11,3,2024-07-16,2024-08-15,20,otc,8155,博智,電子零組件業,1.731668279781197,-0.055374592833876246,71202850.0,0.0,0.152114390021296,True,0.4886114038446357,143.5,144.0,116.0,False,-0.19163763066202089,-0.2016376306620209
frr1_basic_deleveraging,2024-06,2024-07-11,1,2024-07-12,2024-07-30,10,otc,3680,家登,半導體業,1.3136092550832923,0.23181818181818192,880818550.0,0.0,0.1508204633204633,True,1.1849538248703695,528.0,522.0,463.0,False,-0.12310606060606055,-0.13310606060606056
frr1_basic_deleveraging,2024-06,2024-07-11,1,2024-07-12,2024-08-06,15,otc,3680,家登,半導體業,1.3136092550832923,0.23181818181818192,880818550.0,0.0,0.1508204633204633,True,1.1849538248703695,528.0,522.0,447.0,False,-0.15340909090909094,-0.16340909090909095
frr1_basic_deleveraging,2024-06,2024-07-11,1,2024-07-12,2024-08-13,20,otc,3680,家登,半導體業,1.3136092550832923,0.23181818181818192,880818550.0,0.0,0.1508204633204633,True,1.1849538248703695,528.0,522.0,512.0,False,-0.030303030303030276,-0.04030303030303028
frr1_basic_deleveraging,2024-06,2024-07-11,2,2024-07-15,2024-07-31,10,otc,3680,家登,半導體業,1.3136092550832923,0.23181818181818192,880818550.0,0.0,0.1508204633204633,True,1.1849538248703695,527.0,527.0,456.5,False,-0.13377609108159394,-0.14377609108159395
frr1_basic_deleveraging,2024-06,2024-07-11,2,2024-07-15,2024-08-07,15,otc,3680,家登,半導體業,1.3136092550832923,0.23181818181818192,880818550.0,0.0,0.1508204633204633,True,1.1849538248703695,527.0,527.0,466.0,False,-0.11574952561669827,-0.12574952561669828
frr1_basic_deleveraging,2024-06,2024-07-11,2,2024-07-15,2024-08-14,20,otc,3680,家登,半導體業,1.3136092550832923,0.23181818181818192,880818550.0,0.0,0.1508204633204633,True,1.1849538248703695,527.0,527.0,519.0,False,-0.015180265654648917,-0.02518026565464892
frr1_basic_deleveraging,2024-06,2024-07-11,3,2024-07-16,2024-08-01,10,otc,3680,家登,半導體業,1.3136092550832923,0.23181818181818192,880818550.0,0.0,0.1508204633204633,True,1.1849538248703695,525.0,516.0,485.0,False,-0.07619047619047614,-0.08619047619047614
frr1_basic_deleveraging,2024-06,2024-07-11,3,2024-07-16,2024-08-08,15,otc,3680,家登,半導體業,1.3136092550832923,0.23181818181818192,880818550.0,0.0,0.1508204633204633,True,1.1849538248703695,525.0,516.0,450.0,False,-0.1428571428571429,-0.1528571428571429
frr1_basic_deleveraging,2024-06,2024-07-11,3,2024-07-16,2024-08-15,20,otc,3680,家登,半導體業,1.3136092550832923,0.23181818181818192,880818550.0,0.0,0.1508204633204633,True,1.1849538248703695,525.0,516.0,520.0,False,-0.00952380952380949,-0.019523809523809492
frr1_basic_deleveraging,2024-07,2024-08-12,1,2024-08-13,2024-08-27,10,otc,5386,青雲,電腦及週邊設備業,1.6731359983702987,0.06685633001422486,113463110.0,0.0,0.1388888888888889,True,0.8313360503821557,75.3,78.4,100.0,False,0.3280212483399736,0.3180212483399736
frr1_basic_deleveraging,2024-07,2024-08-12,1,2024-08-13,2024-09-03,15,otc,5386,青雲,電腦及週邊設備業,1.6731359983702987,0.06685633001422486,113463110.0,0.0,0.1388888888888889,True,0.8313360503821557,75.3,78.4,99.4,False,0.32005312084993376,0.31005312084993375
frr1_basic_deleveraging,2024-07,2024-08-12,1,2024-08-13,2024-09-10,20,otc,5386,青雲,電腦及週邊設備業,1.6731359983702987,0.06685633001422486,113463110.0,0.0,0.1388888888888889,True,0.8313360503821557,75.3,78.4,85.2,False,0.13147410358565748,0.12147410358565748
frr1_basic_deleveraging,2024-07,2024-08-12,2,2024-08-14,2024-08-28,10,otc,5386,青雲,電腦及週邊設備業,1.6731359983702987,0.06685633001422486,113463110.0,0.0,0.1388888888888889,True,0.8313360503821557,78.5,81.7,101.5,False,0.29299363057324834,0.28299363057324833
frr1_basic_deleveraging,2024-07,2024-08-12,2,2024-08-14,2024-09-04,15,otc,5386,青雲,電腦及週邊設備業,1.6731359983702987,0.06685633001422486,113463110.0,0.0,0.1388888888888889,True,0.8313360503821557,78.5,81.7,89.5,False,0.14012738853503182,0.1301273885350318
frr1_basic_deleveraging,2024-07,2024-08-12,2,2024-08-14,2024-09-11,20,otc,5386,青雲,電腦及週邊設備業,1.6731359983702987,0.06685633001422486,113463110.0,0.0,0.1388888888888889,True,0.8313360503821557,78.5,81.7,85.0,False,0.08280254777070062,0.07280254777070062
frr1_basic_deleveraging,2024-07,2024-08-12,3,2024-08-15,2024-08-29,10,otc,5386,青雲,電腦及週邊設備業,1.6731359983702987,0.06685633001422486,113463110.0,0.0,0.1388888888888889,True,0.8313360503821557,81.7,83.2,111.5,False,0.3647490820073438,0.3547490820073438
frr1_basic_deleveraging,2024-07,2024-08-12,3,2024-08-15,2024-09-05,15,otc,5386,青雲,電腦及週邊設備業,1.6731359983702987,0.06685633001422486,113463110.0,0.0,0.1388888888888889,True,0.8313360503821557,81.7,83.2,86.0,False,0.05263157894736836,0.04263157894736836
frr1_basic_deleveraging,2024-07,2024-08-12,3,2024-08-15,2024-09-12,20,otc,5386,青雲,電腦及週邊設備業,1.6731359983702987,0.06685633001422486,113463110.0,0.0,0.1388888888888889,True,0.8313360503821557,81.7,83.2,88.6,False,0.0844553243574051,0.07445532435740511
frr1_basic_deleveraging,2024-07,2024-08-12,1,2024-08-13,2024-08-27,10,otc,8358,金居,電子零組件業,1.4275656527842988,-0.18484042553191493,475157110.0,0.0,0.06412897908725662,True,1.0845307515473948,61.5,61.8,63.9,False,0.039024390243902474,0.029024390243902472
frr1_basic_deleveraging,2024-07,2024-08-12,1,2024-08-13,2024-09-03,15,otc,8358,金居,電子零組件業,1.4275656527842988,-0.18484042553191493,475157110.0,0.0,0.06412897908725662,True,1.0845307515473948,61.5,61.8,64.0,False,0.04065040650406515,0.03065040650406515
frr1_basic_deleveraging,2024-07,2024-08-12,1,2024-08-13,2024-09-10,20,otc,8358,金居,電子零組件業,1.4275656527842988,-0.18484042553191493,475157110.0,0.0,0.06412897908725662,True,1.0845307515473948,61.5,61.8,59.8,False,-0.02764227642276429,-0.03764227642276429
frr1_basic_deleveraging,2024-07,2024-08-12,2,2024-08-14,2024-08-28,10,otc,8358,金居,電子零組件業,1.4275656527842988,-0.18484042553191493,475157110.0,0.0,0.06412897908725662,True,1.0845307515473948,62.3,62.0,63.7,False,0.022471910112359605,0.012471910112359605
frr1_basic_deleveraging,2024-07,2024-08-12,2,2024-08-14,2024-09-04,15,otc,8358,金居,電子零組件業,1.4275656527842988,-0.18484042553191493,475157110.0,0.0,0.06412897908725662,True,1.0845307515473948,62.3,62.0,60.3,False,-0.0321027287319422,-0.0421027287319422
frr1_basic_deleveraging,2024-07,2024-08-12,2,2024-08-14,2024-09-11,20,otc,8358,金居,電子零組件業,1.4275656527842988,-0.18484042553191493,475157110.0,0.0,0.06412897908725662,True,1.0845307515473948,62.3,62.0,59.7,False,-0.04173354735152479,-0.05173354735152479
frr1_basic_deleveraging,2024-07,2024-08-12,3,2024-08-15,2024-08-29,10,otc,8358,金居,電子零組件業,1.4275656527842988,-0.18484042553191493,475157110.0,0.0,0.06412897908725662,True,1.0845307515473948,62.4,61.9,63.8,False,0.022435897435897356,0.012435897435897356
frr1_basic_deleveraging,2024-07,2024-08-12,3,2024-08-15,2024-09-05,15,otc,8358,金居,電子零組件業,1.4275656527842988,-0.18484042553191493,475157110.0,0.0,0.06412897908725662,True,1.0845307515473948,62.4,61.9,60.7,False,-0.027243589743589647,-0.03724358974358965
frr1_basic_deleveraging,2024-07,2024-08-12,3,2024-08-15,2024-09-12,20,otc,8358,金居,電子零組件業,1.4275656527842988,-0.18484042553191493,475157110.0,0.0,0.06412897908725662,True,1.0845307515473948,62.4,61.9,60.6,False,-0.028846153846153855,-0.03884615384615386
frr1_basic_deleveraging,2024-08,2024-09-11,1,2024-09-12,2024-09-27,10,otc,5386,青雲,電腦及週邊設備業,1.4367291668336528,0.04039167686658507,353799370.0,0.0,0.1388888888888889,False,2.441128928233131,87.5,88.6,86.0,False,-0.017142857142857126,-0.02714285714285713
frr1_basic_deleveraging,2024-08,2024-09-11,1,2024-09-12,2024-10-08,15,otc,5386,青雲,電腦及週邊設備業,1.4367291668336528,0.04039167686658507,353799370.0,0.0,0.1388888888888889,False,2.441128928233131,87.5,88.6,99.8,False,0.14057142857142857,0.13057142857142856
frr1_basic_deleveraging,2024-08,2024-09-11,1,2024-09-12,2024-10-16,20,otc,5386,青雲,電腦及週邊設備業,1.4367291668336528,0.04039167686658507,353799370.0,0.0,0.1388888888888889,False,2.441128928233131,87.5,88.6,88.5,False,0.011428571428571344,0.0014285714285713434
frr1_basic_deleveraging,2024-08,2024-09-11,2,2024-09-13,2024-09-30,10,otc,5386,青雲,電腦及週邊設備業,1.4367291668336528,0.04039167686658507,353799370.0,0.0,0.1388888888888889,False,2.441128928233131,88.6,91.0,86.9,False,-0.01918735891647838,-0.029187358916478383
frr1_basic_deleveraging,2024-08,2024-09-11,2,2024-09-13,2024-10-09,15,otc,5386,青雲,電腦及週邊設備業,1.4367291668336528,0.04039167686658507,353799370.0,0.0,0.1388888888888889,False,2.441128928233131,88.6,91.0,93.4,False,0.05417607223476306,0.04417607223476306
frr1_basic_deleveraging,2024-08,2024-09-11,2,2024-09-13,2024-10-17,20,otc,5386,青雲,電腦及週邊設備業,1.4367291668336528,0.04039167686658507,353799370.0,0.0,0.1388888888888889,False,2.441128928233131,88.6,91.0,90.1,False,0.016930022573363512,0.006930022573363512
frr1_basic_deleveraging,2024-08,2024-09-11,3,2024-09-16,2024-10-01,10,otc,5386,青雲,電腦及週邊設備業,1.4367291668336528,0.04039167686658507,353799370.0,0.0,0.1388888888888889,False,2.441128928233131,91.6,89.2,86.3,False,-0.05786026200873362,-0.06786026200873362
frr1_basic_deleveraging,2024-08,2024-09-11,3,2024-09-16,2024-10-11,15,otc,5386,青雲,電腦及週邊設備業,1.4367291668336528,0.04039167686658507,353799370.0,0.0,0.1388888888888889,False,2.441128928233131,91.6,89.2,89.5,False,-0.022925764192139653,-0.032925764192139655
frr1_basic_deleveraging,2024-08,2024-09-11,3,2024-09-16,2024-10-18,20,otc,5386,青雲,電腦及週邊設備業,1.4367291668336528,0.04039167686658507,353799370.0,0.0,0.1388888888888889,False,2.441128928233131,91.6,89.2,87.5,False,-0.04475982532751088,-0.054759825327510885
frr1_basic_deleveraging,2024-01,2024-02-15,1,2024-02-16,2024-03-04,10,otc,3402,漢科,其他電子業,1.8076037151831241,0.1863013698630136,79761575.0,0.0,0.04659498207885305,True,1.5652361748255395,88.9,92.0,95.3,False,0.07199100112485923,0.06199100112485923
frr1_basic_deleveraging,2024-01,2024-02-15,1,2024-02-16,2024-03-11,15,otc,3402,漢科,其他電子業,1.8076037151831241,0.1863013698630136,79761575.0,0.0,0.04659498207885305,True,1.5652361748255395,88.9,92.0,93.0,False,0.046119235095613,0.036119235095612996
frr1_basic_deleveraging,2024-01,2024-02-15,1,2024-02-16,2024-03-18,20,otc,3402,漢科,其他電子業,1.8076037151831241,0.1863013698630136,79761575.0,0.0,0.04659498207885305,True,1.5652361748255395,88.9,92.0,91.4,False,0.028121484814398245,0.018121484814398243
frr1_basic_deleveraging,2024-01,2024-02-15,2,2024-02-19,2024-03-05,10,otc,3402,漢科,其他電子業,1.8076037151831241,0.1863013698630136,79761575.0,0.0,0.04659498207885305,True,1.5652361748255395,90.4,87.7,95.5,False,0.05641592920353977,0.04641592920353977
frr1_basic_deleveraging,2024-01,2024-02-15,2,2024-02-19,2024-03-12,15,otc,3402,漢科,其他電子業,1.8076037151831241,0.1863013698630136,79761575.0,0.0,0.04659498207885305,True,1.5652361748255395,90.4,87.7,94.5,False,0.04535398230088483,0.03535398230088483
frr1_basic_deleveraging,2024-01,2024-02-15,2,2024-02-19,2024-03-19,20,otc,3402,漢科,其他電子業,1.8076037151831241,0.1863013698630136,79761575.0,0.0,0.04659498207885305,True,1.5652361748255395,90.4,87.7,93.1,False,0.02986725663716805,0.019867256637168047
frr1_basic_deleveraging,2024-01,2024-02-15,3,2024-02-20,2024-03-06,10,otc,3402,漢科,其他電子業,1.8076037151831241,0.1863013698630136,79761575.0,0.0,0.04659498207885305,True,1.5652361748255395,87.9,88.0,96.9,False,0.10238907849829348,0.09238907849829349
frr1_basic_deleveraging,2024-01,2024-02-15,3,2024-02-20,2024-03-13,15,otc,3402,漢科,其他電子業,1.8076037151831241,0.1863013698630136,79761575.0,0.0,0.04659498207885305,True,1.5652361748255395,87.9,88.0,91.3,False,0.03868031854379961,0.028680318543799606
frr1_basic_deleveraging,2024-01,2024-02-15,3,2024-02-20,2024-03-20,20,otc,3402,漢科,其他電子業,1.8076037151831241,0.1863013698630136,79761575.0,0.0,0.04659498207885305,True,1.5652361748255395,87.9,88.0,91.7,False,0.04323094425483509,0.03323094425483509
frr1_basic_deleveraging,2024-01,2024-02-15,1,2024-02-16,2024-03-04,10,otc,5351,鈺創,半導體業,1.5684283094474767,-0.05175781250000011,507226135.0,0.0,0.21462043111527648,True,1.0414179434685087,49.5,50.8,52.7,False,0.06464646464646462,0.05464646464646462
frr1_basic_deleveraging,2024-01,2024-02-15,1,2024-02-16,2024-03-11,15,otc,5351,鈺創,半導體業,1.5684283094474767,-0.05175781250000011,507226135.0,0.0,0.21462043111527648,True,1.0414179434685087,49.5,50.8,51.0,False,0.030303030303030276,0.020303030303030274
frr1_basic_deleveraging,2024-01,2024-02-15,1,2024-02-16,2024-03-18,20,otc,5351,鈺創,半導體業,1.5684283094474767,-0.05175781250000011,507226135.0,0.0,0.21462043111527648,True,1.0414179434685087,49.5,50.8,48.6,False,-0.018181818181818188,-0.02818181818181819
frr1_basic_deleveraging,2024-01,2024-02-15,2,2024-02-19,2024-03-05,10,otc,5351,鈺創,半導體業,1.5684283094474767,-0.05175781250000011,507226135.0,0.0,0.21462043111527648,True,1.0414179434685087,50.6,51.3,51.4,False,0.015810276679841806,0.005810276679841806
frr1_basic_deleveraging,2024-01,2024-02-15,2,2024-02-19,2024-03-12,15,otc,5351,鈺創,半導體業,1.5684283094474767,-0.05175781250000011,507226135.0,0.0,0.21462043111527648,True,1.0414179434685087,50.6,51.3,51.0,False,0.007905138339920903,-0.0020948616600790972
frr1_basic_deleveraging,2024-01,2024-02-15,2,2024-02-19,2024-03-19,20,otc,5351,鈺創,半導體業,1.5684283094474767,-0.05175781250000011,507226135.0,0.0,0.21462043111527648,True,1.0414179434685087,50.6,51.3,48.6,False,-0.03952569169960474,-0.04952569169960474
frr1_basic_deleveraging,2024-01,2024-02-15,3,2024-02-20,2024-03-06,10,otc,5351,鈺創,半導體業,1.5684283094474767,-0.05175781250000011,507226135.0,0.0,0.21462043111527648,True,1.0414179434685087,51.8,52.6,50.6,False,-0.02316602316602312,-0.03316602316602312
frr1_basic_deleveraging,2024-01,2024-02-15,3,2024-02-20,2024-03-13,15,otc,5351,鈺創,半導體業,1.5684283094474767,-0.05175781250000011,507226135.0,0.0,0.21462043111527648,True,1.0414179434685087,51.8,52.6,49.05,False,-0.05308880308880304,-0.06308880308880303
frr1_basic_deleveraging,2024-01,2024-02-15,3,2024-02-20,2024-03-20,20,otc,5351,鈺創,半導體業,1.5684283094474767,-0.05175781250000011,507226135.0,0.0,0.21462043111527648,True,1.0414179434685087,51.8,52.6,50.2,False,-0.030888030888030826,-0.04088803088803083
frr1_basic_deleveraging,2024-01,2024-02-15,1,2024-02-16,2024-03-04,10,otc,6811,宏硌穈T,數位雲端,1.3590115076734355,0.02076124567474058,88817475.0,0.0,0.21352313167259787,True,0.48522108247750045,294.0,297.0,331.0,False,0.12585034013605445,0.11585034013605446
frr1_basic_deleveraging,2024-01,2024-02-15,1,2024-02-16,2024-03-11,15,otc,6811,宏硌穈T,數位雲端,1.3590115076734355,0.02076124567474058,88817475.0,0.0,0.21352313167259787,True,0.48522108247750045,294.0,297.0,294.0,False,0.0,-0.01
frr1_basic_deleveraging,2024-01,2024-02-15,1,2024-02-16,2024-03-18,20,otc,6811,宏硌穈T,數位雲端,1.3590115076734355,0.02076124567474058,88817475.0,0.0,0.21352313167259787,True,0.48522108247750045,294.0,297.0,292.5,False,-0.005102040816326481,-0.015102040816326481
frr1_basic_deleveraging,2024-01,2024-02-15,2,2024-02-19,2024-03-05,10,otc,6811,宏硌穈T,數位雲端,1.3590115076734355,0.02076124567474058,88817475.0,0.0,0.21352313167259787,True,0.48522108247750045,299.0,307.0,322.0,False,0.07692307692307687,0.06692307692307688
frr1_basic_deleveraging,2024-01,2024-02-15,2,2024-02-19,2024-03-12,15,otc,6811,宏硌穈T,數位雲端,1.3590115076734355,0.02076124567474058,88817475.0,0.0,0.21352313167259787,True,0.48522108247750045,299.0,307.0,298.5,False,-0.0016722408026755842,-0.011672240802675584
frr1_basic_deleveraging,2024-01,2024-02-15,2,2024-02-19,2024-03-19,20,otc,6811,宏硌穈T,數位雲端,1.3590115076734355,0.02076124567474058,88817475.0,0.0,0.21352313167259787,True,0.48522108247750045,299.0,307.0,296.5,False,-0.00836120401337792,-0.018361204013377923
frr1_basic_deleveraging,2024-01,2024-02-15,3,2024-02-20,2024-03-06,10,otc,6811,宏硌穈T,數位雲端,1.3590115076734355,0.02076124567474058,88817475.0,0.0,0.21352313167259787,True,0.48522108247750045,312.5,337.5,318.0,False,0.01760000000000006,0.00760000000000006
frr1_basic_deleveraging,2024-01,2024-02-15,3,2024-02-20,2024-03-13,15,otc,6811,宏硌穈T,數位雲端,1.3590115076734355,0.02076124567474058,88817475.0,0.0,0.21352313167259787,True,0.48522108247750045,312.5,337.5,293.5,False,-0.060799999999999965,-0.07079999999999996
frr1_basic_deleveraging,2024-01,2024-02-15,3,2024-02-20,2024-03-20,20,otc,6811,宏硌穈T,數位雲端,1.3590115076734355,0.02076124567474058,88817475.0,0.0,0.21352313167259787,True,0.48522108247750045,312.5,337.5,284.5,False,-0.08960000000000001,-0.09960000000000001
frr1_basic_deleveraging,2024-04,2024-05-13,1,2024-05-14,2024-05-28,10,otc,4513,福裕,電機機械,1.3166502414929493,-0.0906949352179034,164468127.5,0.0,0.09564891222805702,False,3.4965563274302807,38.8,38.7,37.75,False,-0.027061855670102997,-0.037061855670103
frr1_basic_deleveraging,2024-04,2024-05-13,1,2024-05-14,2024-06-04,15,otc,4513,福裕,電機機械,1.3166502414929493,-0.0906949352179034,164468127.5,0.0,0.09564891222805702,False,3.4965563274302807,38.8,38.7,42.5,False,0.09536082474226815,0.08536082474226815
frr1_basic_deleveraging,2024-04,2024-05-13,1,2024-05-14,2024-06-12,20,otc,4513,福裕,電機機械,1.3166502414929493,-0.0906949352179034,164468127.5,0.0,0.09564891222805702,False,3.4965563274302807,38.8,38.7,43.1,False,0.11082474226804129,0.10082474226804129
frr1_basic_deleveraging,2024-04,2024-05-13,2,2024-05-15,2024-05-29,10,otc,4513,福裕,電機機械,1.3166502414929493,-0.0906949352179034,164468127.5,0.0,0.09564891222805702,False,3.4965563274302807,38.3,37.9,38.4,False,0.0026109660574413773,-0.007389033942558623
frr1_basic_deleveraging,2024-04,2024-05-13,2,2024-05-15,2024-06-05,15,otc,4513,福裕,電機機械,1.3166502414929493,-0.0906949352179034,164468127.5,0.0,0.09564891222805702,False,3.4965563274302807,38.3,37.9,45.45,False,0.18668407310704982,0.1766840731070498
frr1_basic_deleveraging,2024-04,2024-05-13,2,2024-05-15,2024-06-13,20,otc,4513,福裕,電機機械,1.3166502414929493,-0.0906949352179034,164468127.5,0.0,0.09564891222805702,False,3.4965563274302807,38.3,37.9,41.0,False,0.07049608355091386,0.060496083550913855
frr1_basic_deleveraging,2024-04,2024-05-13,3,2024-05-16,2024-05-30,10,otc,4513,福裕,電機機械,1.3166502414929493,-0.0906949352179034,164468127.5,0.0,0.09564891222805702,False,3.4965563274302807,38.15,40.05,38.95,False,0.020969855832241313,0.010969855832241313
frr1_basic_deleveraging,2024-04,2024-05-13,3,2024-05-16,2024-06-06,15,otc,4513,福裕,電機機械,1.3166502414929493,-0.0906949352179034,164468127.5,0.0,0.09564891222805702,False,3.4965563274302807,38.15,40.05,45.0,False,0.17955439056356481,0.1695543905635648
frr1_basic_deleveraging,2024-04,2024-05-13,3,2024-05-16,2024-06-14,20,otc,4513,福裕,電機機械,1.3166502414929493,-0.0906949352179034,164468127.5,0.0,0.09564891222805702,False,3.4965563274302807,38.15,40.05,42.6,False,0.11664482306684154,0.10664482306684155
frr1_basic_deleveraging,2024-05,2024-06-11,1,2024-06-12,2024-06-26,10,otc,8155,博智,電子零組件業,1.7842230403572126,0.006711409395973256,177868400.0,0.0,0.152114390021296,True,1.0239518639853629,151.0,156.5,142.5,False,-0.056291390728476776,-0.06629139072847677
frr1_basic_deleveraging,2024-05,2024-06-11,1,2024-06-12,2024-07-03,15,otc,8155,博智,電子零組件業,1.7842230403572126,0.006711409395973256,177868400.0,0.0,0.152114390021296,True,1.0239518639853629,151.0,156.5,141.5,False,-0.0629139072847682,-0.0729139072847682
frr1_basic_deleveraging,2024-05,2024-06-11,1,2024-06-12,2024-07-10,20,otc,8155,博智,電子零組件業,1.7842230403572126,0.006711409395973256,177868400.0,0.0,0.152114390021296,True,1.0239518639853629,151.0,156.5,143.5,False,-0.04966887417218546,-0.059668874172185464
frr1_basic_deleveraging,2024-05,2024-06-11,2,2024-06-13,2024-06-27,10,otc,8155,博智,電子零組件業,1.7842230403572126,0.006711409395973256,177868400.0,0.0,0.152114390021296,True,1.0239518639853629,157.5,153.5,140.5,False,-0.10793650793650789,-0.11793650793650788
frr1_basic_deleveraging,2024-05,2024-06-11,2,2024-06-13,2024-07-04,15,otc,8155,博智,電子零組件業,1.7842230403572126,0.006711409395973256,177868400.0,0.0,0.152114390021296,True,1.0239518639853629,157.5,153.5,141.5,False,-0.10158730158730156,-0.11158730158730155
frr1_basic_deleveraging,2024-05,2024-06-11,2,2024-06-13,2024-07-11,20,otc,8155,博智,電子零組件業,1.7842230403572126,0.006711409395973256,177868400.0,0.0,0.152114390021296,True,1.0239518639853629,157.5,153.5,145.0,False,-0.07936507936507942,-0.08936507936507941
frr1_basic_deleveraging,2024-05,2024-06-11,3,2024-06-14,2024-06-28,10,otc,8155,博智,電子零組件業,1.7842230403572126,0.006711409395973256,177868400.0,0.0,0.152114390021296,True,1.0239518639853629,154.5,151.5,144.0,False,-0.06796116504854366,-0.07796116504854365
frr1_basic_deleveraging,2024-05,2024-06-11,3,2024-06-14,2024-07-05,15,otc,8155,博智,電子零組件業,1.7842230403572126,0.006711409395973256,177868400.0,0.0,0.152114390021296,True,1.0239518639853629,154.5,151.5,143.5,False,-0.07119741100323629,-0.08119741100323628
frr1_basic_deleveraging,2024-05,2024-06-11,3,2024-06-14,2024-07-12,20,otc,8155,博智,電子零組件業,1.7842230403572126,0.006711409395973256,177868400.0,0.0,0.152114390021296,True,1.0239518639853629,154.5,151.5,141.5,False,-0.08414239482200647,-0.09414239482200647
frr1_basic_deleveraging,2024-05,2024-06-11,1,2024-06-12,2024-06-26,10,otc,6143,振曜,通信網路業,1.3559273701434946,0.04641350210970474,362793050.0,0.0,0.07539817011182649,True,1.177188817089042,124.5,128.0,135.0,False,0.0843373493975903,0.0743373493975903
frr1_basic_deleveraging,2024-05,2024-06-11,1,2024-06-12,2024-07-03,15,otc,6143,振曜,通信網路業,1.3559273701434946,0.04641350210970474,362793050.0,0.0,0.07539817011182649,True,1.177188817089042,124.5,128.0,127.0,False,0.02008032128514059,0.01008032128514059
frr1_basic_deleveraging,2024-05,2024-06-11,1,2024-06-12,2024-07-10,20,otc,6143,振曜,通信網路業,1.3559273701434946,0.04641350210970474,362793050.0,0.0,0.07539817011182649,True,1.177188817089042,124.5,128.0,124.0,False,-0.004016064257028162,-0.014016064257028163
frr1_basic_deleveraging,2024-05,2024-06-11,2,2024-06-13,2024-06-27,10,otc,6143,振曜,通信網路業,1.3559273701434946,0.04641350210970474,362793050.0,0.0,0.07539817011182649,True,1.177188817089042,128.5,133.0,134.5,False,0.04669260700389111,0.036692607003891105
frr1_basic_deleveraging,2024-05,2024-06-11,2,2024-06-13,2024-07-04,15,otc,6143,振曜,通信網路業,1.3559273701434946,0.04641350210970474,362793050.0,0.0,0.07539817011182649,True,1.177188817089042,128.5,133.0,125.5,False,-0.023346303501945553,-0.033346303501945555
frr1_basic_deleveraging,2024-05,2024-06-11,2,2024-06-13,2024-07-11,20,otc,6143,振曜,通信網路業,1.3559273701434946,0.04641350210970474,362793050.0,0.0,0.07539817011182649,True,1.177188817089042,128.5,133.0,122.5,False,-0.046692607003890996,-0.056692607003891
frr1_basic_deleveraging,2024-05,2024-06-11,3,2024-06-14,2024-06-28,10,otc,6143,振曜,通信網路業,1.3559273701434946,0.04641350210970474,362793050.0,0.0,0.07539817011182649,True,1.177188817089042,135.0,139.0,136.0,False,0.007407407407407307,-0.002592592592592693
frr1_basic_deleveraging,2024-05,2024-06-11,3,2024-06-14,2024-07-05,15,otc,6143,振曜,通信網路業,1.3559273701434946,0.04641350210970474,362793050.0,0.0,0.07539817011182649,True,1.177188817089042,135.0,139.0,128.0,False,-0.051851851851851816,-0.06185185185185182
frr1_basic_deleveraging,2024-05,2024-06-11,3,2024-06-14,2024-07-12,20,otc,6143,振曜,通信網路業,1.3559273701434946,0.04641350210970474,362793050.0,0.0,0.07539817011182649,True,1.177188817089042,135.0,139.0,122.5,False,-0.09259259259259256,-0.10259259259259255
frr1_basic_deleveraging,2024-05,2024-06-11,1,2024-06-12,2024-06-26,10,otc,8358,金居,電子零組件業,1.3411652057343448,0.09859154929577474,723075565.0,0.0,0.06412897908725662,True,2.3680722345716547,70.2,70.8,70.8,False,0.008547008547008517,-0.0014529914529914836
frr1_basic_deleveraging,2024-05,2024-06-11,1,2024-06-12,2024-07-03,15,otc,8358,金居,電子零組件業,1.3411652057343448,0.09859154929577474,723075565.0,0.0,0.06412897908725662,True,2.3680722345716547,70.2,70.8,70.6,False,0.005698005698005604,-0.0043019943019943965
frr1_basic_deleveraging,2024-05,2024-06-11,1,2024-06-12,2024-07-10,20,otc,8358,金居,電子零組件業,1.3411652057343448,0.09859154929577474,723075565.0,0.0,0.06412897908725662,True,2.3680722345716547,70.2,70.8,71.6,False,0.019943019943019724,0.009943019943019724
frr1_basic_deleveraging,2024-05,2024-06-11,2,2024-06-13,2024-06-27,10,otc,8358,金居,電子零組件業,1.3411652057343448,0.09859154929577474,723075565.0,0.0,0.06412897908725662,True,2.3680722345716547,71.6,70.5,70.5,False,-0.015363128491620026,-0.025363128491620028
frr1_basic_deleveraging,2024-05,2024-06-11,2,2024-06-13,2024-07-04,15,otc,8358,金居,電子零組件業,1.3411652057343448,0.09859154929577474,723075565.0,0.0,0.06412897908725662,True,2.3680722345716547,71.6,70.5,70.5,False,-0.015363128491620026,-0.025363128491620028
frr1_basic_deleveraging,2024-05,2024-06-11,2,2024-06-13,2024-07-11,20,otc,8358,金居,電子零組件業,1.3411652057343448,0.09859154929577474,723075565.0,0.0,0.06412897908725662,True,2.3680722345716547,71.6,70.5,75.2,False,0.05027932960893877,0.04027932960893877
frr1_basic_deleveraging,2024-05,2024-06-11,3,2024-06-14,2024-06-28,10,otc,8358,金居,電子零組件業,1.3411652057343448,0.09859154929577474,723075565.0,0.0,0.06412897908725662,True,2.3680722345716547,70.5,69.7,70.2,False,-0.004255319148936176,-0.014255319148936177
frr1_basic_deleveraging,2024-05,2024-06-11,3,2024-06-14,2024-07-05,15,otc,8358,金居,電子零組件業,1.3411652057343448,0.09859154929577474,723075565.0,0.0,0.06412897908725662,True,2.3680722345716547,70.5,69.7,71.6,False,0.015602836879432536,0.005602836879432535
frr1_basic_deleveraging,2024-05,2024-06-11,3,2024-06-14,2024-07-12,20,otc,8358,金居,電子零組件業,1.3411652057343448,0.09859154929577474,723075565.0,0.0,0.06412897908725662,True,2.3680722345716547,70.5,69.7,75.2,False,0.06666666666666665,0.05666666666666665
frr1_basic_deleveraging,2025-02,2025-03-11,1,2025-03-12,2025-03-26,10,otc,5425,台半,半導體業,1.7278086772490675,-0.05698529411764708,76576880.0,0.0,0.11302079850197284,False,1.0136764418277795,51.5,51.7,54.0,False,0.04854368932038833,0.038543689320388326
frr1_basic_deleveraging,2025-02,2025-03-11,1,2025-03-12,2025-04-02,15,otc,5425,台半,半導體業,1.7278086772490675,-0.05698529411764708,76576880.0,0.0,0.11302079850197284,False,1.0136764418277795,51.5,51.7,48.55,False,-0.057281553398058294,-0.06728155339805829
frr1_basic_deleveraging,2025-02,2025-03-11,1,2025-03-12,2025-04-11,20,otc,5425,台半,半導體業,1.7278086772490675,-0.05698529411764708,76576880.0,0.0,0.11302079850197284,False,1.0136764418277795,51.5,51.7,40.2,False,-0.2194174757281553,-0.2294174757281553
frr1_basic_deleveraging,2025-02,2025-03-11,2,2025-03-13,2025-03-27,10,otc,5425,台半,半導體業,1.7278086772490675,-0.05698529411764708,76576880.0,0.0,0.11302079850197284,False,1.0136764418277795,52.0,50.4,53.0,False,0.019230769230769162,0.009230769230769162
frr1_basic_deleveraging,2025-02,2025-03-11,2,2025-03-13,2025-04-07,15,otc,5425,台半,半導體業,1.7278086772490675,-0.05698529411764708,76576880.0,0.0,0.11302079850197284,False,1.0136764418277795,52.0,50.4,43.7,False,-0.1596153846153846,-0.1696153846153846
frr1_basic_deleveraging,2025-02,2025-03-11,2,2025-03-13,2025-04-14,20,otc,5425,台半,半導體業,1.7278086772490675,-0.05698529411764708,76576880.0,0.0,0.11302079850197284,False,1.0136764418277795,52.0,50.4,41.15,False,-0.2086538461538462,-0.2186538461538462
frr1_basic_deleveraging,2025-02,2025-03-11,3,2025-03-14,2025-03-28,10,otc,5425,台半,半導體業,1.7278086772490675,-0.05698529411764708,76576880.0,0.0,0.11302079850197284,False,1.0136764418277795,50.4,51.0,49.7,False,-0.01388888888888884,-0.02388888888888884
frr1_basic_deleveraging,2025-02,2025-03-11,3,2025-03-14,2025-04-08,15,otc,5425,台半,半導體業,1.7278086772490675,-0.05698529411764708,76576880.0,0.0,0.11302079850197284,False,1.0136764418277795,50.4,51.0,39.35,False,-0.21924603174603174,-0.22924603174603175
frr1_basic_deleveraging,2025-02,2025-03-11,3,2025-03-14,2025-04-15,20,otc,5425,台半,半導體業,1.7278086772490675,-0.05698529411764708,76576880.0,0.0,0.11302079850197284,False,1.0136764418277795,50.4,51.0,42.8,False,-0.1507936507936508,-0.16079365079365082
frr1_basic_deleveraging,2025-02,2025-03-11,1,2025-03-12,2025-03-26,10,otc,3162,精確,電機機械,1.3696602806889013,0.07772621809744784,282454315.0,0.0,0.3871576959395656,True,2.7304288621851467,46.2,46.7,55.7,False,0.2056277056277056,0.1956277056277056
frr1_basic_deleveraging,2025-02,2025-03-11,1,2025-03-12,2025-04-02,15,otc,3162,精確,電機機械,1.3696602806889013,0.07772621809744784,282454315.0,0.0,0.3871576959395656,True,2.7304288621851467,46.2,46.7,52.7,False,0.14069264069264076,0.13069264069264075
frr1_basic_deleveraging,2025-02,2025-03-11,1,2025-03-12,2025-04-11,20,otc,3162,精確,電機機械,1.3696602806889013,0.07772621809744784,282454315.0,0.0,0.3871576959395656,True,2.7304288621851467,46.2,46.7,41.1,False,-0.11038961038961037,-0.12038961038961037
frr1_basic_deleveraging,2025-02,2025-03-11,2,2025-03-13,2025-03-27,10,otc,3162,精確,電機機械,1.3696602806889013,0.07772621809744784,282454315.0,0.0,0.3871576959395656,True,2.7304288621851467,47.3,46.3,52.7,False,0.11416490486257946,0.10416490486257947
frr1_basic_deleveraging,2025-02,2025-03-11,2,2025-03-13,2025-04-07,15,otc,3162,精確,電機機械,1.3696602806889013,0.07772621809744784,282454315.0,0.0,0.3871576959395656,True,2.7304288621851467,47.3,46.3,47.45,False,0.003171247357294016,-0.006828752642705984
frr1_basic_deleveraging,2025-02,2025-03-11,2,2025-03-13,2025-04-14,20,otc,3162,精確,電機機械,1.3696602806889013,0.07772621809744784,282454315.0,0.0,0.3871576959395656,True,2.7304288621851467,47.3,46.3,41.65,False,-0.11945031712473575,-0.12945031712473576
frr1_basic_deleveraging,2025-02,2025-03-11,3,2025-03-14,2025-03-28,10,otc,3162,精確,電機機械,1.3696602806889013,0.07772621809744784,282454315.0,0.0,0.3871576959395656,True,2.7304288621851467,46.9,46.6,53.5,False,0.14072494669509594,0.13072494669509593
frr1_basic_deleveraging,2025-02,2025-03-11,3,2025-03-14,2025-04-08,15,otc,3162,精確,電機機械,1.3696602806889013,0.07772621809744784,282454315.0,0.0,0.3871576959395656,True,2.7304288621851467,46.9,46.6,42.75,False,-0.08848614072494665,-0.09848614072494664
frr1_basic_deleveraging,2025-02,2025-03-11,3,2025-03-14,2025-04-15,20,otc,3162,精確,電機機械,1.3696602806889013,0.07772621809744784,282454315.0,0.0,0.3871576959395656,True,2.7304288621851467,46.9,46.6,44.4,False,-0.05330490405117272,-0.06330490405117271
frr1_basic_deleveraging,2025-02,2025-03-11,1,2025-03-12,2025-03-26,10,otc,8155,博智,電子零組件業,1.336807261272383,0.10245901639344268,125635525.0,0.0,0.152114390021296,True,1.6380509467766047,134.5,143.5,149.0,False,0.10780669144981414,0.09780669144981415
frr1_basic_deleveraging,2025-02,2025-03-11,1,2025-03-12,2025-04-02,15,otc,8155,博智,電子零組件業,1.336807261272383,0.10245901639344268,125635525.0,0.0,0.152114390021296,True,1.6380509467766047,134.5,143.5,135.5,False,0.0074349442379182396,-0.0025650557620817607
frr1_basic_deleveraging,2025-02,2025-03-11,1,2025-03-12,2025-04-11,20,otc,8155,博智,電子零組件業,1.336807261272383,0.10245901639344268,125635525.0,0.0,0.152114390021296,True,1.6380509467766047,134.5,143.5,107.5,False,-0.2007434944237918,-0.2107434944237918
frr1_basic_deleveraging,2025-02,2025-03-11,2,2025-03-13,2025-03-27,10,otc,8155,博智,電子零組件業,1.336807261272383,0.10245901639344268,125635525.0,0.0,0.152114390021296,True,1.6380509467766047,143.5,140.5,146.5,False,0.020905923344947785,0.010905923344947785
frr1_basic_deleveraging,2025-02,2025-03-11,2,2025-03-13,2025-04-07,15,otc,8155,博智,電子零組件業,1.336807261272383,0.10245901639344268,125635525.0,0.0,0.152114390021296,True,1.6380509467766047,143.5,140.5,122.0,False,-0.14982578397212543,-0.15982578397212543
frr1_basic_deleveraging,2025-02,2025-03-11,2,2025-03-13,2025-04-14,20,otc,8155,博智,電子零組件業,1.336807261272383,0.10245901639344268,125635525.0,0.0,0.152114390021296,True,1.6380509467766047,143.5,140.5,109.0,False,-0.24041811846689898,-0.250418118466899
frr1_basic_deleveraging,2025-02,2025-03-11,3,2025-03-14,2025-03-28,10,otc,8155,博智,電子零組件業,1.336807261272383,0.10245901639344268,125635525.0,0.0,0.152114390021296,True,1.6380509467766047,142.5,142.5,143.5,False,0.007017543859649145,-0.0029824561403508556
frr1_basic_deleveraging,2025-02,2025-03-11,3,2025-03-14,2025-04-08,15,otc,8155,博智,電子零組件業,1.336807261272383,0.10245901639344268,125635525.0,0.0,0.152114390021296,True,1.6380509467766047,142.5,142.5,110.0,False,-0.22807017543859653,-0.23807017543859654
frr1_basic_deleveraging,2025-02,2025-03-11,3,2025-03-14,2025-04-15,20,otc,8155,博智,電子零組件業,1.336807261272383,0.10245901639344268,125635525.0,0.0,0.152114390021296,True,1.6380509467766047,142.5,142.5,119.5,False,-0.16140350877192977,-0.17140350877192978
frr1_basic_deleveraging,2025-04,2025-05-12,1,2025-05-13,2025-05-27,10,otc,5439,高技,電子零組件業,2.4795032187480732,0.16778523489932895,1964798375.0,0.0,0.04675586246583226,True,1.4682076877937862,178.5,182.0,178.0,False,-0.0028011204481792618,-0.012801120448179262
frr1_basic_deleveraging,2025-04,2025-05-12,1,2025-05-13,2025-06-04,15,otc,5439,高技,電子零組件業,2.4795032187480732,0.16778523489932895,1964798375.0,0.0,0.04675586246583226,True,1.4682076877937862,178.5,182.0,183.0,False,0.025210084033613356,0.015210084033613356
frr1_basic_deleveraging,2025-04,2025-05-12,1,2025-05-13,2025-06-11,20,otc,5439,高技,電子零組件業,2.4795032187480732,0.16778523489932895,1964798375.0,0.0,0.04675586246583226,True,1.4682076877937862,178.5,182.0,222.0,False,0.24369747899159666,0.23369747899159665
frr1_basic_deleveraging,2025-04,2025-05-12,2,2025-05-14,2025-05-28,10,otc,5439,高技,電子零組件業,2.4795032187480732,0.16778523489932895,1964798375.0,0.0,0.04675586246583226,True,1.4682076877937862,184.0,185.0,177.0,False,-0.03804347826086951,-0.048043478260869514
frr1_basic_deleveraging,2025-04,2025-05-12,2,2025-05-14,2025-06-05,15,otc,5439,高技,電子零組件業,2.4795032187480732,0.16778523489932895,1964798375.0,0.0,0.04675586246583226,True,1.4682076877937862,184.0,185.0,194.5,False,0.057065217391304435,0.04706521739130443
frr1_basic_deleveraging,2025-04,2025-05-12,2,2025-05-14,2025-06-12,20,otc,5439,高技,電子零組件業,2.4795032187480732,0.16778523489932895,1964798375.0,0.0,0.04675586246583226,True,1.4682076877937862,184.0,185.0,211.0,False,0.1467391304347827,0.1367391304347827
frr1_basic_deleveraging,2025-04,2025-05-12,3,2025-05-15,2025-05-29,10,otc,5439,高技,電子零組件業,2.4795032187480732,0.16778523489932895,1964798375.0,0.0,0.04675586246583226,True,1.4682076877937862,185.0,189.0,179.0,False,-0.032432432432432434,-0.042432432432432436
frr1_basic_deleveraging,2025-04,2025-05-12,3,2025-05-15,2025-06-06,15,otc,5439,高技,電子零組件業,2.4795032187480732,0.16778523489932895,1964798375.0,0.0,0.04675586246583226,True,1.4682076877937862,185.0,189.0,207.5,False,0.12162162162162171,0.11162162162162172
frr1_basic_deleveraging,2025-04,2025-05-12,3,2025-05-15,2025-06-13,20,otc,5439,高技,電子零組件業,2.4795032187480732,0.16778523489932895,1964798375.0,0.0,0.04675586246583226,True,1.4682076877937862,185.0,189.0,206.0,False,0.11351351351351346,0.10351351351351347
frr1_basic_deleveraging,2025-04,2025-05-12,1,2025-05-13,2025-05-27,10,otc,3163,波若威,通信網路業,1.8926417850880586,0.18490566037735845,3630787250.0,0.0,0.27315914489311166,True,1.4225914938296058,162.0,157.5,163.0,False,0.006172839506172867,-0.0038271604938271333
frr1_basic_deleveraging,2025-04,2025-05-12,1,2025-05-13,2025-06-04,15,otc,3163,波若威,通信網路業,1.8926417850880586,0.18490566037735845,3630787250.0,0.0,0.27315914489311166,True,1.4225914938296058,162.0,157.5,166.0,False,0.024691358024691468,0.014691358024691467
frr1_basic_deleveraging,2025-04,2025-05-12,1,2025-05-13,2025-06-11,20,otc,3163,波若威,通信網路業,1.8926417850880586,0.18490566037735845,3630787250.0,0.0,0.27315914489311166,True,1.4225914938296058,162.0,157.5,181.5,False,0.12037037037037046,0.11037037037037047
frr1_basic_deleveraging,2025-04,2025-05-12,2,2025-05-14,2025-05-28,10,otc,3163,波若威,通信網路業,1.8926417850880586,0.18490566037735845,3630787250.0,0.0,0.27315914489311166,True,1.4225914938296058,161.0,170.5,159.5,False,-0.009316770186335366,-0.019316770186335368
frr1_basic_deleveraging,2025-04,2025-05-12,2,2025-05-14,2025-06-05,15,otc,3163,波若威,通信網路業,1.8926417850880586,0.18490566037735845,3630787250.0,0.0,0.27315914489311166,True,1.4225914938296058,161.0,170.5,162.5,False,0.009316770186335477,-0.0006832298136645234
frr1_basic_deleveraging,2025-04,2025-05-12,2,2025-05-14,2025-06-12,20,otc,3163,波若威,通信網路業,1.8926417850880586,0.18490566037735845,3630787250.0,0.0,0.27315914489311166,True,1.4225914938296058,161.0,170.5,183.5,False,0.13975155279503104,0.12975155279503103
frr1_basic_deleveraging,2025-04,2025-05-12,3,2025-05-15,2025-05-29,10,otc,3163,波若威,通信網路業,1.8926417850880586,0.18490566037735845,3630787250.0,0.0,0.27315914489311166,True,1.4225914938296058,171.0,169.0,161.5,False,-0.05555555555555558,-0.06555555555555558
frr1_basic_deleveraging,2025-04,2025-05-12,3,2025-05-15,2025-06-06,15,otc,3163,波若威,通信網路業,1.8926417850880586,0.18490566037735845,3630787250.0,0.0,0.27315914489311166,True,1.4225914938296058,171.0,169.0,167.0,False,-0.023391812865497075,-0.03339181286549708
frr1_basic_deleveraging,2025-04,2025-05-12,3,2025-05-15,2025-06-13,20,otc,3163,波若威,通信網路業,1.8926417850880586,0.18490566037735845,3630787250.0,0.0,0.27315914489311166,True,1.4225914938296058,171.0,169.0,178.0,False,0.040935672514619936,0.030935672514619934
frr1_basic_deleveraging,2025-04,2025-05-12,1,2025-05-13,2025-05-27,10,otc,3374,精材,半導體業,1.6530526782909265,0.09019607843137245,294491850.0,0.0,0.19979724592379827,True,0.30156703225754866,146.0,139.5,138.0,False,-0.0547945205479452,-0.0647945205479452
frr1_basic_deleveraging,2025-04,2025-05-12,1,2025-05-13,2025-06-04,15,otc,3374,精材,半導體業,1.6530526782909265,0.09019607843137245,294491850.0,0.0,0.19979724592379827,True,0.30156703225754866,146.0,139.5,139.0,False,-0.047945205479452024,-0.057945205479452026
frr1_basic_deleveraging,2025-04,2025-05-12,1,2025-05-13,2025-06-11,20,otc,3374,精材,半導體業,1.6530526782909265,0.09019607843137245,294491850.0,0.0,0.19979724592379827,True,0.30156703225754866,146.0,139.5,148.0,False,0.013698630136986356,0.003698630136986356
frr1_basic_deleveraging,2025-04,2025-05-12,2,2025-05-14,2025-05-28,10,otc,3374,精材,半導體業,1.6530526782909265,0.09019607843137245,294491850.0,0.0,0.19979724592379827,True,0.30156703225754866,142.0,145.0,136.5,False,-0.03873239436619713,-0.04873239436619713
frr1_basic_deleveraging,2025-04,2025-05-12,2,2025-05-14,2025-06-05,15,otc,3374,精材,半導體業,1.6530526782909265,0.09019607843137245,294491850.0,0.0,0.19979724592379827,True,0.30156703225754866,142.0,145.0,141.0,False,-0.007042253521126751,-0.017042253521126753
frr1_basic_deleveraging,2025-04,2025-05-12,2,2025-05-14,2025-06-12,20,otc,3374,精材,半導體業,1.6530526782909265,0.09019607843137245,294491850.0,0.0,0.19979724592379827,True,0.30156703225754866,142.0,145.0,150.5,False,0.059859154929577496,0.049859154929577494
frr1_basic_deleveraging,2025-04,2025-05-12,3,2025-05-15,2025-05-29,10,otc,3374,精材,半導體業,1.6530526782909265,0.09019607843137245,294491850.0,0.0,0.19979724592379827,True,0.30156703225754866,145.0,142.5,139.5,False,-0.037931034482758585,-0.04793103448275859
frr1_basic_deleveraging,2025-04,2025-05-12,3,2025-05-15,2025-06-06,15,otc,3374,精材,半導體業,1.6530526782909265,0.09019607843137245,294491850.0,0.0,0.19979724592379827,True,0.30156703225754866,145.0,142.5,150.0,False,0.034482758620689724,0.024482758620689722
frr1_basic_deleveraging,2025-04,2025-05-12,3,2025-05-15,2025-06-13,20,otc,3374,精材,半導體業,1.6530526782909265,0.09019607843137245,294491850.0,0.0,0.19979724592379827,True,0.30156703225754866,145.0,142.5,146.0,False,0.006896551724137945,-0.0031034482758620554
frr1_basic_deleveraging,2025-04,2025-05-12,1,2025-05-13,2025-05-27,10,otc,5309,系統電,電子零組件業,1.3564536795299953,0.11450381679389321,137128260.0,0.0,0.07449241216824891,True,0.2780523523836969,37.2,36.8,35.65,False,-0.04166666666666674,-0.05166666666666674
frr1_basic_deleveraging,2025-04,2025-05-12,1,2025-05-13,2025-06-04,15,otc,5309,系統電,電子零組件業,1.3564536795299953,0.11450381679389321,137128260.0,0.0,0.07449241216824891,True,0.2780523523836969,37.2,36.8,33.7,False,-0.09408602150537637,-0.10408602150537637
frr1_basic_deleveraging,2025-04,2025-05-12,1,2025-05-13,2025-06-11,20,otc,5309,系統電,電子零組件業,1.3564536795299953,0.11450381679389321,137128260.0,0.0,0.07449241216824891,True,0.2780523523836969,37.2,36.8,35.65,False,-0.04166666666666674,-0.05166666666666674
frr1_basic_deleveraging,2025-04,2025-05-12,2,2025-05-14,2025-05-28,10,otc,5309,系統電,電子零組件業,1.3564536795299953,0.11450381679389321,137128260.0,0.0,0.07449241216824891,True,0.2780523523836969,37.45,37.45,34.8,False,-0.07076101468624851,-0.08076101468624851
frr1_basic_deleveraging,2025-04,2025-05-12,2,2025-05-14,2025-06-05,15,otc,5309,系統電,電子零組件業,1.3564536795299953,0.11450381679389321,137128260.0,0.0,0.07449241216824891,True,0.2780523523836969,37.45,37.45,34.3,False,-0.0841121495327104,-0.0941121495327104
frr1_basic_deleveraging,2025-04,2025-05-12,2,2025-05-14,2025-06-12,20,otc,5309,系統電,電子零組件業,1.3564536795299953,0.11450381679389321,137128260.0,0.0,0.07449241216824891,True,0.2780523523836969,37.45,37.45,35.8,False,-0.04405874499332463,-0.05405874499332463
frr1_basic_deleveraging,2025-04,2025-05-12,3,2025-05-15,2025-05-29,10,otc,5309,系統電,電子零組件業,1.3564536795299953,0.11450381679389321,137128260.0,0.0,0.07449241216824891,True,0.2780523523836969,37.45,37.0,34.35,False,-0.08277703604806408,-0.09277703604806407
frr1_basic_deleveraging,2025-04,2025-05-12,3,2025-05-15,2025-06-06,15,otc,5309,系統電,電子零組件業,1.3564536795299953,0.11450381679389321,137128260.0,0.0,0.07449241216824891,True,0.2780523523836969,37.45,37.0,35.0,False,-0.06542056074766367,-0.07542056074766366
frr1_basic_deleveraging,2025-04,2025-05-12,3,2025-05-15,2025-06-13,20,otc,5309,系統電,電子零組件業,1.3564536795299953,0.11450381679389321,137128260.0,0.0,0.07449241216824891,True,0.2780523523836969,37.45,37.0,35.25,False,-0.058744993324432615,-0.06874499332443261
frr1_basic_deleveraging,2025-07,2025-08-11,1,2025-08-12,2025-08-26,10,otc,3260,威剛,半導體業,1.3651226229299467,0.03777777777777791,322198965.0,0.0,0.12465430291198959,True,0.558996830526657,94.4,95.5,100.5,False,0.0646186440677965,0.05461864406779649
frr1_basic_deleveraging,2025-07,2025-08-11,1,2025-08-12,2025-09-02,15,otc,3260,威剛,半導體業,1.3651226229299467,0.03777777777777791,322198965.0,0.0,0.12465430291198959,True,0.558996830526657,94.4,95.5,100.5,False,0.0646186440677965,0.05461864406779649
frr1_basic_deleveraging,2025-07,2025-08-11,1,2025-08-12,2025-09-09,20,otc,3260,威剛,半導體業,1.3651226229299467,0.03777777777777791,322198965.0,0.0,0.12465430291198959,True,0.558996830526657,94.4,95.5,113.0,False,0.19703389830508478,0.18703389830508477
frr1_basic_deleveraging,2025-07,2025-08-11,2,2025-08-13,2025-08-27,10,otc,3260,威剛,半導體業,1.3651226229299467,0.03777777777777791,322198965.0,0.0,0.12465430291198959,True,0.558996830526657,96.5,95.3,100.5,False,0.041450777202072464,0.03145077720207246
frr1_basic_deleveraging,2025-07,2025-08-11,2,2025-08-13,2025-09-03,15,otc,3260,威剛,半導體業,1.3651226229299467,0.03777777777777791,322198965.0,0.0,0.12465430291198959,True,0.558996830526657,96.5,95.3,103.5,False,0.07253886010362698,0.06253886010362698
frr1_basic_deleveraging,2025-07,2025-08-11,2,2025-08-13,2025-09-10,20,otc,3260,威剛,半導體業,1.3651226229299467,0.03777777777777791,322198965.0,0.0,0.12465430291198959,True,0.558996830526657,96.5,95.3,117.0,False,0.21243523316062185,0.20243523316062184
frr1_basic_deleveraging,2025-07,2025-08-11,3,2025-08-14,2025-08-28,10,otc,3260,威剛,半導體業,1.3651226229299467,0.03777777777777791,322198965.0,0.0,0.12465430291198959,True,0.558996830526657,98.8,99.9,101.5,False,0.027327935222672073,0.01732793522267207
frr1_basic_deleveraging,2025-07,2025-08-11,3,2025-08-14,2025-09-04,15,otc,3260,威剛,半導體業,1.3651226229299467,0.03777777777777791,322198965.0,0.0,0.12465430291198959,True,0.558996830526657,98.8,99.9,105.0,False,0.06275303643724706,0.052753036437247054
frr1_basic_deleveraging,2025-07,2025-08-11,3,2025-08-14,2025-09-11,20,otc,3260,威剛,半導體業,1.3651226229299467,0.03777777777777791,322198965.0,0.0,0.12465430291198959,True,0.558996830526657,98.8,99.9,116.5,False,0.17914979757085026,0.16914979757085025
frr1_basic_deleveraging,2025-07,2025-08-11,1,2025-08-12,2025-08-26,10,otc,6125,廣運,光電業,1.2638446170351378,0.253543307086614,335314325.0,0.0,0.0572197913160552,True,1.875840504836316,83.0,80.4,80.4,False,-0.031325301204819245,-0.04132530120481925
frr1_basic_deleveraging,2025-07,2025-08-11,1,2025-08-12,2025-09-02,15,otc,6125,廣運,光電業,1.2638446170351378,0.253543307086614,335314325.0,0.0,0.0572197913160552,True,1.875840504836316,83.0,80.4,76.8,False,-0.07469879518072298,-0.08469879518072297
frr1_basic_deleveraging,2025-07,2025-08-11,1,2025-08-12,2025-09-09,20,otc,6125,廣運,光電業,1.2638446170351378,0.253543307086614,335314325.0,0.0,0.0572197913160552,True,1.875840504836316,83.0,80.4,77.1,False,-0.07108433734939767,-0.08108433734939767
frr1_basic_deleveraging,2025-07,2025-08-11,2,2025-08-13,2025-08-27,10,otc,6125,廣運,光電業,1.2638446170351378,0.253543307086614,335314325.0,0.0,0.0572197913160552,True,1.875840504836316,81.2,81.4,80.4,False,-0.009852216748768461,-0.019852216748768463
frr1_basic_deleveraging,2025-07,2025-08-11,2,2025-08-13,2025-09-03,15,otc,6125,廣運,光電業,1.2638446170351378,0.253543307086614,335314325.0,0.0,0.0572197913160552,True,1.875840504836316,81.2,81.4,76.6,False,-0.05665024630541882,-0.06665024630541881
frr1_basic_deleveraging,2025-07,2025-08-11,2,2025-08-13,2025-09-10,20,otc,6125,廣運,光電業,1.2638446170351378,0.253543307086614,335314325.0,0.0,0.0572197913160552,True,1.875840504836316,81.2,81.4,78.2,False,-0.036945812807881784,-0.046945812807881786
frr1_basic_deleveraging,2025-07,2025-08-11,3,2025-08-14,2025-08-28,10,otc,6125,廣運,光電業,1.2638446170351378,0.253543307086614,335314325.0,0.0,0.0572197913160552,True,1.875840504836316,82.2,81.9,80.5,False,-0.020681265206812682,-0.030681265206812684
frr1_basic_deleveraging,2025-07,2025-08-11,3,2025-08-14,2025-09-04,15,otc,6125,廣運,光電業,1.2638446170351378,0.253543307086614,335314325.0,0.0,0.0572197913160552,True,1.875840504836316,82.2,81.9,76.2,False,-0.07299270072992703,-0.08299270072992702
frr1_basic_deleveraging,2025-07,2025-08-11,3,2025-08-14,2025-09-11,20,otc,6125,廣運,光電業,1.2638446170351378,0.253543307086614,335314325.0,0.0,0.0572197913160552,True,1.875840504836316,82.2,81.9,76.5,False,-0.06934306569343074,-0.07934306569343073
frr1_basic_deleveraging,2025-08,2025-09-11,1,2025-09-12,2025-09-26,10,otc,6125,廣運,光電業,1.5960899484404725,-0.06593406593406603,397873310.0,0.0,0.0572197913160552,True,1.7658576045657604,76.8,77.0,72.4,False,-0.05729166666666652,-0.06729166666666651
frr1_basic_deleveraging,2025-08,2025-09-11,1,2025-09-12,2025-10-07,15,otc,6125,廣運,光電業,1.5960899484404725,-0.06593406593406603,397873310.0,0.0,0.0572197913160552,True,1.7658576045657604,76.8,77.0,74.3,False,-0.03255208333333337,-0.04255208333333337
frr1_basic_deleveraging,2025-08,2025-09-11,1,2025-09-12,2025-10-15,20,otc,6125,廣運,光電業,1.5960899484404725,-0.06593406593406603,397873310.0,0.0,0.0572197913160552,True,1.7658576045657604,76.8,77.0,72.8,False,-0.05208333333333337,-0.06208333333333337
frr1_basic_deleveraging,2025-08,2025-09-11,2,2025-09-15,2025-09-30,10,otc,6125,廣運,光電業,1.5960899484404725,-0.06593406593406603,397873310.0,0.0,0.0572197913160552,True,1.7658576045657604,77.5,78.7,73.2,False,-0.05548387096774188,-0.06548387096774187
frr1_basic_deleveraging,2025-08,2025-09-11,2,2025-09-15,2025-10-08,15,otc,6125,廣運,光電業,1.5960899484404725,-0.06593406593406603,397873310.0,0.0,0.0572197913160552,True,1.7658576045657604,77.5,78.7,73.3,False,-0.05419354838709678,-0.06419354838709677
frr1_basic_deleveraging,2025-08,2025-09-11,2,2025-09-15,2025-10-16,20,otc,6125,廣運,光電業,1.5960899484404725,-0.06593406593406603,397873310.0,0.0,0.0572197913160552,True,1.7658576045657604,77.5,78.7,74.3,False,-0.041290322580645245,-0.051290322580645246
frr1_basic_deleveraging,2025-08,2025-09-11,3,2025-09-16,2025-10-01,10,otc,6125,廣運,光電業,1.5960899484404725,-0.06593406593406603,397873310.0,0.0,0.0572197913160552,True,1.7658576045657604,80.9,81.9,73.9,False,-0.08652657601977753,-0.09652657601977753
frr1_basic_deleveraging,2025-08,2025-09-11,3,2025-09-16,2025-10-09,15,otc,6125,廣運,光電業,1.5960899484404725,-0.06593406593406603,397873310.0,0.0,0.0572197913160552,True,1.7658576045657604,80.9,81.9,72.3,False,-0.1063040791100125,-0.11630407911001249
frr1_basic_deleveraging,2025-08,2025-09-11,3,2025-09-16,2025-10-17,20,otc,6125,廣運,光電業,1.5960899484404725,-0.06593406593406603,397873310.0,0.0,0.0572197913160552,True,1.7658576045657604,80.9,81.9,73.2,False,-0.09517923362175529,-0.10517923362175528
frr1_basic_deleveraging,2025-08,2025-09-11,1,2025-09-12,2025-09-26,10,otc,5439,高技,電子零組件業,1.2876467318296887,0.22490706319702602,3567691225.0,0.0,0.04675586246583226,True,1.3956808493416482,332.0,325.5,309.0,False,-0.06927710843373491,-0.07927710843373491
frr1_basic_deleveraging,2025-08,2025-09-11,1,2025-09-12,2025-10-07,15,otc,5439,高技,電子零組件業,1.2876467318296887,0.22490706319702602,3567691225.0,0.0,0.04675586246583226,True,1.3956808493416482,332.0,325.5,308.5,False,-0.07078313253012047,-0.08078313253012047
frr1_basic_deleveraging,2025-08,2025-09-11,1,2025-09-12,2025-10-15,20,otc,5439,高技,電子零組件業,1.2876467318296887,0.22490706319702602,3567691225.0,0.0,0.04675586246583226,True,1.3956808493416482,332.0,325.5,298.5,False,-0.10090361445783136,-0.11090361445783135
frr1_basic_deleveraging,2025-08,2025-09-11,2,2025-09-15,2025-09-30,10,otc,5439,高技,電子零組件業,1.2876467318296887,0.22490706319702602,3567691225.0,0.0,0.04675586246583226,True,1.3956808493416482,325.0,317.5,320.0,False,-0.01538461538461533,-0.025384615384615332
frr1_basic_deleveraging,2025-08,2025-09-11,2,2025-09-15,2025-10-08,15,otc,5439,高技,電子零組件業,1.2876467318296887,0.22490706319702602,3567691225.0,0.0,0.04675586246583226,True,1.3956808493416482,325.0,317.5,312.5,False,-0.038461538461538436,-0.04846153846153844
frr1_basic_deleveraging,2025-08,2025-09-11,2,2025-09-15,2025-10-16,20,otc,5439,高技,電子零組件業,1.2876467318296887,0.22490706319702602,3567691225.0,0.0,0.04675586246583226,True,1.3956808493416482,325.0,317.5,293.5,False,-0.09692307692307689,-0.10692307692307688
frr1_basic_deleveraging,2025-08,2025-09-11,3,2025-09-16,2025-10-01,10,otc,5439,高技,電子零組件業,1.2876467318296887,0.22490706319702602,3567691225.0,0.0,0.04675586246583226,True,1.3956808493416482,317.0,310.0,316.0,False,-0.003154574132492094,-0.013154574132492094
frr1_basic_deleveraging,2025-08,2025-09-11,3,2025-09-16,2025-10-09,15,otc,5439,高技,電子零組件業,1.2876467318296887,0.22490706319702602,3567691225.0,0.0,0.04675586246583226,True,1.3956808493416482,317.0,310.0,312.5,False,-0.014195583596214534,-0.024195583596214536
frr1_basic_deleveraging,2025-08,2025-09-11,3,2025-09-16,2025-10-17,20,otc,5439,高技,電子零組件業,1.2876467318296887,0.22490706319702602,3567691225.0,0.0,0.04675586246583226,True,1.3956808493416482,317.0,310.0,287.5,False,-0.09305993690851733,-0.10305993690851732
frr1_basic_deleveraging,2025-09,2025-10-13,1,2025-10-14,2025-10-29,10,otc,5351,鈺創,半導體業,2.0502620546085266,0.13165680473372787,422835525.0,0.0,0.21462043111527648,True,2.227395502664644,38.8,36.2,37.3,False,-0.03865979381443296,-0.048659793814432965
frr1_basic_deleveraging,2025-09,2025-10-13,1,2025-10-14,2025-11-05,15,otc,5351,鈺創,半導體業,2.0502620546085266,0.13165680473372787,422835525.0,0.0,0.21462043111527648,True,2.227395502664644,38.8,36.2,35.0,False,-0.09793814432989689,-0.10793814432989689
frr1_basic_deleveraging,2025-09,2025-10-13,1,2025-10-14,2025-11-12,20,otc,5351,鈺創,半導體業,2.0502620546085266,0.13165680473372787,422835525.0,0.0,0.21462043111527648,True,2.227395502664644,38.8,36.2,47.65,False,0.22809278350515472,0.2180927835051547
frr1_basic_deleveraging,2025-09,2025-10-13,2,2025-10-15,2025-10-30,10,otc,5351,鈺創,半導體業,2.0502620546085266,0.13165680473372787,422835525.0,0.0,0.21462043111527648,True,2.227395502664644,36.3,35.75,37.55,False,0.03443526170798905,0.02443526170798905
frr1_basic_deleveraging,2025-09,2025-10-13,2,2025-10-15,2025-11-06,15,otc,5351,鈺創,半導體業,2.0502620546085266,0.13165680473372787,422835525.0,0.0,0.21462043111527648,True,2.227395502664644,36.3,35.75,37.15,False,0.023415977961432466,0.013415977961432466
frr1_basic_deleveraging,2025-09,2025-10-13,2,2025-10-15,2025-11-13,20,otc,5351,鈺創,半導體業,2.0502620546085266,0.13165680473372787,422835525.0,0.0,0.21462043111527648,True,2.227395502664644,36.3,35.75,45.65,False,0.25757575757575757,0.24757575757575756
frr1_basic_deleveraging,2025-09,2025-10-13,3,2025-10-16,2025-10-31,10,otc,5351,鈺創,半導體業,2.0502620546085266,0.13165680473372787,422835525.0,0.0,0.21462043111527648,True,2.227395502664644,36.0,38.0,36.5,False,0.01388888888888884,0.0038888888888888393
frr1_basic_deleveraging,2025-09,2025-10-13,3,2025-10-16,2025-11-07,15,otc,5351,鈺創,半導體業,2.0502620546085266,0.13165680473372787,422835525.0,0.0,0.21462043111527648,True,2.227395502664644,36.0,38.0,37.85,False,0.05138888888888893,0.041388888888888926
frr1_basic_deleveraging,2025-09,2025-10-13,3,2025-10-16,2025-11-14,20,otc,5351,鈺創,半導體業,2.0502620546085266,0.13165680473372787,422835525.0,0.0,0.21462043111527648,True,2.227395502664644,36.0,38.0,44.2,False,0.22777777777777786,0.21777777777777785
frr1_basic_deleveraging,2025-10,2025-11-11,1,2025-11-12,2025-11-26,10,otc,5351,鈺創,半導體業,2.320578105549865,0.196078431372549,425928947.5,0.0,0.21462043111527648,True,1.7084767937387277,46.1,47.65,38.25,False,-0.17028199566160518,-0.1802819956616052
frr1_basic_deleveraging,2025-10,2025-11-11,1,2025-11-12,2025-12-03,15,otc,5351,鈺創,半導體業,2.320578105549865,0.196078431372549,425928947.5,0.0,0.21462043111527648,True,1.7084767937387277,46.1,47.65,38.1,False,-0.17353579175704992,-0.18353579175704993
frr1_basic_deleveraging,2025-10,2025-11-11,1,2025-11-12,2025-12-10,20,otc,5351,鈺創,半導體業,2.320578105549865,0.196078431372549,425928947.5,0.0,0.21462043111527648,True,1.7084767937387277,46.1,47.65,40.0,False,-0.13232104121475052,-0.14232104121475053
frr1_basic_deleveraging,2025-10,2025-11-11,2,2025-11-13,2025-11-27,10,otc,5351,鈺創,半導體業,2.320578105549865,0.196078431372549,425928947.5,0.0,0.21462043111527648,True,1.7084767937387277,47.15,45.65,39.4,False,-0.1643690349946978,-0.1743690349946978
frr1_basic_deleveraging,2025-10,2025-11-11,2,2025-11-13,2025-12-04,15,otc,5351,鈺創,半導體業,2.320578105549865,0.196078431372549,425928947.5,0.0,0.21462043111527648,True,1.7084767937387277,47.15,45.65,38.35,False,-0.1866383881230116,-0.1966383881230116
frr1_basic_deleveraging,2025-10,2025-11-11,2,2025-11-13,2025-12-11,20,otc,5351,鈺創,半導體業,2.320578105549865,0.196078431372549,425928947.5,0.0,0.21462043111527648,True,1.7084767937387277,47.15,45.65,39.4,False,-0.1643690349946978,-0.1743690349946978
frr1_basic_deleveraging,2025-10,2025-11-11,3,2025-11-14,2025-11-28,10,otc,5351,鈺創,半導體業,2.320578105549865,0.196078431372549,425928947.5,0.0,0.21462043111527648,True,1.7084767937387277,43.6,44.2,39.5,False,-0.09403669724770647,-0.10403669724770646
frr1_basic_deleveraging,2025-10,2025-11-11,3,2025-11-14,2025-12-05,15,otc,5351,鈺創,半導體業,2.320578105549865,0.196078431372549,425928947.5,0.0,0.21462043111527648,True,1.7084767937387277,43.6,44.2,39.8,False,-0.08715596330275244,-0.09715596330275243
frr1_basic_deleveraging,2025-10,2025-11-11,3,2025-11-14,2025-12-12,20,otc,5351,鈺創,半導體業,2.320578105549865,0.196078431372549,425928947.5,0.0,0.21462043111527648,True,1.7084767937387277,43.6,44.2,41.5,False,-0.04816513761467889,-0.05816513761467889
frr1_basic_deleveraging,2025-10,2025-11-11,1,2025-11-12,2025-11-26,10,otc,5289,宜鼎,電腦及週邊設備業,1.359484724495516,0.1959798994974875,2559948475.0,0.0,0.07736516357206012,True,3.153491901221715,483.0,523.0,484.0,False,0.0020703933747412417,-0.007929606625258758
frr1_basic_deleveraging,2025-10,2025-11-11,1,2025-11-12,2025-12-03,15,otc,5289,宜鼎,電腦及週邊設備業,1.359484724495516,0.1959798994974875,2559948475.0,0.0,0.07736516357206012,True,3.153491901221715,483.0,523.0,457.5,False,-0.052795031055900665,-0.06279503105590066
frr1_basic_deleveraging,2025-10,2025-11-11,1,2025-11-12,2025-12-10,20,otc,5289,宜鼎,電腦及週邊設備業,1.359484724495516,0.1959798994974875,2559948475.0,0.0,0.07736516357206012,True,3.153491901221715,483.0,523.0,466.5,False,-0.03416149068322982,-0.044161490683229825
frr1_basic_deleveraging,2025-10,2025-11-11,2,2025-11-13,2025-11-27,10,otc,5289,宜鼎,電腦及週邊設備業,1.359484724495516,0.1959798994974875,2559948475.0,0.0,0.07736516357206012,True,3.153491901221715,532.0,558.0,489.5,False,-0.07988721804511278,-0.08988721804511278
frr1_basic_deleveraging,2025-10,2025-11-11,2,2025-11-13,2025-12-04,15,otc,5289,宜鼎,電腦及週邊設備業,1.359484724495516,0.1959798994974875,2559948475.0,0.0,0.07736516357206012,True,3.153491901221715,532.0,558.0,452.0,False,-0.15037593984962405,-0.16037593984962406
frr1_basic_deleveraging,2025-10,2025-11-11,2,2025-11-13,2025-12-11,20,otc,5289,宜鼎,電腦及週邊設備業,1.359484724495516,0.1959798994974875,2559948475.0,0.0,0.07736516357206012,True,3.153491901221715,532.0,558.0,473.0,False,-0.11090225563909772,-0.12090225563909772
frr1_basic_deleveraging,2025-10,2025-11-11,3,2025-11-14,2025-11-28,10,otc,5289,宜鼎,電腦及週邊設備業,1.359484724495516,0.1959798994974875,2559948475.0,0.0,0.07736516357206012,True,3.153491901221715,540.0,522.0,493.5,False,-0.08611111111111114,-0.09611111111111113
frr1_basic_deleveraging,2025-10,2025-11-11,3,2025-11-14,2025-12-05,15,otc,5289,宜鼎,電腦及週邊設備業,1.359484724495516,0.1959798994974875,2559948475.0,0.0,0.07736516357206012,True,3.153491901221715,540.0,522.0,469.0,False,-0.13148148148148153,-0.14148148148148154
frr1_basic_deleveraging,2025-10,2025-11-11,3,2025-11-14,2025-12-12,20,otc,5289,宜鼎,電腦及週邊設備業,1.359484724495516,0.1959798994974875,2559948475.0,0.0,0.07736516357206012,True,3.153491901221715,540.0,522.0,500.0,False,-0.07407407407407407,-0.08407407407407406
frr1_basic_deleveraging,2025-11,2025-12-11,1,2025-12-12,2025-12-29,10,otc,5351,鈺創,半導體業,1.9872547328644385,-0.13691128148959475,411946515.0,0.0,0.21462043111527648,True,1.1990424795657295,39.7,41.5,44.6,False,0.12342569269521397,0.11342569269521398
frr1_basic_deleveraging,2025-11,2025-12-11,1,2025-12-12,2026-01-06,15,otc,5351,鈺創,半導體業,1.9872547328644385,-0.13691128148959475,411946515.0,0.0,0.21462043111527648,True,1.1990424795657295,39.7,41.5,62.8,False,0.5818639798488663,0.5718639798488663
frr1_basic_deleveraging,2025-11,2025-12-11,1,2025-12-12,2026-01-13,20,otc,5351,鈺創,半導體業,1.9872547328644385,-0.13691128148959475,411946515.0,0.0,0.21462043111527648,True,1.1990424795657295,39.7,41.5,60.7,False,0.5289672544080604,0.5189672544080604
frr1_basic_deleveraging,2025-11,2025-12-11,2,2025-12-15,2025-12-30,10,otc,5351,鈺創,半導體業,1.9872547328644385,-0.13691128148959475,411946515.0,0.0,0.21462043111527648,True,1.1990424795657295,40.05,39.9,49.05,False,0.2247191011235956,0.2147191011235956
frr1_basic_deleveraging,2025-11,2025-12-11,2,2025-12-15,2026-01-07,15,otc,5351,鈺創,半導體業,1.9872547328644385,-0.13691128148959475,411946515.0,0.0,0.21462043111527648,True,1.1990424795657295,40.05,39.9,61.0,False,0.523096129837703,0.513096129837703
frr1_basic_deleveraging,2025-11,2025-12-11,2,2025-12-15,2026-01-14,20,otc,5351,鈺創,半導體業,1.9872547328644385,-0.13691128148959475,411946515.0,0.0,0.21462043111527648,True,1.1990424795657295,40.05,39.9,60.4,False,0.5081148564294633,0.4981148564294633
frr1_basic_deleveraging,2025-11,2025-12-11,3,2025-12-16,2025-12-31,10,otc,5351,鈺創,半導體業,1.9872547328644385,-0.13691128148959475,411946515.0,0.0,0.21462043111527648,True,1.1990424795657295,39.65,38.85,50.8,False,0.28121059268600246,0.27121059268600245
frr1_basic_deleveraging,2025-11,2025-12-11,3,2025-12-16,2026-01-08,15,otc,5351,鈺創,半導體業,1.9872547328644385,-0.13691128148959475,411946515.0,0.0,0.21462043111527648,True,1.1990424795657295,39.65,38.85,61.8,False,0.5586380832282472,0.5486380832282471
frr1_basic_deleveraging,2025-11,2025-12-11,3,2025-12-16,2026-01-15,20,otc,5351,鈺創,半導體業,1.9872547328644385,-0.13691128148959475,411946515.0,0.0,0.21462043111527648,True,1.1990424795657295,39.65,38.85,62.0,False,0.5636822194199245,0.5536822194199245
frr1_basic_deleveraging,2025-11,2025-12-11,1,2025-12-12,2025-12-29,10,otc,6903,巨漢,其他電子業,1.420043802598518,0.11309523809523814,59060625.0,0.0,0.2601456815816857,True,2.0288705638249267,189.5,182.5,217.5,False,0.14775725593667555,0.13775725593667554
frr1_basic_deleveraging,2025-11,2025-12-11,1,2025-12-12,2026-01-06,15,otc,6903,巨漢,其他電子業,1.420043802598518,0.11309523809523814,59060625.0,0.0,0.2601456815816857,True,2.0288705638249267,189.5,182.5,228.5,False,0.2058047493403694,0.1958047493403694
frr1_basic_deleveraging,2025-11,2025-12-11,1,2025-12-12,2026-01-13,20,otc,6903,巨漢,其他電子業,1.420043802598518,0.11309523809523814,59060625.0,0.0,0.2601456815816857,True,2.0288705638249267,189.5,182.5,276.5,False,0.4591029023746702,0.4491029023746702
frr1_basic_deleveraging,2025-11,2025-12-11,2,2025-12-15,2025-12-30,10,otc,6903,巨漢,其他電子業,1.420043802598518,0.11309523809523814,59060625.0,0.0,0.2601456815816857,True,2.0288705638249267,178.0,200.5,215.5,False,0.2106741573033708,0.2006741573033708
frr1_basic_deleveraging,2025-11,2025-12-11,2,2025-12-15,2026-01-07,15,otc,6903,巨漢,其他電子業,1.420043802598518,0.11309523809523814,59060625.0,0.0,0.2601456815816857,True,2.0288705638249267,178.0,200.5,225.0,False,0.2640449438202248,0.2540449438202248
frr1_basic_deleveraging,2025-11,2025-12-11,2,2025-12-15,2026-01-14,20,otc,6903,巨漢,其他電子業,1.420043802598518,0.11309523809523814,59060625.0,0.0,0.2601456815816857,True,2.0288705638249267,178.0,200.5,286.0,False,0.6067415730337078,0.5967415730337078
frr1_basic_deleveraging,2025-11,2025-12-11,3,2025-12-16,2025-12-31,10,otc,6903,巨漢,其他電子業,1.420043802598518,0.11309523809523814,59060625.0,0.0,0.2601456815816857,True,2.0288705638249267,210.5,220.5,237.0,False,0.12589073634204273,0.11589073634204274
frr1_basic_deleveraging,2025-11,2025-12-11,3,2025-12-16,2026-01-08,15,otc,6903,巨漢,其他電子業,1.420043802598518,0.11309523809523814,59060625.0,0.0,0.2601456815816857,True,2.0288705638249267,210.5,220.5,224.0,False,0.06413301662707838,0.054133016627078374
frr1_basic_deleveraging,2025-11,2025-12-11,3,2025-12-16,2026-01-15,20,otc,6903,巨漢,其他電子業,1.420043802598518,0.11309523809523814,59060625.0,0.0,0.2601456815816857,True,2.0288705638249267,210.5,220.5,278.0,False,0.3206650831353919,0.3106650831353919
frr1_basic_deleveraging,2025-11,2025-12-11,1,2025-12-12,2025-12-29,10,otc,5289,宜鼎,電腦及週邊設備業,1.4270170840992633,-0.1523297491039427,2449556425.0,0.0,0.07736516357206012,True,1.949958577767975,477.5,500.0,517.0,False,0.08272251308900525,0.07272251308900525
frr1_basic_deleveraging,2025-11,2025-12-11,1,2025-12-12,2026-01-06,15,otc,5289,宜鼎,電腦及週邊設備業,1.4270170840992633,-0.1523297491039427,2449556425.0,0.0,0.07736516357206012,True,1.949958577767975,477.5,500.0,626.0,False,0.31099476439790585,0.30099476439790585
frr1_basic_deleveraging,2025-11,2025-12-11,1,2025-12-12,2026-01-13,20,otc,5289,宜鼎,電腦及週邊設備業,1.4270170840992633,-0.1523297491039427,2449556425.0,0.0,0.07736516357206012,True,1.949958577767975,477.5,500.0,646.0,False,0.3528795811518324,0.34287958115183237
frr1_basic_deleveraging,2025-11,2025-12-11,2,2025-12-15,2025-12-30,10,otc,5289,宜鼎,電腦及週邊設備業,1.4270170840992633,-0.1523297491039427,2449556425.0,0.0,0.07736516357206012,True,1.949958577767975,495.0,495.0,524.0,False,0.05858585858585852,0.04858585858585852
frr1_basic_deleveraging,2025-11,2025-12-11,2,2025-12-15,2026-01-07,15,otc,5289,宜鼎,電腦及週邊設備業,1.4270170840992633,-0.1523297491039427,2449556425.0,0.0,0.07736516357206012,True,1.949958577767975,495.0,495.0,655.0,False,0.3232323232323233,0.3132323232323233
frr1_basic_deleveraging,2025-11,2025-12-11,2,2025-12-15,2026-01-14,20,otc,5289,宜鼎,電腦及週邊設備業,1.4270170840992633,-0.1523297491039427,2449556425.0,0.0,0.07736516357206012,True,1.949958577767975,495.0,495.0,645.0,False,0.303030303030303,0.293030303030303
frr1_basic_deleveraging,2025-11,2025-12-11,3,2025-12-16,2025-12-31,10,otc,5289,宜鼎,電腦及週邊設備業,1.4270170840992633,-0.1523297491039427,2449556425.0,0.0,0.07736516357206012,True,1.949958577767975,495.0,481.5,576.0,False,0.16363636363636358,0.15363636363636357
frr1_basic_deleveraging,2025-11,2025-12-11,3,2025-12-16,2026-01-08,15,otc,5289,宜鼎,電腦及週邊設備業,1.4270170840992633,-0.1523297491039427,2449556425.0,0.0,0.07736516357206012,True,1.949958577767975,495.0,481.5,645.0,False,0.303030303030303,0.293030303030303
frr1_basic_deleveraging,2025-11,2025-12-11,3,2025-12-16,2026-01-15,20,otc,5289,宜鼎,電腦及週邊設備業,1.4270170840992633,-0.1523297491039427,2449556425.0,0.0,0.07736516357206012,True,1.949958577767975,495.0,481.5,644.0,False,0.30101010101010095,0.29101010101010094
frr1_basic_deleveraging,2023-12,2024-01-11,1,2024-01-12,2024-01-26,10,otc,3402,漢科,其他電子業,1.7489502590807517,0.04422253922967201,82692275.0,0.0,0.04659498207885305,True,2.020042653468039,73.2,71.9,79.2,False,0.08196721311475419,0.0719672131147542
frr1_basic_deleveraging,2023-12,2024-01-11,1,2024-01-12,2024-02-02,15,otc,3402,漢科,其他電子業,1.7489502590807517,0.04422253922967201,82692275.0,0.0,0.04659498207885305,True,2.020042653468039,73.2,71.9,78.4,False,0.0710382513661203,0.061038251366120296
frr1_basic_deleveraging,2023-12,2024-01-11,1,2024-01-12,2024-02-20,20,otc,3402,漢科,其他電子業,1.7489502590807517,0.04422253922967201,82692275.0,0.0,0.04659498207885305,True,2.020042653468039,73.2,71.9,88.0,False,0.20218579234972678,0.19218579234972677
frr1_basic_deleveraging,2023-12,2024-01-11,2,2024-01-15,2024-01-29,10,otc,3402,漢科,其他電子業,1.7489502590807517,0.04422253922967201,82692275.0,0.0,0.04659498207885305,True,2.020042653468039,72.5,72.8,77.6,False,0.07034482758620686,0.06034482758620686
frr1_basic_deleveraging,2023-12,2024-01-11,2,2024-01-15,2024-02-05,15,otc,3402,漢科,其他電子業,1.7489502590807517,0.04422253922967201,82692275.0,0.0,0.04659498207885305,True,2.020042653468039,72.5,72.8,81.0,False,0.11724137931034484,0.10724137931034484
frr1_basic_deleveraging,2023-12,2024-01-11,2,2024-01-15,2024-02-21,20,otc,3402,漢科,其他電子業,1.7489502590807517,0.04422253922967201,82692275.0,0.0,0.04659498207885305,True,2.020042653468039,72.5,72.8,90.2,False,0.2441379310344829,0.23413793103448288
frr1_basic_deleveraging,2023-12,2024-01-11,3,2024-01-16,2024-01-30,10,otc,3402,漢科,其他電子業,1.7489502590807517,0.04422253922967201,82692275.0,0.0,0.04659498207885305,True,2.020042653468039,72.7,72.9,77.4,False,0.06464924346629997,0.054649243466299964
frr1_basic_deleveraging,2023-12,2024-01-11,3,2024-01-16,2024-02-15,15,otc,3402,漢科,其他電子業,1.7489502590807517,0.04422253922967201,82692275.0,0.0,0.04659498207885305,True,2.020042653468039,72.7,72.9,86.6,False,0.1911966987620357,0.1811966987620357
frr1_basic_deleveraging,2023-12,2024-01-11,3,2024-01-16,2024-02-22,20,otc,3402,漢科,其他電子業,1.7489502590807517,0.04422253922967201,82692275.0,0.0,0.04659498207885305,True,2.020042653468039,72.7,72.9,99.2,False,0.36451169188445665,0.35451169188445664
frr1_basic_deleveraging,2023-12,2024-01-11,1,2024-01-12,2024-01-26,10,otc,8155,博智,電子零組件業,1.3597554852768032,-0.06906906906906907,112336125.0,0.0,0.152114390021296,True,0.45625033549473737,156.0,151.5,146.5,False,-0.0608974358974359,-0.0708974358974359
frr1_basic_deleveraging,2023-12,2024-01-11,1,2024-01-12,2024-02-02,15,otc,8155,博智,電子零組件業,1.3597554852768032,-0.06906906906906907,112336125.0,0.0,0.152114390021296,True,0.45625033549473737,156.0,151.5,147.5,False,-0.054487179487179516,-0.06448717948717951
frr1_basic_deleveraging,2023-12,2024-01-11,1,2024-01-12,2024-02-20,20,otc,8155,博智,電子零組件業,1.3597554852768032,-0.06906906906906907,112336125.0,0.0,0.152114390021296,True,0.45625033549473737,156.0,151.5,150.5,False,-0.03525641025641024,-0.045256410256410244
frr1_basic_deleveraging,2023-12,2024-01-11,2,2024-01-15,2024-01-29,10,otc,8155,博智,電子零組件業,1.3597554852768032,-0.06906906906906907,112336125.0,0.0,0.152114390021296,True,0.45625033549473737,153.5,156.0,146.5,False,-0.0456026058631922,-0.055602605863192205
frr1_basic_deleveraging,2023-12,2024-01-11,2,2024-01-15,2024-02-05,15,otc,8155,博智,電子零組件業,1.3597554852768032,-0.06906906906906907,112336125.0,0.0,0.152114390021296,True,0.45625033549473737,153.5,156.0,145.0,False,-0.055374592833876246,-0.06537459283387624
frr1_basic_deleveraging,2023-12,2024-01-11,2,2024-01-15,2024-02-21,20,otc,8155,博智,電子零組件業,1.3597554852768032,-0.06906906906906907,112336125.0,0.0,0.152114390021296,True,0.45625033549473737,153.5,156.0,146.5,False,-0.0456026058631922,-0.055602605863192205
frr1_basic_deleveraging,2023-12,2024-01-11,3,2024-01-16,2024-01-30,10,otc,8155,博智,電子零組件業,1.3597554852768032,-0.06906906906906907,112336125.0,0.0,0.152114390021296,True,0.45625033549473737,156.5,157.5,149.0,False,-0.04792332268370603,-0.05792332268370603
frr1_basic_deleveraging,2023-12,2024-01-11,3,2024-01-16,2024-02-15,15,otc,8155,博智,電子零組件業,1.3597554852768032,-0.06906906906906907,112336125.0,0.0,0.152114390021296,True,0.45625033549473737,156.5,157.5,143.5,False,-0.08306709265175716,-0.09306709265175715
frr1_basic_deleveraging,2023-12,2024-01-11,3,2024-01-16,2024-02-22,20,otc,8155,博智,電子零組件業,1.3597554852768032,-0.06906906906906907,112336125.0,0.0,0.152114390021296,True,0.45625033549473737,156.5,157.5,146.5,False,-0.06389776357827481,-0.07389776357827481
frr1_basic_deleveraging,2024-02,2024-03-11,1,2024-03-12,2024-03-26,10,otc,3691,碩禾,光電業,1.539893705195294,0.18999999999999995,59793395.0,0.0,0.10154147296305359,True,2.228860898311526,120.5,117.5,120.0,False,-0.004149377593360981,-0.014149377593360981
frr1_basic_deleveraging,2024-02,2024-03-11,1,2024-03-12,2024-04-02,15,otc,3691,碩禾,光電業,1.539893705195294,0.18999999999999995,59793395.0,0.0,0.10154147296305359,True,2.228860898311526,120.5,117.5,115.5,False,-0.04149377593360992,-0.051493775933609924
frr1_basic_deleveraging,2024-02,2024-03-11,1,2024-03-12,2024-04-11,20,otc,3691,碩禾,光電業,1.539893705195294,0.18999999999999995,59793395.0,0.0,0.10154147296305359,True,2.228860898311526,120.5,117.5,141.5,False,0.17427385892116187,0.16427385892116186
frr1_basic_deleveraging,2024-02,2024-03-11,2,2024-03-13,2024-03-27,10,otc,3691,碩禾,光電業,1.539893705195294,0.18999999999999995,59793395.0,0.0,0.10154147296305359,True,2.228860898311526,124.0,118.5,119.5,False,-0.03629032258064513,-0.04629032258064513
frr1_basic_deleveraging,2024-02,2024-03-11,2,2024-03-13,2024-04-03,15,otc,3691,碩禾,光電業,1.539893705195294,0.18999999999999995,59793395.0,0.0,0.10154147296305359,True,2.228860898311526,124.0,118.5,114.5,False,-0.0766129032258065,-0.08661290322580649
frr1_basic_deleveraging,2024-02,2024-03-11,2,2024-03-13,2024-04-12,20,otc,3691,碩禾,光電業,1.539893705195294,0.18999999999999995,59793395.0,0.0,0.10154147296305359,True,2.228860898311526,124.0,118.5,152.5,False,0.22983870967741926,0.21983870967741925
frr1_basic_deleveraging,2024-02,2024-03-11,3,2024-03-14,2024-03-28,10,otc,3691,碩禾,光電業,1.539893705195294,0.18999999999999995,59793395.0,0.0,0.10154147296305359,True,2.228860898311526,117.0,116.0,123.5,False,0.05555555555555558,0.04555555555555558
frr1_basic_deleveraging,2024-02,2024-03-11,3,2024-03-14,2024-04-08,15,otc,3691,碩禾,光電業,1.539893705195294,0.18999999999999995,59793395.0,0.0,0.10154147296305359,True,2.228860898311526,117.0,116.0,118.5,False,0.012820512820512775,0.0028205128205127748
frr1_basic_deleveraging,2024-02,2024-03-11,3,2024-03-14,2024-04-15,20,otc,3691,碩禾,光電業,1.539893705195294,0.18999999999999995,59793395.0,0.0,0.10154147296305359,True,2.228860898311526,117.0,116.0,156.0,False,0.33333333333333326,0.32333333333333325
frr2_no_catch_falling_knife,2024-09,2024-10-11,1,2024-10-14,2024-10-28,10,otc,5386,青雲,電腦及週邊設備業,1.9103537669106951,-0.02717391304347827,171282510.0,0.0,0.1388888888888889,True,1.2242906411096006,90.5,92.4,99.7,False,0.10165745856353592,0.09165745856353592
frr2_no_catch_falling_knife,2024-09,2024-10-11,1,2024-10-14,2024-11-05,15,otc,5386,青雲,電腦及週邊設備業,1.9103537669106951,-0.02717391304347827,171282510.0,0.0,0.1388888888888889,True,1.2242906411096006,90.5,92.4,91.3,False,0.008839779005524795,-0.0011602209944752053
frr2_no_catch_falling_knife,2024-09,2024-10-11,1,2024-10-14,2024-11-12,20,otc,5386,青雲,電腦及週邊設備業,1.9103537669106951,-0.02717391304347827,171282510.0,0.0,0.1388888888888889,True,1.2242906411096006,90.5,92.4,91.0,False,0.005524861878453136,-0.004475138121546865
frr2_no_catch_falling_knife,2024-09,2024-10-11,2,2024-10-15,2024-10-29,10,otc,5386,青雲,電腦及週邊設備業,1.9103537669106951,-0.02717391304347827,171282510.0,0.0,0.1388888888888889,True,1.2242906411096006,93.2,88.3,100.5,False,0.07832618025751059,0.0683261802575106
frr2_no_catch_falling_knife,2024-09,2024-10-11,2,2024-10-15,2024-11-06,15,otc,5386,青雲,電腦及週邊設備業,1.9103537669106951,-0.02717391304347827,171282510.0,0.0,0.1388888888888889,True,1.2242906411096006,93.2,88.3,95.2,False,0.02145922746781115,0.011459227467811148
frr2_no_catch_falling_knife,2024-09,2024-10-11,2,2024-10-15,2024-11-13,20,otc,5386,青雲,電腦及週邊設備業,1.9103537669106951,-0.02717391304347827,171282510.0,0.0,0.1388888888888889,True,1.2242906411096006,93.2,88.3,88.3,False,-0.05257510729613735,-0.06257510729613734
frr2_no_catch_falling_knife,2024-09,2024-10-11,3,2024-10-16,2024-10-30,10,otc,5386,青雲,電腦及週邊設備業,1.9103537669106951,-0.02717391304347827,171282510.0,0.0,0.1388888888888889,True,1.2242906411096006,88.2,88.5,104.5,False,0.1848072562358276,0.1748072562358276
frr2_no_catch_falling_knife,2024-09,2024-10-11,3,2024-10-16,2024-11-07,15,otc,5386,青雲,電腦及週邊設備業,1.9103537669106951,-0.02717391304347827,171282510.0,0.0,0.1388888888888889,True,1.2242906411096006,88.2,88.5,94.5,False,0.0714285714285714,0.061428571428571395
frr2_no_catch_falling_knife,2024-09,2024-10-11,3,2024-10-16,2024-11-14,20,otc,5386,青雲,電腦及週邊設備業,1.9103537669106951,-0.02717391304347827,171282510.0,0.0,0.1388888888888889,True,1.2242906411096006,88.2,88.5,86.6,False,-0.018140589569161092,-0.028140589569161094
frr2_no_catch_falling_knife,2024-11,2024-12-11,1,2024-12-12,2024-12-26,10,otc,6223,旺矽,半導體業,1.3249867934005057,0.06019656019656017,2558888300.0,0.0,0.13157894736842105,True,1.1521540159019728,872.0,863.0,889.0,False,0.019495412844036775,0.009495412844036774
frr2_no_catch_falling_knife,2024-11,2024-12-11,1,2024-12-12,2025-01-03,15,otc,6223,旺矽,半導體業,1.3249867934005057,0.06019656019656017,2558888300.0,0.0,0.13157894736842105,True,1.1521540159019728,872.0,863.0,894.0,False,0.025229357798165042,0.015229357798165042
frr2_no_catch_falling_knife,2024-11,2024-12-11,1,2024-12-12,2025-01-10,20,otc,6223,旺矽,半導體業,1.3249867934005057,0.06019656019656017,2558888300.0,0.0,0.13157894736842105,True,1.1521540159019728,872.0,863.0,948.0,False,0.08715596330275233,0.07715596330275233
frr2_no_catch_falling_knife,2024-11,2024-12-11,2,2024-12-13,2024-12-27,10,otc,6223,旺矽,半導體業,1.3249867934005057,0.06019656019656017,2558888300.0,0.0,0.13157894736842105,True,1.1521540159019728,863.0,861.0,925.0,False,0.07184241019698723,0.061842410196987226
frr2_no_catch_falling_knife,2024-11,2024-12-11,2,2024-12-13,2025-01-06,15,otc,6223,旺矽,半導體業,1.3249867934005057,0.06019656019656017,2558888300.0,0.0,0.13157894736842105,True,1.1521540159019728,863.0,861.0,901.0,False,0.044032444959443806,0.034032444959443804
frr2_no_catch_falling_knife,2024-11,2024-12-11,2,2024-12-13,2025-01-13,20,otc,6223,旺矽,半導體業,1.3249867934005057,0.06019656019656017,2558888300.0,0.0,0.13157894736842105,True,1.1521540159019728,863.0,861.0,889.0,False,0.030127462340671984,0.020127462340671982
frr2_no_catch_falling_knife,2024-11,2024-12-11,3,2024-12-16,2024-12-30,10,otc,6223,旺矽,半導體業,1.3249867934005057,0.06019656019656017,2558888300.0,0.0,0.13157894736842105,True,1.1521540159019728,875.0,848.0,921.0,False,0.05257142857142849,0.04257142857142849
frr2_no_catch_falling_knife,2024-11,2024-12-11,3,2024-12-16,2025-01-07,15,otc,6223,旺矽,半導體業,1.3249867934005057,0.06019656019656017,2558888300.0,0.0,0.13157894736842105,True,1.1521540159019728,875.0,848.0,985.0,False,0.12571428571428567,0.11571428571428567
frr2_no_catch_falling_knife,2024-11,2024-12-11,3,2024-12-16,2025-01-14,20,otc,6223,旺矽,半導體業,1.3249867934005057,0.06019656019656017,2558888300.0,0.0,0.13157894736842105,True,1.1521540159019728,875.0,848.0,927.0,False,0.059428571428571386,0.049428571428571384
frr2_no_catch_falling_knife,2024-12,2025-01-13,1,2025-01-14,2025-02-06,10,otc,6143,振曜,通信網路業,2.1286196164894897,0.10091743119266061,131074300.0,0.0,0.07539817011182649,True,0.38714260281578156,122.0,121.5,123.5,False,0.012295081967213184,0.0022950819672131837
frr2_no_catch_falling_knife,2024-12,2025-01-13,1,2025-01-14,2025-02-13,15,otc,6143,振曜,通信網路業,2.1286196164894897,0.10091743119266061,131074300.0,0.0,0.07539817011182649,True,0.38714260281578156,122.0,121.5,121.0,False,-0.008196721311475419,-0.01819672131147542
frr2_no_catch_falling_knife,2024-12,2025-01-13,1,2025-01-14,2025-02-20,20,otc,6143,振曜,通信網路業,2.1286196164894897,0.10091743119266061,131074300.0,0.0,0.07539817011182649,True,0.38714260281578156,122.0,121.5,129.5,False,0.061475409836065475,0.051475409836065474
frr2_no_catch_falling_knife,2024-12,2025-01-13,2,2025-01-15,2025-02-07,10,otc,6143,振曜,通信網路業,2.1286196164894897,0.10091743119266061,131074300.0,0.0,0.07539817011182649,True,0.38714260281578156,119.5,118.0,131.0,False,0.09623430962343105,0.08623430962343105
frr2_no_catch_falling_knife,2024-12,2025-01-13,2,2025-01-15,2025-02-14,15,otc,6143,振曜,通信網路業,2.1286196164894897,0.10091743119266061,131074300.0,0.0,0.07539817011182649,True,0.38714260281578156,119.5,118.0,121.5,False,0.01673640167364021,0.006736401673640211
frr2_no_catch_falling_knife,2024-12,2025-01-13,2,2025-01-15,2025-02-21,20,otc,6143,振曜,通信網路業,2.1286196164894897,0.10091743119266061,131074300.0,0.0,0.07539817011182649,True,0.38714260281578156,119.5,118.0,138.5,False,0.15899581589958167,0.14899581589958166
frr2_no_catch_falling_knife,2024-12,2025-01-13,3,2025-01-16,2025-02-10,10,otc,6143,振曜,通信網路業,2.1286196164894897,0.10091743119266061,131074300.0,0.0,0.07539817011182649,True,0.38714260281578156,120.5,125.0,127.5,False,0.05809128630705396,0.048091286307053956
frr2_no_catch_falling_knife,2024-12,2025-01-13,3,2025-01-16,2025-02-17,15,otc,6143,振曜,通信網路業,2.1286196164894897,0.10091743119266061,131074300.0,0.0,0.07539817011182649,True,0.38714260281578156,120.5,125.0,122.5,False,0.016597510373443924,0.006597510373443924
frr2_no_catch_falling_knife,2024-12,2025-01-13,3,2025-01-16,2025-02-24,20,otc,6143,振曜,通信網路業,2.1286196164894897,0.10091743119266061,131074300.0,0.0,0.07539817011182649,True,0.38714260281578156,120.5,125.0,139.5,False,0.15767634854771795,0.14767634854771794
frr2_no_catch_falling_knife,2025-05,2025-06-11,1,2025-06-12,2025-06-26,10,otc,5439,高技,電子零組件業,1.3838428363120008,0.2197802197802199,2841969675.0,0.0,0.04675586246583226,True,1.6287486007962249,222.0,211.0,223.0,False,0.0045045045045044585,-0.005495495495495542
frr2_no_catch_falling_knife,2025-05,2025-06-11,1,2025-06-12,2025-07-03,15,otc,5439,高技,電子零組件業,1.3838428363120008,0.2197802197802199,2841969675.0,0.0,0.04675586246583226,True,1.6287486007962249,222.0,211.0,241.0,False,0.0855855855855856,0.0755855855855856
frr2_no_catch_falling_knife,2025-05,2025-06-11,1,2025-06-12,2025-07-10,20,otc,5439,高技,電子零組件業,1.3838428363120008,0.2197802197802199,2841969675.0,0.0,0.04675586246583226,True,1.6287486007962249,222.0,211.0,240.0,False,0.08108108108108114,0.07108108108108115
frr2_no_catch_falling_knife,2025-05,2025-06-11,2,2025-06-13,2025-06-27,10,otc,5439,高技,電子零組件業,1.3838428363120008,0.2197802197802199,2841969675.0,0.0,0.04675586246583226,True,1.6287486007962249,208.0,206.0,240.0,False,0.15384615384615374,0.14384615384615373
frr2_no_catch_falling_knife,2025-05,2025-06-11,2,2025-06-13,2025-07-04,15,otc,5439,高技,電子零組件業,1.3838428363120008,0.2197802197802199,2841969675.0,0.0,0.04675586246583226,True,1.6287486007962249,208.0,206.0,243.0,False,0.16826923076923084,0.15826923076923083
frr2_no_catch_falling_knife,2025-05,2025-06-11,2,2025-06-13,2025-07-11,20,otc,5439,高技,電子零組件業,1.3838428363120008,0.2197802197802199,2841969675.0,0.0,0.04675586246583226,True,1.6287486007962249,208.0,206.0,236.0,False,0.13461538461538458,0.12461538461538459
frr2_no_catch_falling_knife,2025-05,2025-06-11,3,2025-06-16,2025-06-30,10,otc,5439,高技,電子零組件業,1.3838428363120008,0.2197802197802199,2841969675.0,0.0,0.04675586246583226,True,1.6287486007962249,205.0,207.0,238.5,False,0.1634146341463414,0.15341463414634138
frr2_no_catch_falling_knife,2025-05,2025-06-11,3,2025-06-16,2025-07-07,15,otc,5439,高技,電子零組件業,1.3838428363120008,0.2197802197802199,2841969675.0,0.0,0.04675586246583226,True,1.6287486007962249,205.0,207.0,229.0,False,0.11707317073170742,0.10707317073170743
frr2_no_catch_falling_knife,2025-05,2025-06-11,3,2025-06-16,2025-07-14,20,otc,5439,高技,電子零組件業,1.3838428363120008,0.2197802197802199,2841969675.0,0.0,0.04675586246583226,True,1.6287486007962249,205.0,207.0,228.0,False,0.11219512195121961,0.10219512195121962
frr2_no_catch_falling_knife,2025-06,2025-07-11,1,2025-07-14,2025-07-28,10,otc,4721,美琪瑪,化學工業,1.8898415474475747,0.17999999999999994,98751875.0,0.0,0.1487644982349975,True,2.6555324211158817,71.5,70.6,84.8,False,0.186013986013986,0.176013986013986
frr2_no_catch_falling_knife,2025-06,2025-07-11,1,2025-07-14,2025-08-04,15,otc,4721,美琪瑪,化學工業,1.8898415474475747,0.17999999999999994,98751875.0,0.0,0.1487644982349975,True,2.6555324211158817,71.5,70.6,82.8,False,0.15804195804195809,0.14804195804195808
frr2_no_catch_falling_knife,2025-06,2025-07-11,1,2025-07-14,2025-08-11,20,otc,4721,美琪瑪,化學工業,1.8898415474475747,0.17999999999999994,98751875.0,0.0,0.1487644982349975,True,2.6555324211158817,71.5,70.6,80.0,False,0.11888111888111896,0.10888111888111897
frr2_no_catch_falling_knife,2025-06,2025-07-11,2,2025-07-15,2025-07-29,10,otc,4721,美琪瑪,化學工業,1.8898415474475747,0.17999999999999994,98751875.0,0.0,0.1487644982349975,True,2.6555324211158817,71.0,70.5,82.7,False,0.1647887323943662,0.1547887323943662
frr2_no_catch_falling_knife,2025-06,2025-07-11,2,2025-07-15,2025-08-05,15,otc,4721,美琪瑪,化學工業,1.8898415474475747,0.17999999999999994,98751875.0,0.0,0.1487644982349975,True,2.6555324211158817,71.0,70.5,82.7,False,0.1647887323943662,0.1547887323943662
frr2_no_catch_falling_knife,2025-06,2025-07-11,2,2025-07-15,2025-08-12,20,otc,4721,美琪瑪,化學工業,1.8898415474475747,0.17999999999999994,98751875.0,0.0,0.1487644982349975,True,2.6555324211158817,71.0,70.5,80.4,False,0.13239436619718314,0.12239436619718315
frr2_no_catch_falling_knife,2025-06,2025-07-11,3,2025-07-16,2025-07-30,10,otc,4721,美琪瑪,化學工業,1.8898415474475747,0.17999999999999994,98751875.0,0.0,0.1487644982349975,True,2.6555324211158817,68.9,72.5,81.8,False,0.18722786647314926,0.17722786647314925
frr2_no_catch_falling_knife,2025-06,2025-07-11,3,2025-07-16,2025-08-06,15,otc,4721,美琪瑪,化學工業,1.8898415474475747,0.17999999999999994,98751875.0,0.0,0.1487644982349975,True,2.6555324211158817,68.9,72.5,87.5,False,0.2699564586357037,0.2599564586357037
frr2_no_catch_falling_knife,2025-06,2025-07-11,3,2025-07-16,2025-08-13,20,otc,4721,美琪瑪,化學工業,1.8898415474475747,0.17999999999999994,98751875.0,0.0,0.1487644982349975,True,2.6555324211158817,68.9,72.5,85.3,False,0.23802612481857754,0.22802612481857754
frr2_no_catch_falling_knife,2025-06,2025-07-11,1,2025-07-14,2025-07-28,10,otc,3260,威剛,半導體業,1.5739401080784858,-0.010449320794148398,793720690.0,0.0,0.12465430291198959,True,1.4536109696778923,90.4,90.0,91.3,False,0.009955752212389202,-4.424778761079849e-05
frr2_no_catch_falling_knife,2025-06,2025-07-11,1,2025-07-14,2025-08-04,15,otc,3260,威剛,半導體業,1.5739401080784858,-0.010449320794148398,793720690.0,0.0,0.12465430291198959,True,1.4536109696778923,90.4,90.0,92.0,False,0.017699115044247815,0.007699115044247815
frr2_no_catch_falling_knife,2025-06,2025-07-11,1,2025-07-14,2025-08-11,20,otc,3260,威剛,半導體業,1.5739401080784858,-0.010449320794148398,793720690.0,0.0,0.12465430291198959,True,1.4536109696778923,90.4,90.0,93.4,False,0.0331858407079646,0.023185840707964596
frr2_no_catch_falling_knife,2025-06,2025-07-11,2,2025-07-15,2025-07-29,10,otc,3260,威剛,半導體業,1.5739401080784858,-0.010449320794148398,793720690.0,0.0,0.12465430291198959,True,1.4536109696778923,90.2,90.7,91.0,False,0.008869179600886845,-0.0011308203991131551
frr2_no_catch_falling_knife,2025-06,2025-07-11,2,2025-07-15,2025-08-05,15,otc,3260,威剛,半導體業,1.5739401080784858,-0.010449320794148398,793720690.0,0.0,0.12465430291198959,True,1.4536109696778923,90.2,90.7,93.2,False,0.03325942350332589,0.02325942350332589
frr2_no_catch_falling_knife,2025-06,2025-07-11,2,2025-07-15,2025-08-12,20,otc,3260,威剛,半導體業,1.5739401080784858,-0.010449320794148398,793720690.0,0.0,0.12465430291198959,True,1.4536109696778923,90.2,90.7,95.5,False,0.058758314855875904,0.0487583148558759
frr2_no_catch_falling_knife,2025-06,2025-07-11,3,2025-07-16,2025-07-30,10,otc,3260,威剛,半導體業,1.5739401080784858,-0.010449320794148398,793720690.0,0.0,0.12465430291198959,True,1.4536109696778923,94.5,91.7,92.0,False,-0.02645502645502651,-0.03645502645502651
frr2_no_catch_falling_knife,2025-06,2025-07-11,3,2025-07-16,2025-08-06,15,otc,3260,威剛,半導體業,1.5739401080784858,-0.010449320794148398,793720690.0,0.0,0.12465430291198959,True,1.4536109696778923,94.5,91.7,92.4,False,-0.022222222222222143,-0.032222222222222145
frr2_no_catch_falling_knife,2025-06,2025-07-11,3,2025-07-16,2025-08-13,20,otc,3260,威剛,半導體業,1.5739401080784858,-0.010449320794148398,793720690.0,0.0,0.12465430291198959,True,1.4536109696778923,94.5,91.7,95.3,False,0.00846560846560851,-0.0015343915343914907
frr2_no_catch_falling_knife,2024-06,2024-07-11,1,2024-07-12,2024-07-30,10,otc,8358,金居,電子零組件業,1.9426903671724554,0.06666666666666665,435593540.0,0.0,0.06412897908725662,True,1.1725401900716466,73.7,75.2,64.5,False,-0.12483039348710989,-0.1348303934871099
frr2_no_catch_falling_knife,2024-06,2024-07-11,1,2024-07-12,2024-08-06,15,otc,8358,金居,電子零組件業,1.9426903671724554,0.06666666666666665,435593540.0,0.0,0.06412897908725662,True,1.1725401900716466,73.7,75.2,58.1,False,-0.21166892808683857,-0.22166892808683858
frr2_no_catch_falling_knife,2024-06,2024-07-11,1,2024-07-12,2024-08-13,20,otc,8358,金居,電子零組件業,1.9426903671724554,0.06666666666666665,435593540.0,0.0,0.06412897908725662,True,1.1725401900716466,73.7,75.2,61.8,False,-0.16146540027137046,-0.17146540027137047
frr2_no_catch_falling_knife,2024-06,2024-07-11,2,2024-07-15,2024-07-31,10,otc,8358,金居,電子零組件業,1.9426903671724554,0.06666666666666665,435593540.0,0.0,0.06412897908725662,True,1.1725401900716466,76.5,73.0,64.7,False,-0.1542483660130719,-0.1642483660130719
frr2_no_catch_falling_knife,2024-06,2024-07-11,2,2024-07-15,2024-08-07,15,otc,8358,金居,電子零組件業,1.9426903671724554,0.06666666666666665,435593540.0,0.0,0.06412897908725662,True,1.1725401900716466,76.5,73.0,60.7,False,-0.20653594771241823,-0.21653594771241824
frr2_no_catch_falling_knife,2024-06,2024-07-11,2,2024-07-15,2024-08-14,20,otc,8358,金居,電子零組件業,1.9426903671724554,0.06666666666666665,435593540.0,0.0,0.06412897908725662,True,1.1725401900716466,76.5,73.0,62.0,False,-0.1895424836601307,-0.19954248366013072
frr2_no_catch_falling_knife,2024-06,2024-07-11,3,2024-07-16,2024-08-01,10,otc,8358,金居,電子零組件業,1.9426903671724554,0.06666666666666665,435593540.0,0.0,0.06412897908725662,True,1.1725401900716466,73.0,72.7,67.2,False,-0.07945205479452055,-0.08945205479452055
frr2_no_catch_falling_knife,2024-06,2024-07-11,3,2024-07-16,2024-08-08,15,otc,8358,金居,電子零組件業,1.9426903671724554,0.06666666666666665,435593540.0,0.0,0.06412897908725662,True,1.1725401900716466,73.0,72.7,60.0,False,-0.17808219178082196,-0.18808219178082197
frr2_no_catch_falling_knife,2024-06,2024-07-11,3,2024-07-16,2024-08-15,20,otc,8358,金居,電子零組件業,1.9426903671724554,0.06666666666666665,435593540.0,0.0,0.06412897908725662,True,1.1725401900716466,73.0,72.7,61.9,False,-0.15205479452054793,-0.16205479452054794
frr2_no_catch_falling_knife,2024-06,2024-07-11,1,2024-07-12,2024-07-30,10,otc,8155,博智,電子零組件業,1.731668279781197,-0.055374592833876246,71202850.0,0.0,0.152114390021296,True,0.4886114038446357,145.5,141.5,130.0,False,-0.10652920962199308,-0.11652920962199308
frr2_no_catch_falling_knife,2024-06,2024-07-11,1,2024-07-12,2024-08-06,15,otc,8155,博智,電子零組件業,1.731668279781197,-0.055374592833876246,71202850.0,0.0,0.152114390021296,True,0.4886114038446357,145.5,141.5,109.5,False,-0.24742268041237114,-0.25742268041237115
frr2_no_catch_falling_knife,2024-06,2024-07-11,1,2024-07-12,2024-08-13,20,otc,8155,博智,電子零組件業,1.731668279781197,-0.055374592833876246,71202850.0,0.0,0.152114390021296,True,0.4886114038446357,145.5,141.5,114.5,False,-0.21305841924398627,-0.22305841924398628
frr2_no_catch_falling_knife,2024-06,2024-07-11,2,2024-07-15,2024-07-31,10,otc,8155,博智,電子零組件業,1.731668279781197,-0.055374592833876246,71202850.0,0.0,0.152114390021296,True,0.4886114038446357,144.0,141.5,130.0,False,-0.09722222222222221,-0.1072222222222222
frr2_no_catch_falling_knife,2024-06,2024-07-11,2,2024-07-15,2024-08-07,15,otc,8155,博智,電子零組件業,1.731668279781197,-0.055374592833876246,71202850.0,0.0,0.152114390021296,True,0.4886114038446357,144.0,141.5,114.0,False,-0.20833333333333337,-0.21833333333333338
frr2_no_catch_falling_knife,2024-06,2024-07-11,2,2024-07-15,2024-08-14,20,otc,8155,博智,電子零組件業,1.731668279781197,-0.055374592833876246,71202850.0,0.0,0.152114390021296,True,0.4886114038446357,144.0,141.5,115.5,False,-0.19791666666666663,-0.20791666666666664
frr2_no_catch_falling_knife,2024-06,2024-07-11,3,2024-07-16,2024-08-01,10,otc,8155,博智,電子零組件業,1.731668279781197,-0.055374592833876246,71202850.0,0.0,0.152114390021296,True,0.4886114038446357,143.5,144.0,137.0,False,-0.04529616724738672,-0.05529616724738672
frr2_no_catch_falling_knife,2024-06,2024-07-11,3,2024-07-16,2024-08-08,15,otc,8155,博智,電子零組件業,1.731668279781197,-0.055374592833876246,71202850.0,0.0,0.152114390021296,True,0.4886114038446357,143.5,144.0,110.5,False,-0.22996515679442509,-0.2399651567944251
frr2_no_catch_falling_knife,2024-06,2024-07-11,3,2024-07-16,2024-08-15,20,otc,8155,博智,電子零組件業,1.731668279781197,-0.055374592833876246,71202850.0,0.0,0.152114390021296,True,0.4886114038446357,143.5,144.0,116.0,False,-0.19163763066202089,-0.2016376306620209
frr2_no_catch_falling_knife,2024-06,2024-07-11,1,2024-07-12,2024-07-30,10,otc,3680,家登,半導體業,1.3136092550832923,0.23181818181818192,880818550.0,0.0,0.1508204633204633,True,1.1849538248703695,528.0,522.0,463.0,False,-0.12310606060606055,-0.13310606060606056
frr2_no_catch_falling_knife,2024-06,2024-07-11,1,2024-07-12,2024-08-06,15,otc,3680,家登,半導體業,1.3136092550832923,0.23181818181818192,880818550.0,0.0,0.1508204633204633,True,1.1849538248703695,528.0,522.0,447.0,False,-0.15340909090909094,-0.16340909090909095
frr2_no_catch_falling_knife,2024-06,2024-07-11,1,2024-07-12,2024-08-13,20,otc,3680,家登,半導體業,1.3136092550832923,0.23181818181818192,880818550.0,0.0,0.1508204633204633,True,1.1849538248703695,528.0,522.0,512.0,False,-0.030303030303030276,-0.04030303030303028
frr2_no_catch_falling_knife,2024-06,2024-07-11,2,2024-07-15,2024-07-31,10,otc,3680,家登,半導體業,1.3136092550832923,0.23181818181818192,880818550.0,0.0,0.1508204633204633,True,1.1849538248703695,527.0,527.0,456.5,False,-0.13377609108159394,-0.14377609108159395
frr2_no_catch_falling_knife,2024-06,2024-07-11,2,2024-07-15,2024-08-07,15,otc,3680,家登,半導體業,1.3136092550832923,0.23181818181818192,880818550.0,0.0,0.1508204633204633,True,1.1849538248703695,527.0,527.0,466.0,False,-0.11574952561669827,-0.12574952561669828
frr2_no_catch_falling_knife,2024-06,2024-07-11,2,2024-07-15,2024-08-14,20,otc,3680,家登,半導體業,1.3136092550832923,0.23181818181818192,880818550.0,0.0,0.1508204633204633,True,1.1849538248703695,527.0,527.0,519.0,False,-0.015180265654648917,-0.02518026565464892
frr2_no_catch_falling_knife,2024-06,2024-07-11,3,2024-07-16,2024-08-01,10,otc,3680,家登,半導體業,1.3136092550832923,0.23181818181818192,880818550.0,0.0,0.1508204633204633,True,1.1849538248703695,525.0,516.0,485.0,False,-0.07619047619047614,-0.08619047619047614
frr2_no_catch_falling_knife,2024-06,2024-07-11,3,2024-07-16,2024-08-08,15,otc,3680,家登,半導體業,1.3136092550832923,0.23181818181818192,880818550.0,0.0,0.1508204633204633,True,1.1849538248703695,525.0,516.0,450.0,False,-0.1428571428571429,-0.1528571428571429
frr2_no_catch_falling_knife,2024-06,2024-07-11,3,2024-07-16,2024-08-15,20,otc,3680,家登,半導體業,1.3136092550832923,0.23181818181818192,880818550.0,0.0,0.1508204633204633,True,1.1849538248703695,525.0,516.0,520.0,False,-0.00952380952380949,-0.019523809523809492
frr2_no_catch_falling_knife,2024-07,2024-08-12,1,2024-08-13,2024-08-27,10,otc,5386,青雲,電腦及週邊設備業,1.6731359983702987,0.06685633001422486,113463110.0,0.0,0.1388888888888889,True,0.8313360503821557,75.3,78.4,100.0,False,0.3280212483399736,0.3180212483399736
frr2_no_catch_falling_knife,2024-07,2024-08-12,1,2024-08-13,2024-09-03,15,otc,5386,青雲,電腦及週邊設備業,1.6731359983702987,0.06685633001422486,113463110.0,0.0,0.1388888888888889,True,0.8313360503821557,75.3,78.4,99.4,False,0.32005312084993376,0.31005312084993375
frr2_no_catch_falling_knife,2024-07,2024-08-12,1,2024-08-13,2024-09-10,20,otc,5386,青雲,電腦及週邊設備業,1.6731359983702987,0.06685633001422486,113463110.0,0.0,0.1388888888888889,True,0.8313360503821557,75.3,78.4,85.2,False,0.13147410358565748,0.12147410358565748
frr2_no_catch_falling_knife,2024-07,2024-08-12,2,2024-08-14,2024-08-28,10,otc,5386,青雲,電腦及週邊設備業,1.6731359983702987,0.06685633001422486,113463110.0,0.0,0.1388888888888889,True,0.8313360503821557,78.5,81.7,101.5,False,0.29299363057324834,0.28299363057324833
frr2_no_catch_falling_knife,2024-07,2024-08-12,2,2024-08-14,2024-09-04,15,otc,5386,青雲,電腦及週邊設備業,1.6731359983702987,0.06685633001422486,113463110.0,0.0,0.1388888888888889,True,0.8313360503821557,78.5,81.7,89.5,False,0.14012738853503182,0.1301273885350318
frr2_no_catch_falling_knife,2024-07,2024-08-12,2,2024-08-14,2024-09-11,20,otc,5386,青雲,電腦及週邊設備業,1.6731359983702987,0.06685633001422486,113463110.0,0.0,0.1388888888888889,True,0.8313360503821557,78.5,81.7,85.0,False,0.08280254777070062,0.07280254777070062
frr2_no_catch_falling_knife,2024-07,2024-08-12,3,2024-08-15,2024-08-29,10,otc,5386,青雲,電腦及週邊設備業,1.6731359983702987,0.06685633001422486,113463110.0,0.0,0.1388888888888889,True,0.8313360503821557,81.7,83.2,111.5,False,0.3647490820073438,0.3547490820073438
frr2_no_catch_falling_knife,2024-07,2024-08-12,3,2024-08-15,2024-09-05,15,otc,5386,青雲,電腦及週邊設備業,1.6731359983702987,0.06685633001422486,113463110.0,0.0,0.1388888888888889,True,0.8313360503821557,81.7,83.2,86.0,False,0.05263157894736836,0.04263157894736836
frr2_no_catch_falling_knife,2024-07,2024-08-12,3,2024-08-15,2024-09-12,20,otc,5386,青雲,電腦及週邊設備業,1.6731359983702987,0.06685633001422486,113463110.0,0.0,0.1388888888888889,True,0.8313360503821557,81.7,83.2,88.6,False,0.0844553243574051,0.07445532435740511
frr2_no_catch_falling_knife,2024-07,2024-08-12,1,2024-08-13,2024-08-27,10,otc,8358,金居,電子零組件業,1.4275656527842988,-0.18484042553191493,475157110.0,0.0,0.06412897908725662,True,1.0845307515473948,61.5,61.8,63.9,False,0.039024390243902474,0.029024390243902472
frr2_no_catch_falling_knife,2024-07,2024-08-12,1,2024-08-13,2024-09-03,15,otc,8358,金居,電子零組件業,1.4275656527842988,-0.18484042553191493,475157110.0,0.0,0.06412897908725662,True,1.0845307515473948,61.5,61.8,64.0,False,0.04065040650406515,0.03065040650406515
frr2_no_catch_falling_knife,2024-07,2024-08-12,1,2024-08-13,2024-09-10,20,otc,8358,金居,電子零組件業,1.4275656527842988,-0.18484042553191493,475157110.0,0.0,0.06412897908725662,True,1.0845307515473948,61.5,61.8,59.8,False,-0.02764227642276429,-0.03764227642276429
frr2_no_catch_falling_knife,2024-07,2024-08-12,2,2024-08-14,2024-08-28,10,otc,8358,金居,電子零組件業,1.4275656527842988,-0.18484042553191493,475157110.0,0.0,0.06412897908725662,True,1.0845307515473948,62.3,62.0,63.7,False,0.022471910112359605,0.012471910112359605
frr2_no_catch_falling_knife,2024-07,2024-08-12,2,2024-08-14,2024-09-04,15,otc,8358,金居,電子零組件業,1.4275656527842988,-0.18484042553191493,475157110.0,0.0,0.06412897908725662,True,1.0845307515473948,62.3,62.0,60.3,False,-0.0321027287319422,-0.0421027287319422
frr2_no_catch_falling_knife,2024-07,2024-08-12,2,2024-08-14,2024-09-11,20,otc,8358,金居,電子零組件業,1.4275656527842988,-0.18484042553191493,475157110.0,0.0,0.06412897908725662,True,1.0845307515473948,62.3,62.0,59.7,False,-0.04173354735152479,-0.05173354735152479
frr2_no_catch_falling_knife,2024-07,2024-08-12,3,2024-08-15,2024-08-29,10,otc,8358,金居,電子零組件業,1.4275656527842988,-0.18484042553191493,475157110.0,0.0,0.06412897908725662,True,1.0845307515473948,62.4,61.9,63.8,False,0.022435897435897356,0.012435897435897356
frr2_no_catch_falling_knife,2024-07,2024-08-12,3,2024-08-15,2024-09-05,15,otc,8358,金居,電子零組件業,1.4275656527842988,-0.18484042553191493,475157110.0,0.0,0.06412897908725662,True,1.0845307515473948,62.4,61.9,60.7,False,-0.027243589743589647,-0.03724358974358965
frr2_no_catch_falling_knife,2024-07,2024-08-12,3,2024-08-15,2024-09-12,20,otc,8358,金居,電子零組件業,1.4275656527842988,-0.18484042553191493,475157110.0,0.0,0.06412897908725662,True,1.0845307515473948,62.4,61.9,60.6,False,-0.028846153846153855,-0.03884615384615386
frr2_no_catch_falling_knife,2024-01,2024-02-15,1,2024-02-16,2024-03-04,10,otc,3402,漢科,其他電子業,1.8076037151831241,0.1863013698630136,79761575.0,0.0,0.04659498207885305,True,1.5652361748255395,88.9,92.0,95.3,False,0.07199100112485923,0.06199100112485923
frr2_no_catch_falling_knife,2024-01,2024-02-15,1,2024-02-16,2024-03-11,15,otc,3402,漢科,其他電子業,1.8076037151831241,0.1863013698630136,79761575.0,0.0,0.04659498207885305,True,1.5652361748255395,88.9,92.0,93.0,False,0.046119235095613,0.036119235095612996
frr2_no_catch_falling_knife,2024-01,2024-02-15,1,2024-02-16,2024-03-18,20,otc,3402,漢科,其他電子業,1.8076037151831241,0.1863013698630136,79761575.0,0.0,0.04659498207885305,True,1.5652361748255395,88.9,92.0,91.4,False,0.028121484814398245,0.018121484814398243
frr2_no_catch_falling_knife,2024-01,2024-02-15,2,2024-02-19,2024-03-05,10,otc,3402,漢科,其他電子業,1.8076037151831241,0.1863013698630136,79761575.0,0.0,0.04659498207885305,True,1.5652361748255395,90.4,87.7,95.5,False,0.05641592920353977,0.04641592920353977
frr2_no_catch_falling_knife,2024-01,2024-02-15,2,2024-02-19,2024-03-12,15,otc,3402,漢科,其他電子業,1.8076037151831241,0.1863013698630136,79761575.0,0.0,0.04659498207885305,True,1.5652361748255395,90.4,87.7,94.5,False,0.04535398230088483,0.03535398230088483
frr2_no_catch_falling_knife,2024-01,2024-02-15,2,2024-02-19,2024-03-19,20,otc,3402,漢科,其他電子業,1.8076037151831241,0.1863013698630136,79761575.0,0.0,0.04659498207885305,True,1.5652361748255395,90.4,87.7,93.1,False,0.02986725663716805,0.019867256637168047
frr2_no_catch_falling_knife,2024-01,2024-02-15,3,2024-02-20,2024-03-06,10,otc,3402,漢科,其他電子業,1.8076037151831241,0.1863013698630136,79761575.0,0.0,0.04659498207885305,True,1.5652361748255395,87.9,88.0,96.9,False,0.10238907849829348,0.09238907849829349
frr2_no_catch_falling_knife,2024-01,2024-02-15,3,2024-02-20,2024-03-13,15,otc,3402,漢科,其他電子業,1.8076037151831241,0.1863013698630136,79761575.0,0.0,0.04659498207885305,True,1.5652361748255395,87.9,88.0,91.3,False,0.03868031854379961,0.028680318543799606
frr2_no_catch_falling_knife,2024-01,2024-02-15,3,2024-02-20,2024-03-20,20,otc,3402,漢科,其他電子業,1.8076037151831241,0.1863013698630136,79761575.0,0.0,0.04659498207885305,True,1.5652361748255395,87.9,88.0,91.7,False,0.04323094425483509,0.03323094425483509
frr2_no_catch_falling_knife,2024-01,2024-02-15,1,2024-02-16,2024-03-04,10,otc,5351,鈺創,半導體業,1.5684283094474767,-0.05175781250000011,507226135.0,0.0,0.21462043111527648,True,1.0414179434685087,49.5,50.8,52.7,False,0.06464646464646462,0.05464646464646462
frr2_no_catch_falling_knife,2024-01,2024-02-15,1,2024-02-16,2024-03-11,15,otc,5351,鈺創,半導體業,1.5684283094474767,-0.05175781250000011,507226135.0,0.0,0.21462043111527648,True,1.0414179434685087,49.5,50.8,51.0,False,0.030303030303030276,0.020303030303030274
frr2_no_catch_falling_knife,2024-01,2024-02-15,1,2024-02-16,2024-03-18,20,otc,5351,鈺創,半導體業,1.5684283094474767,-0.05175781250000011,507226135.0,0.0,0.21462043111527648,True,1.0414179434685087,49.5,50.8,48.6,False,-0.018181818181818188,-0.02818181818181819
frr2_no_catch_falling_knife,2024-01,2024-02-15,2,2024-02-19,2024-03-05,10,otc,5351,鈺創,半導體業,1.5684283094474767,-0.05175781250000011,507226135.0,0.0,0.21462043111527648,True,1.0414179434685087,50.6,51.3,51.4,False,0.015810276679841806,0.005810276679841806
frr2_no_catch_falling_knife,2024-01,2024-02-15,2,2024-02-19,2024-03-12,15,otc,5351,鈺創,半導體業,1.5684283094474767,-0.05175781250000011,507226135.0,0.0,0.21462043111527648,True,1.0414179434685087,50.6,51.3,51.0,False,0.007905138339920903,-0.0020948616600790972
frr2_no_catch_falling_knife,2024-01,2024-02-15,2,2024-02-19,2024-03-19,20,otc,5351,鈺創,半導體業,1.5684283094474767,-0.05175781250000011,507226135.0,0.0,0.21462043111527648,True,1.0414179434685087,50.6,51.3,48.6,False,-0.03952569169960474,-0.04952569169960474
frr2_no_catch_falling_knife,2024-01,2024-02-15,3,2024-02-20,2024-03-06,10,otc,5351,鈺創,半導體業,1.5684283094474767,-0.05175781250000011,507226135.0,0.0,0.21462043111527648,True,1.0414179434685087,51.8,52.6,50.6,False,-0.02316602316602312,-0.03316602316602312
frr2_no_catch_falling_knife,2024-01,2024-02-15,3,2024-02-20,2024-03-13,15,otc,5351,鈺創,半導體業,1.5684283094474767,-0.05175781250000011,507226135.0,0.0,0.21462043111527648,True,1.0414179434685087,51.8,52.6,49.05,False,-0.05308880308880304,-0.06308880308880303
frr2_no_catch_falling_knife,2024-01,2024-02-15,3,2024-02-20,2024-03-20,20,otc,5351,鈺創,半導體業,1.5684283094474767,-0.05175781250000011,507226135.0,0.0,0.21462043111527648,True,1.0414179434685087,51.8,52.6,50.2,False,-0.030888030888030826,-0.04088803088803083
frr2_no_catch_falling_knife,2024-01,2024-02-15,1,2024-02-16,2024-03-04,10,otc,6811,宏硌穈T,數位雲端,1.3590115076734355,0.02076124567474058,88817475.0,0.0,0.21352313167259787,True,0.48522108247750045,294.0,297.0,331.0,False,0.12585034013605445,0.11585034013605446
frr2_no_catch_falling_knife,2024-01,2024-02-15,1,2024-02-16,2024-03-11,15,otc,6811,宏硌穈T,數位雲端,1.3590115076734355,0.02076124567474058,88817475.0,0.0,0.21352313167259787,True,0.48522108247750045,294.0,297.0,294.0,False,0.0,-0.01
frr2_no_catch_falling_knife,2024-01,2024-02-15,1,2024-02-16,2024-03-18,20,otc,6811,宏硌穈T,數位雲端,1.3590115076734355,0.02076124567474058,88817475.0,0.0,0.21352313167259787,True,0.48522108247750045,294.0,297.0,292.5,False,-0.005102040816326481,-0.015102040816326481
frr2_no_catch_falling_knife,2024-01,2024-02-15,2,2024-02-19,2024-03-05,10,otc,6811,宏硌穈T,數位雲端,1.3590115076734355,0.02076124567474058,88817475.0,0.0,0.21352313167259787,True,0.48522108247750045,299.0,307.0,322.0,False,0.07692307692307687,0.06692307692307688
frr2_no_catch_falling_knife,2024-01,2024-02-15,2,2024-02-19,2024-03-12,15,otc,6811,宏硌穈T,數位雲端,1.3590115076734355,0.02076124567474058,88817475.0,0.0,0.21352313167259787,True,0.48522108247750045,299.0,307.0,298.5,False,-0.0016722408026755842,-0.011672240802675584
frr2_no_catch_falling_knife,2024-01,2024-02-15,2,2024-02-19,2024-03-19,20,otc,6811,宏硌穈T,數位雲端,1.3590115076734355,0.02076124567474058,88817475.0,0.0,0.21352313167259787,True,0.48522108247750045,299.0,307.0,296.5,False,-0.00836120401337792,-0.018361204013377923
frr2_no_catch_falling_knife,2024-01,2024-02-15,3,2024-02-20,2024-03-06,10,otc,6811,宏硌穈T,數位雲端,1.3590115076734355,0.02076124567474058,88817475.0,0.0,0.21352313167259787,True,0.48522108247750045,312.5,337.5,318.0,False,0.01760000000000006,0.00760000000000006
frr2_no_catch_falling_knife,2024-01,2024-02-15,3,2024-02-20,2024-03-13,15,otc,6811,宏硌穈T,數位雲端,1.3590115076734355,0.02076124567474058,88817475.0,0.0,0.21352313167259787,True,0.48522108247750045,312.5,337.5,293.5,False,-0.060799999999999965,-0.07079999999999996
frr2_no_catch_falling_knife,2024-01,2024-02-15,3,2024-02-20,2024-03-20,20,otc,6811,宏硌穈T,數位雲端,1.3590115076734355,0.02076124567474058,88817475.0,0.0,0.21352313167259787,True,0.48522108247750045,312.5,337.5,284.5,False,-0.08960000000000001,-0.09960000000000001
frr2_no_catch_falling_knife,2024-05,2024-06-11,1,2024-06-12,2024-06-26,10,otc,8155,博智,電子零組件業,1.7842230403572126,0.006711409395973256,177868400.0,0.0,0.152114390021296,True,1.0239518639853629,151.0,156.5,142.5,False,-0.056291390728476776,-0.06629139072847677
frr2_no_catch_falling_knife,2024-05,2024-06-11,1,2024-06-12,2024-07-03,15,otc,8155,博智,電子零組件業,1.7842230403572126,0.006711409395973256,177868400.0,0.0,0.152114390021296,True,1.0239518639853629,151.0,156.5,141.5,False,-0.0629139072847682,-0.0729139072847682
frr2_no_catch_falling_knife,2024-05,2024-06-11,1,2024-06-12,2024-07-10,20,otc,8155,博智,電子零組件業,1.7842230403572126,0.006711409395973256,177868400.0,0.0,0.152114390021296,True,1.0239518639853629,151.0,156.5,143.5,False,-0.04966887417218546,-0.059668874172185464
frr2_no_catch_falling_knife,2024-05,2024-06-11,2,2024-06-13,2024-06-27,10,otc,8155,博智,電子零組件業,1.7842230403572126,0.006711409395973256,177868400.0,0.0,0.152114390021296,True,1.0239518639853629,157.5,153.5,140.5,False,-0.10793650793650789,-0.11793650793650788
frr2_no_catch_falling_knife,2024-05,2024-06-11,2,2024-06-13,2024-07-04,15,otc,8155,博智,電子零組件業,1.7842230403572126,0.006711409395973256,177868400.0,0.0,0.152114390021296,True,1.0239518639853629,157.5,153.5,141.5,False,-0.10158730158730156,-0.11158730158730155
frr2_no_catch_falling_knife,2024-05,2024-06-11,2,2024-06-13,2024-07-11,20,otc,8155,博智,電子零組件業,1.7842230403572126,0.006711409395973256,177868400.0,0.0,0.152114390021296,True,1.0239518639853629,157.5,153.5,145.0,False,-0.07936507936507942,-0.08936507936507941
frr2_no_catch_falling_knife,2024-05,2024-06-11,3,2024-06-14,2024-06-28,10,otc,8155,博智,電子零組件業,1.7842230403572126,0.006711409395973256,177868400.0,0.0,0.152114390021296,True,1.0239518639853629,154.5,151.5,144.0,False,-0.06796116504854366,-0.07796116504854365
frr2_no_catch_falling_knife,2024-05,2024-06-11,3,2024-06-14,2024-07-05,15,otc,8155,博智,電子零組件業,1.7842230403572126,0.006711409395973256,177868400.0,0.0,0.152114390021296,True,1.0239518639853629,154.5,151.5,143.5,False,-0.07119741100323629,-0.08119741100323628
frr2_no_catch_falling_knife,2024-05,2024-06-11,3,2024-06-14,2024-07-12,20,otc,8155,博智,電子零組件業,1.7842230403572126,0.006711409395973256,177868400.0,0.0,0.152114390021296,True,1.0239518639853629,154.5,151.5,141.5,False,-0.08414239482200647,-0.09414239482200647
frr2_no_catch_falling_knife,2024-05,2024-06-11,1,2024-06-12,2024-06-26,10,otc,6143,振曜,通信網路業,1.3559273701434946,0.04641350210970474,362793050.0,0.0,0.07539817011182649,True,1.177188817089042,124.5,128.0,135.0,False,0.0843373493975903,0.0743373493975903
frr2_no_catch_falling_knife,2024-05,2024-06-11,1,2024-06-12,2024-07-03,15,otc,6143,振曜,通信網路業,1.3559273701434946,0.04641350210970474,362793050.0,0.0,0.07539817011182649,True,1.177188817089042,124.5,128.0,127.0,False,0.02008032128514059,0.01008032128514059
frr2_no_catch_falling_knife,2024-05,2024-06-11,1,2024-06-12,2024-07-10,20,otc,6143,振曜,通信網路業,1.3559273701434946,0.04641350210970474,362793050.0,0.0,0.07539817011182649,True,1.177188817089042,124.5,128.0,124.0,False,-0.004016064257028162,-0.014016064257028163
frr2_no_catch_falling_knife,2024-05,2024-06-11,2,2024-06-13,2024-06-27,10,otc,6143,振曜,通信網路業,1.3559273701434946,0.04641350210970474,362793050.0,0.0,0.07539817011182649,True,1.177188817089042,128.5,133.0,134.5,False,0.04669260700389111,0.036692607003891105
frr2_no_catch_falling_knife,2024-05,2024-06-11,2,2024-06-13,2024-07-04,15,otc,6143,振曜,通信網路業,1.3559273701434946,0.04641350210970474,362793050.0,0.0,0.07539817011182649,True,1.177188817089042,128.5,133.0,125.5,False,-0.023346303501945553,-0.033346303501945555
frr2_no_catch_falling_knife,2024-05,2024-06-11,2,2024-06-13,2024-07-11,20,otc,6143,振曜,通信網路業,1.3559273701434946,0.04641350210970474,362793050.0,0.0,0.07539817011182649,True,1.177188817089042,128.5,133.0,122.5,False,-0.046692607003890996,-0.056692607003891
frr2_no_catch_falling_knife,2024-05,2024-06-11,3,2024-06-14,2024-06-28,10,otc,6143,振曜,通信網路業,1.3559273701434946,0.04641350210970474,362793050.0,0.0,0.07539817011182649,True,1.177188817089042,135.0,139.0,136.0,False,0.007407407407407307,-0.002592592592592693
frr2_no_catch_falling_knife,2024-05,2024-06-11,3,2024-06-14,2024-07-05,15,otc,6143,振曜,通信網路業,1.3559273701434946,0.04641350210970474,362793050.0,0.0,0.07539817011182649,True,1.177188817089042,135.0,139.0,128.0,False,-0.051851851851851816,-0.06185185185185182
frr2_no_catch_falling_knife,2024-05,2024-06-11,3,2024-06-14,2024-07-12,20,otc,6143,振曜,通信網路業,1.3559273701434946,0.04641350210970474,362793050.0,0.0,0.07539817011182649,True,1.177188817089042,135.0,139.0,122.5,False,-0.09259259259259256,-0.10259259259259255
frr2_no_catch_falling_knife,2024-05,2024-06-11,1,2024-06-12,2024-06-26,10,otc,8358,金居,電子零組件業,1.3411652057343448,0.09859154929577474,723075565.0,0.0,0.06412897908725662,True,2.3680722345716547,70.2,70.8,70.8,False,0.008547008547008517,-0.0014529914529914836
frr2_no_catch_falling_knife,2024-05,2024-06-11,1,2024-06-12,2024-07-03,15,otc,8358,金居,電子零組件業,1.3411652057343448,0.09859154929577474,723075565.0,0.0,0.06412897908725662,True,2.3680722345716547,70.2,70.8,70.6,False,0.005698005698005604,-0.0043019943019943965
frr2_no_catch_falling_knife,2024-05,2024-06-11,1,2024-06-12,2024-07-10,20,otc,8358,金居,電子零組件業,1.3411652057343448,0.09859154929577474,723075565.0,0.0,0.06412897908725662,True,2.3680722345716547,70.2,70.8,71.6,False,0.019943019943019724,0.009943019943019724
frr2_no_catch_falling_knife,2024-05,2024-06-11,2,2024-06-13,2024-06-27,10,otc,8358,金居,電子零組件業,1.3411652057343448,0.09859154929577474,723075565.0,0.0,0.06412897908725662,True,2.3680722345716547,71.6,70.5,70.5,False,-0.015363128491620026,-0.025363128491620028
frr2_no_catch_falling_knife,2024-05,2024-06-11,2,2024-06-13,2024-07-04,15,otc,8358,金居,電子零組件業,1.3411652057343448,0.09859154929577474,723075565.0,0.0,0.06412897908725662,True,2.3680722345716547,71.6,70.5,70.5,False,-0.015363128491620026,-0.025363128491620028
frr2_no_catch_falling_knife,2024-05,2024-06-11,2,2024-06-13,2024-07-11,20,otc,8358,金居,電子零組件業,1.3411652057343448,0.09859154929577474,723075565.0,0.0,0.06412897908725662,True,2.3680722345716547,71.6,70.5,75.2,False,0.05027932960893877,0.04027932960893877
frr2_no_catch_falling_knife,2024-05,2024-06-11,3,2024-06-14,2024-06-28,10,otc,8358,金居,電子零組件業,1.3411652057343448,0.09859154929577474,723075565.0,0.0,0.06412897908725662,True,2.3680722345716547,70.5,69.7,70.2,False,-0.004255319148936176,-0.014255319148936177
frr2_no_catch_falling_knife,2024-05,2024-06-11,3,2024-06-14,2024-07-05,15,otc,8358,金居,電子零組件業,1.3411652057343448,0.09859154929577474,723075565.0,0.0,0.06412897908725662,True,2.3680722345716547,70.5,69.7,71.6,False,0.015602836879432536,0.005602836879432535
frr2_no_catch_falling_knife,2024-05,2024-06-11,3,2024-06-14,2024-07-12,20,otc,8358,金居,電子零組件業,1.3411652057343448,0.09859154929577474,723075565.0,0.0,0.06412897908725662,True,2.3680722345716547,70.5,69.7,75.2,False,0.06666666666666665,0.05666666666666665
frr2_no_catch_falling_knife,2025-02,2025-03-11,1,2025-03-12,2025-03-26,10,otc,3162,精確,電機機械,1.3696602806889013,0.07772621809744784,282454315.0,0.0,0.3871576959395656,True,2.7304288621851467,46.2,46.7,55.7,False,0.2056277056277056,0.1956277056277056
frr2_no_catch_falling_knife,2025-02,2025-03-11,1,2025-03-12,2025-04-02,15,otc,3162,精確,電機機械,1.3696602806889013,0.07772621809744784,282454315.0,0.0,0.3871576959395656,True,2.7304288621851467,46.2,46.7,52.7,False,0.14069264069264076,0.13069264069264075
frr2_no_catch_falling_knife,2025-02,2025-03-11,1,2025-03-12,2025-04-11,20,otc,3162,精確,電機機械,1.3696602806889013,0.07772621809744784,282454315.0,0.0,0.3871576959395656,True,2.7304288621851467,46.2,46.7,41.1,False,-0.11038961038961037,-0.12038961038961037
frr2_no_catch_falling_knife,2025-02,2025-03-11,2,2025-03-13,2025-03-27,10,otc,3162,精確,電機機械,1.3696602806889013,0.07772621809744784,282454315.0,0.0,0.3871576959395656,True,2.7304288621851467,47.3,46.3,52.7,False,0.11416490486257946,0.10416490486257947
frr2_no_catch_falling_knife,2025-02,2025-03-11,2,2025-03-13,2025-04-07,15,otc,3162,精確,電機機械,1.3696602806889013,0.07772621809744784,282454315.0,0.0,0.3871576959395656,True,2.7304288621851467,47.3,46.3,47.45,False,0.003171247357294016,-0.006828752642705984
frr2_no_catch_falling_knife,2025-02,2025-03-11,2,2025-03-13,2025-04-14,20,otc,3162,精確,電機機械,1.3696602806889013,0.07772621809744784,282454315.0,0.0,0.3871576959395656,True,2.7304288621851467,47.3,46.3,41.65,False,-0.11945031712473575,-0.12945031712473576
frr2_no_catch_falling_knife,2025-02,2025-03-11,3,2025-03-14,2025-03-28,10,otc,3162,精確,電機機械,1.3696602806889013,0.07772621809744784,282454315.0,0.0,0.3871576959395656,True,2.7304288621851467,46.9,46.6,53.5,False,0.14072494669509594,0.13072494669509593
frr2_no_catch_falling_knife,2025-02,2025-03-11,3,2025-03-14,2025-04-08,15,otc,3162,精確,電機機械,1.3696602806889013,0.07772621809744784,282454315.0,0.0,0.3871576959395656,True,2.7304288621851467,46.9,46.6,42.75,False,-0.08848614072494665,-0.09848614072494664
frr2_no_catch_falling_knife,2025-02,2025-03-11,3,2025-03-14,2025-04-15,20,otc,3162,精確,電機機械,1.3696602806889013,0.07772621809744784,282454315.0,0.0,0.3871576959395656,True,2.7304288621851467,46.9,46.6,44.4,False,-0.05330490405117272,-0.06330490405117271
frr2_no_catch_falling_knife,2025-02,2025-03-11,1,2025-03-12,2025-03-26,10,otc,8155,博智,電子零組件業,1.336807261272383,0.10245901639344268,125635525.0,0.0,0.152114390021296,True,1.6380509467766047,134.5,143.5,149.0,False,0.10780669144981414,0.09780669144981415
frr2_no_catch_falling_knife,2025-02,2025-03-11,1,2025-03-12,2025-04-02,15,otc,8155,博智,電子零組件業,1.336807261272383,0.10245901639344268,125635525.0,0.0,0.152114390021296,True,1.6380509467766047,134.5,143.5,135.5,False,0.0074349442379182396,-0.0025650557620817607
frr2_no_catch_falling_knife,2025-02,2025-03-11,1,2025-03-12,2025-04-11,20,otc,8155,博智,電子零組件業,1.336807261272383,0.10245901639344268,125635525.0,0.0,0.152114390021296,True,1.6380509467766047,134.5,143.5,107.5,False,-0.2007434944237918,-0.2107434944237918
frr2_no_catch_falling_knife,2025-02,2025-03-11,2,2025-03-13,2025-03-27,10,otc,8155,博智,電子零組件業,1.336807261272383,0.10245901639344268,125635525.0,0.0,0.152114390021296,True,1.6380509467766047,143.5,140.5,146.5,False,0.020905923344947785,0.010905923344947785
frr2_no_catch_falling_knife,2025-02,2025-03-11,2,2025-03-13,2025-04-07,15,otc,8155,博智,電子零組件業,1.336807261272383,0.10245901639344268,125635525.0,0.0,0.152114390021296,True,1.6380509467766047,143.5,140.5,122.0,False,-0.14982578397212543,-0.15982578397212543
frr2_no_catch_falling_knife,2025-02,2025-03-11,2,2025-03-13,2025-04-14,20,otc,8155,博智,電子零組件業,1.336807261272383,0.10245901639344268,125635525.0,0.0,0.152114390021296,True,1.6380509467766047,143.5,140.5,109.0,False,-0.24041811846689898,-0.250418118466899
frr2_no_catch_falling_knife,2025-02,2025-03-11,3,2025-03-14,2025-03-28,10,otc,8155,博智,電子零組件業,1.336807261272383,0.10245901639344268,125635525.0,0.0,0.152114390021296,True,1.6380509467766047,142.5,142.5,143.5,False,0.007017543859649145,-0.0029824561403508556
frr2_no_catch_falling_knife,2025-02,2025-03-11,3,2025-03-14,2025-04-08,15,otc,8155,博智,電子零組件業,1.336807261272383,0.10245901639344268,125635525.0,0.0,0.152114390021296,True,1.6380509467766047,142.5,142.5,110.0,False,-0.22807017543859653,-0.23807017543859654
frr2_no_catch_falling_knife,2025-02,2025-03-11,3,2025-03-14,2025-04-15,20,otc,8155,博智,電子零組件業,1.336807261272383,0.10245901639344268,125635525.0,0.0,0.152114390021296,True,1.6380509467766047,142.5,142.5,119.5,False,-0.16140350877192977,-0.17140350877192978
frr2_no_catch_falling_knife,2025-04,2025-05-12,1,2025-05-13,2025-05-27,10,otc,5439,高技,電子零組件業,2.4795032187480732,0.16778523489932895,1964798375.0,0.0,0.04675586246583226,True,1.4682076877937862,178.5,182.0,178.0,False,-0.0028011204481792618,-0.012801120448179262
frr2_no_catch_falling_knife,2025-04,2025-05-12,1,2025-05-13,2025-06-04,15,otc,5439,高技,電子零組件業,2.4795032187480732,0.16778523489932895,1964798375.0,0.0,0.04675586246583226,True,1.4682076877937862,178.5,182.0,183.0,False,0.025210084033613356,0.015210084033613356
frr2_no_catch_falling_knife,2025-04,2025-05-12,1,2025-05-13,2025-06-11,20,otc,5439,高技,電子零組件業,2.4795032187480732,0.16778523489932895,1964798375.0,0.0,0.04675586246583226,True,1.4682076877937862,178.5,182.0,222.0,False,0.24369747899159666,0.23369747899159665
frr2_no_catch_falling_knife,2025-04,2025-05-12,2,2025-05-14,2025-05-28,10,otc,5439,高技,電子零組件業,2.4795032187480732,0.16778523489932895,1964798375.0,0.0,0.04675586246583226,True,1.4682076877937862,184.0,185.0,177.0,False,-0.03804347826086951,-0.048043478260869514
frr2_no_catch_falling_knife,2025-04,2025-05-12,2,2025-05-14,2025-06-05,15,otc,5439,高技,電子零組件業,2.4795032187480732,0.16778523489932895,1964798375.0,0.0,0.04675586246583226,True,1.4682076877937862,184.0,185.0,194.5,False,0.057065217391304435,0.04706521739130443
frr2_no_catch_falling_knife,2025-04,2025-05-12,2,2025-05-14,2025-06-12,20,otc,5439,高技,電子零組件業,2.4795032187480732,0.16778523489932895,1964798375.0,0.0,0.04675586246583226,True,1.4682076877937862,184.0,185.0,211.0,False,0.1467391304347827,0.1367391304347827
frr2_no_catch_falling_knife,2025-04,2025-05-12,3,2025-05-15,2025-05-29,10,otc,5439,高技,電子零組件業,2.4795032187480732,0.16778523489932895,1964798375.0,0.0,0.04675586246583226,True,1.4682076877937862,185.0,189.0,179.0,False,-0.032432432432432434,-0.042432432432432436
frr2_no_catch_falling_knife,2025-04,2025-05-12,3,2025-05-15,2025-06-06,15,otc,5439,高技,電子零組件業,2.4795032187480732,0.16778523489932895,1964798375.0,0.0,0.04675586246583226,True,1.4682076877937862,185.0,189.0,207.5,False,0.12162162162162171,0.11162162162162172
frr2_no_catch_falling_knife,2025-04,2025-05-12,3,2025-05-15,2025-06-13,20,otc,5439,高技,電子零組件業,2.4795032187480732,0.16778523489932895,1964798375.0,0.0,0.04675586246583226,True,1.4682076877937862,185.0,189.0,206.0,False,0.11351351351351346,0.10351351351351347
frr2_no_catch_falling_knife,2025-04,2025-05-12,1,2025-05-13,2025-05-27,10,otc,3163,波若威,通信網路業,1.8926417850880586,0.18490566037735845,3630787250.0,0.0,0.27315914489311166,True,1.4225914938296058,162.0,157.5,163.0,False,0.006172839506172867,-0.0038271604938271333
frr2_no_catch_falling_knife,2025-04,2025-05-12,1,2025-05-13,2025-06-04,15,otc,3163,波若威,通信網路業,1.8926417850880586,0.18490566037735845,3630787250.0,0.0,0.27315914489311166,True,1.4225914938296058,162.0,157.5,166.0,False,0.024691358024691468,0.014691358024691467
frr2_no_catch_falling_knife,2025-04,2025-05-12,1,2025-05-13,2025-06-11,20,otc,3163,波若威,通信網路業,1.8926417850880586,0.18490566037735845,3630787250.0,0.0,0.27315914489311166,True,1.4225914938296058,162.0,157.5,181.5,False,0.12037037037037046,0.11037037037037047
frr2_no_catch_falling_knife,2025-04,2025-05-12,2,2025-05-14,2025-05-28,10,otc,3163,波若威,通信網路業,1.8926417850880586,0.18490566037735845,3630787250.0,0.0,0.27315914489311166,True,1.4225914938296058,161.0,170.5,159.5,False,-0.009316770186335366,-0.019316770186335368
frr2_no_catch_falling_knife,2025-04,2025-05-12,2,2025-05-14,2025-06-05,15,otc,3163,波若威,通信網路業,1.8926417850880586,0.18490566037735845,3630787250.0,0.0,0.27315914489311166,True,1.4225914938296058,161.0,170.5,162.5,False,0.009316770186335477,-0.0006832298136645234
frr2_no_catch_falling_knife,2025-04,2025-05-12,2,2025-05-14,2025-06-12,20,otc,3163,波若威,通信網路業,1.8926417850880586,0.18490566037735845,3630787250.0,0.0,0.27315914489311166,True,1.4225914938296058,161.0,170.5,183.5,False,0.13975155279503104,0.12975155279503103
frr2_no_catch_falling_knife,2025-04,2025-05-12,3,2025-05-15,2025-05-29,10,otc,3163,波若威,通信網路業,1.8926417850880586,0.18490566037735845,3630787250.0,0.0,0.27315914489311166,True,1.4225914938296058,171.0,169.0,161.5,False,-0.05555555555555558,-0.06555555555555558
frr2_no_catch_falling_knife,2025-04,2025-05-12,3,2025-05-15,2025-06-06,15,otc,3163,波若威,通信網路業,1.8926417850880586,0.18490566037735845,3630787250.0,0.0,0.27315914489311166,True,1.4225914938296058,171.0,169.0,167.0,False,-0.023391812865497075,-0.03339181286549708
frr2_no_catch_falling_knife,2025-04,2025-05-12,3,2025-05-15,2025-06-13,20,otc,3163,波若威,通信網路業,1.8926417850880586,0.18490566037735845,3630787250.0,0.0,0.27315914489311166,True,1.4225914938296058,171.0,169.0,178.0,False,0.040935672514619936,0.030935672514619934
frr2_no_catch_falling_knife,2025-04,2025-05-12,1,2025-05-13,2025-05-27,10,otc,3374,精材,半導體業,1.6530526782909265,0.09019607843137245,294491850.0,0.0,0.19979724592379827,True,0.30156703225754866,146.0,139.5,138.0,False,-0.0547945205479452,-0.0647945205479452
frr2_no_catch_falling_knife,2025-04,2025-05-12,1,2025-05-13,2025-06-04,15,otc,3374,精材,半導體業,1.6530526782909265,0.09019607843137245,294491850.0,0.0,0.19979724592379827,True,0.30156703225754866,146.0,139.5,139.0,False,-0.047945205479452024,-0.057945205479452026
frr2_no_catch_falling_knife,2025-04,2025-05-12,1,2025-05-13,2025-06-11,20,otc,3374,精材,半導體業,1.6530526782909265,0.09019607843137245,294491850.0,0.0,0.19979724592379827,True,0.30156703225754866,146.0,139.5,148.0,False,0.013698630136986356,0.003698630136986356
frr2_no_catch_falling_knife,2025-04,2025-05-12,2,2025-05-14,2025-05-28,10,otc,3374,精材,半導體業,1.6530526782909265,0.09019607843137245,294491850.0,0.0,0.19979724592379827,True,0.30156703225754866,142.0,145.0,136.5,False,-0.03873239436619713,-0.04873239436619713
frr2_no_catch_falling_knife,2025-04,2025-05-12,2,2025-05-14,2025-06-05,15,otc,3374,精材,半導體業,1.6530526782909265,0.09019607843137245,294491850.0,0.0,0.19979724592379827,True,0.30156703225754866,142.0,145.0,141.0,False,-0.007042253521126751,-0.017042253521126753
frr2_no_catch_falling_knife,2025-04,2025-05-12,2,2025-05-14,2025-06-12,20,otc,3374,精材,半導體業,1.6530526782909265,0.09019607843137245,294491850.0,0.0,0.19979724592379827,True,0.30156703225754866,142.0,145.0,150.5,False,0.059859154929577496,0.049859154929577494
frr2_no_catch_falling_knife,2025-04,2025-05-12,3,2025-05-15,2025-05-29,10,otc,3374,精材,半導體業,1.6530526782909265,0.09019607843137245,294491850.0,0.0,0.19979724592379827,True,0.30156703225754866,145.0,142.5,139.5,False,-0.037931034482758585,-0.04793103448275859
frr2_no_catch_falling_knife,2025-04,2025-05-12,3,2025-05-15,2025-06-06,15,otc,3374,精材,半導體業,1.6530526782909265,0.09019607843137245,294491850.0,0.0,0.19979724592379827,True,0.30156703225754866,145.0,142.5,150.0,False,0.034482758620689724,0.024482758620689722
frr2_no_catch_falling_knife,2025-04,2025-05-12,3,2025-05-15,2025-06-13,20,otc,3374,精材,半導體業,1.6530526782909265,0.09019607843137245,294491850.0,0.0,0.19979724592379827,True,0.30156703225754866,145.0,142.5,146.0,False,0.006896551724137945,-0.0031034482758620554
frr2_no_catch_falling_knife,2025-04,2025-05-12,1,2025-05-13,2025-05-27,10,otc,5309,系統電,電子零組件業,1.3564536795299953,0.11450381679389321,137128260.0,0.0,0.07449241216824891,True,0.2780523523836969,37.2,36.8,35.65,False,-0.04166666666666674,-0.05166666666666674
frr2_no_catch_falling_knife,2025-04,2025-05-12,1,2025-05-13,2025-06-04,15,otc,5309,系統電,電子零組件業,1.3564536795299953,0.11450381679389321,137128260.0,0.0,0.07449241216824891,True,0.2780523523836969,37.2,36.8,33.7,False,-0.09408602150537637,-0.10408602150537637
frr2_no_catch_falling_knife,2025-04,2025-05-12,1,2025-05-13,2025-06-11,20,otc,5309,系統電,電子零組件業,1.3564536795299953,0.11450381679389321,137128260.0,0.0,0.07449241216824891,True,0.2780523523836969,37.2,36.8,35.65,False,-0.04166666666666674,-0.05166666666666674
frr2_no_catch_falling_knife,2025-04,2025-05-12,2,2025-05-14,2025-05-28,10,otc,5309,系統電,電子零組件業,1.3564536795299953,0.11450381679389321,137128260.0,0.0,0.07449241216824891,True,0.2780523523836969,37.45,37.45,34.8,False,-0.07076101468624851,-0.08076101468624851
frr2_no_catch_falling_knife,2025-04,2025-05-12,2,2025-05-14,2025-06-05,15,otc,5309,系統電,電子零組件業,1.3564536795299953,0.11450381679389321,137128260.0,0.0,0.07449241216824891,True,0.2780523523836969,37.45,37.45,34.3,False,-0.0841121495327104,-0.0941121495327104
frr2_no_catch_falling_knife,2025-04,2025-05-12,2,2025-05-14,2025-06-12,20,otc,5309,系統電,電子零組件業,1.3564536795299953,0.11450381679389321,137128260.0,0.0,0.07449241216824891,True,0.2780523523836969,37.45,37.45,35.8,False,-0.04405874499332463,-0.05405874499332463
frr2_no_catch_falling_knife,2025-04,2025-05-12,3,2025-05-15,2025-05-29,10,otc,5309,系統電,電子零組件業,1.3564536795299953,0.11450381679389321,137128260.0,0.0,0.07449241216824891,True,0.2780523523836969,37.45,37.0,34.35,False,-0.08277703604806408,-0.09277703604806407
frr2_no_catch_falling_knife,2025-04,2025-05-12,3,2025-05-15,2025-06-06,15,otc,5309,系統電,電子零組件業,1.3564536795299953,0.11450381679389321,137128260.0,0.0,0.07449241216824891,True,0.2780523523836969,37.45,37.0,35.0,False,-0.06542056074766367,-0.07542056074766366
frr2_no_catch_falling_knife,2025-04,2025-05-12,3,2025-05-15,2025-06-13,20,otc,5309,系統電,電子零組件業,1.3564536795299953,0.11450381679389321,137128260.0,0.0,0.07449241216824891,True,0.2780523523836969,37.45,37.0,35.25,False,-0.058744993324432615,-0.06874499332443261
frr2_no_catch_falling_knife,2025-07,2025-08-11,1,2025-08-12,2025-08-26,10,otc,3260,威剛,半導體業,1.3651226229299467,0.03777777777777791,322198965.0,0.0,0.12465430291198959,True,0.558996830526657,94.4,95.5,100.5,False,0.0646186440677965,0.05461864406779649
frr2_no_catch_falling_knife,2025-07,2025-08-11,1,2025-08-12,2025-09-02,15,otc,3260,威剛,半導體業,1.3651226229299467,0.03777777777777791,322198965.0,0.0,0.12465430291198959,True,0.558996830526657,94.4,95.5,100.5,False,0.0646186440677965,0.05461864406779649
frr2_no_catch_falling_knife,2025-07,2025-08-11,1,2025-08-12,2025-09-09,20,otc,3260,威剛,半導體業,1.3651226229299467,0.03777777777777791,322198965.0,0.0,0.12465430291198959,True,0.558996830526657,94.4,95.5,113.0,False,0.19703389830508478,0.18703389830508477
frr2_no_catch_falling_knife,2025-07,2025-08-11,2,2025-08-13,2025-08-27,10,otc,3260,威剛,半導體業,1.3651226229299467,0.03777777777777791,322198965.0,0.0,0.12465430291198959,True,0.558996830526657,96.5,95.3,100.5,False,0.041450777202072464,0.03145077720207246
frr2_no_catch_falling_knife,2025-07,2025-08-11,2,2025-08-13,2025-09-03,15,otc,3260,威剛,半導體業,1.3651226229299467,0.03777777777777791,322198965.0,0.0,0.12465430291198959,True,0.558996830526657,96.5,95.3,103.5,False,0.07253886010362698,0.06253886010362698
frr2_no_catch_falling_knife,2025-07,2025-08-11,2,2025-08-13,2025-09-10,20,otc,3260,威剛,半導體業,1.3651226229299467,0.03777777777777791,322198965.0,0.0,0.12465430291198959,True,0.558996830526657,96.5,95.3,117.0,False,0.21243523316062185,0.20243523316062184
frr2_no_catch_falling_knife,2025-07,2025-08-11,3,2025-08-14,2025-08-28,10,otc,3260,威剛,半導體業,1.3651226229299467,0.03777777777777791,322198965.0,0.0,0.12465430291198959,True,0.558996830526657,98.8,99.9,101.5,False,0.027327935222672073,0.01732793522267207
frr2_no_catch_falling_knife,2025-07,2025-08-11,3,2025-08-14,2025-09-04,15,otc,3260,威剛,半導體業,1.3651226229299467,0.03777777777777791,322198965.0,0.0,0.12465430291198959,True,0.558996830526657,98.8,99.9,105.0,False,0.06275303643724706,0.052753036437247054
frr2_no_catch_falling_knife,2025-07,2025-08-11,3,2025-08-14,2025-09-11,20,otc,3260,威剛,半導體業,1.3651226229299467,0.03777777777777791,322198965.0,0.0,0.12465430291198959,True,0.558996830526657,98.8,99.9,116.5,False,0.17914979757085026,0.16914979757085025
frr2_no_catch_falling_knife,2025-07,2025-08-11,1,2025-08-12,2025-08-26,10,otc,6125,廣運,光電業,1.2638446170351378,0.253543307086614,335314325.0,0.0,0.0572197913160552,True,1.875840504836316,83.0,80.4,80.4,False,-0.031325301204819245,-0.04132530120481925
frr2_no_catch_falling_knife,2025-07,2025-08-11,1,2025-08-12,2025-09-02,15,otc,6125,廣運,光電業,1.2638446170351378,0.253543307086614,335314325.0,0.0,0.0572197913160552,True,1.875840504836316,83.0,80.4,76.8,False,-0.07469879518072298,-0.08469879518072297
frr2_no_catch_falling_knife,2025-07,2025-08-11,1,2025-08-12,2025-09-09,20,otc,6125,廣運,光電業,1.2638446170351378,0.253543307086614,335314325.0,0.0,0.0572197913160552,True,1.875840504836316,83.0,80.4,77.1,False,-0.07108433734939767,-0.08108433734939767
frr2_no_catch_falling_knife,2025-07,2025-08-11,2,2025-08-13,2025-08-27,10,otc,6125,廣運,光電業,1.2638446170351378,0.253543307086614,335314325.0,0.0,0.0572197913160552,True,1.875840504836316,81.2,81.4,80.4,False,-0.009852216748768461,-0.019852216748768463
frr2_no_catch_falling_knife,2025-07,2025-08-11,2,2025-08-13,2025-09-03,15,otc,6125,廣運,光電業,1.2638446170351378,0.253543307086614,335314325.0,0.0,0.0572197913160552,True,1.875840504836316,81.2,81.4,76.6,False,-0.05665024630541882,-0.06665024630541881
frr2_no_catch_falling_knife,2025-07,2025-08-11,2,2025-08-13,2025-09-10,20,otc,6125,廣運,光電業,1.2638446170351378,0.253543307086614,335314325.0,0.0,0.0572197913160552,True,1.875840504836316,81.2,81.4,78.2,False,-0.036945812807881784,-0.046945812807881786
frr2_no_catch_falling_knife,2025-07,2025-08-11,3,2025-08-14,2025-08-28,10,otc,6125,廣運,光電業,1.2638446170351378,0.253543307086614,335314325.0,0.0,0.0572197913160552,True,1.875840504836316,82.2,81.9,80.5,False,-0.020681265206812682,-0.030681265206812684
frr2_no_catch_falling_knife,2025-07,2025-08-11,3,2025-08-14,2025-09-04,15,otc,6125,廣運,光電業,1.2638446170351378,0.253543307086614,335314325.0,0.0,0.0572197913160552,True,1.875840504836316,82.2,81.9,76.2,False,-0.07299270072992703,-0.08299270072992702
frr2_no_catch_falling_knife,2025-07,2025-08-11,3,2025-08-14,2025-09-11,20,otc,6125,廣運,光電業,1.2638446170351378,0.253543307086614,335314325.0,0.0,0.0572197913160552,True,1.875840504836316,82.2,81.9,76.5,False,-0.06934306569343074,-0.07934306569343073
frr2_no_catch_falling_knife,2025-08,2025-09-11,1,2025-09-12,2025-09-26,10,otc,6125,廣運,光電業,1.5960899484404725,-0.06593406593406603,397873310.0,0.0,0.0572197913160552,True,1.7658576045657604,76.8,77.0,72.4,False,-0.05729166666666652,-0.06729166666666651
frr2_no_catch_falling_knife,2025-08,2025-09-11,1,2025-09-12,2025-10-07,15,otc,6125,廣運,光電業,1.5960899484404725,-0.06593406593406603,397873310.0,0.0,0.0572197913160552,True,1.7658576045657604,76.8,77.0,74.3,False,-0.03255208333333337,-0.04255208333333337
frr2_no_catch_falling_knife,2025-08,2025-09-11,1,2025-09-12,2025-10-15,20,otc,6125,廣運,光電業,1.5960899484404725,-0.06593406593406603,397873310.0,0.0,0.0572197913160552,True,1.7658576045657604,76.8,77.0,72.8,False,-0.05208333333333337,-0.06208333333333337
frr2_no_catch_falling_knife,2025-08,2025-09-11,2,2025-09-15,2025-09-30,10,otc,6125,廣運,光電業,1.5960899484404725,-0.06593406593406603,397873310.0,0.0,0.0572197913160552,True,1.7658576045657604,77.5,78.7,73.2,False,-0.05548387096774188,-0.06548387096774187
frr2_no_catch_falling_knife,2025-08,2025-09-11,2,2025-09-15,2025-10-08,15,otc,6125,廣運,光電業,1.5960899484404725,-0.06593406593406603,397873310.0,0.0,0.0572197913160552,True,1.7658576045657604,77.5,78.7,73.3,False,-0.05419354838709678,-0.06419354838709677
frr2_no_catch_falling_knife,2025-08,2025-09-11,2,2025-09-15,2025-10-16,20,otc,6125,廣運,光電業,1.5960899484404725,-0.06593406593406603,397873310.0,0.0,0.0572197913160552,True,1.7658576045657604,77.5,78.7,74.3,False,-0.041290322580645245,-0.051290322580645246
frr2_no_catch_falling_knife,2025-08,2025-09-11,3,2025-09-16,2025-10-01,10,otc,6125,廣運,光電業,1.5960899484404725,-0.06593406593406603,397873310.0,0.0,0.0572197913160552,True,1.7658576045657604,80.9,81.9,73.9,False,-0.08652657601977753,-0.09652657601977753
frr2_no_catch_falling_knife,2025-08,2025-09-11,3,2025-09-16,2025-10-09,15,otc,6125,廣運,光電業,1.5960899484404725,-0.06593406593406603,397873310.0,0.0,0.0572197913160552,True,1.7658576045657604,80.9,81.9,72.3,False,-0.1063040791100125,-0.11630407911001249
frr2_no_catch_falling_knife,2025-08,2025-09-11,3,2025-09-16,2025-10-17,20,otc,6125,廣運,光電業,1.5960899484404725,-0.06593406593406603,397873310.0,0.0,0.0572197913160552,True,1.7658576045657604,80.9,81.9,73.2,False,-0.09517923362175529,-0.10517923362175528
frr2_no_catch_falling_knife,2025-08,2025-09-11,1,2025-09-12,2025-09-26,10,otc,5439,高技,電子零組件業,1.2876467318296887,0.22490706319702602,3567691225.0,0.0,0.04675586246583226,True,1.3956808493416482,332.0,325.5,309.0,False,-0.06927710843373491,-0.07927710843373491
frr2_no_catch_falling_knife,2025-08,2025-09-11,1,2025-09-12,2025-10-07,15,otc,5439,高技,電子零組件業,1.2876467318296887,0.22490706319702602,3567691225.0,0.0,0.04675586246583226,True,1.3956808493416482,332.0,325.5,308.5,False,-0.07078313253012047,-0.08078313253012047
frr2_no_catch_falling_knife,2025-08,2025-09-11,1,2025-09-12,2025-10-15,20,otc,5439,高技,電子零組件業,1.2876467318296887,0.22490706319702602,3567691225.0,0.0,0.04675586246583226,True,1.3956808493416482,332.0,325.5,298.5,False,-0.10090361445783136,-0.11090361445783135
frr2_no_catch_falling_knife,2025-08,2025-09-11,2,2025-09-15,2025-09-30,10,otc,5439,高技,電子零組件業,1.2876467318296887,0.22490706319702602,3567691225.0,0.0,0.04675586246583226,True,1.3956808493416482,325.0,317.5,320.0,False,-0.01538461538461533,-0.025384615384615332
frr2_no_catch_falling_knife,2025-08,2025-09-11,2,2025-09-15,2025-10-08,15,otc,5439,高技,電子零組件業,1.2876467318296887,0.22490706319702602,3567691225.0,0.0,0.04675586246583226,True,1.3956808493416482,325.0,317.5,312.5,False,-0.038461538461538436,-0.04846153846153844
frr2_no_catch_falling_knife,2025-08,2025-09-11,2,2025-09-15,2025-10-16,20,otc,5439,高技,電子零組件業,1.2876467318296887,0.22490706319702602,3567691225.0,0.0,0.04675586246583226,True,1.3956808493416482,325.0,317.5,293.5,False,-0.09692307692307689,-0.10692307692307688
frr2_no_catch_falling_knife,2025-08,2025-09-11,3,2025-09-16,2025-10-01,10,otc,5439,高技,電子零組件業,1.2876467318296887,0.22490706319702602,3567691225.0,0.0,0.04675586246583226,True,1.3956808493416482,317.0,310.0,316.0,False,-0.003154574132492094,-0.013154574132492094
frr2_no_catch_falling_knife,2025-08,2025-09-11,3,2025-09-16,2025-10-09,15,otc,5439,高技,電子零組件業,1.2876467318296887,0.22490706319702602,3567691225.0,0.0,0.04675586246583226,True,1.3956808493416482,317.0,310.0,312.5,False,-0.014195583596214534,-0.024195583596214536
frr2_no_catch_falling_knife,2025-08,2025-09-11,3,2025-09-16,2025-10-17,20,otc,5439,高技,電子零組件業,1.2876467318296887,0.22490706319702602,3567691225.0,0.0,0.04675586246583226,True,1.3956808493416482,317.0,310.0,287.5,False,-0.09305993690851733,-0.10305993690851732
frr2_no_catch_falling_knife,2025-09,2025-10-13,1,2025-10-14,2025-10-29,10,otc,5351,鈺創,半導體業,2.0502620546085266,0.13165680473372787,422835525.0,0.0,0.21462043111527648,True,2.227395502664644,38.8,36.2,37.3,False,-0.03865979381443296,-0.048659793814432965
frr2_no_catch_falling_knife,2025-09,2025-10-13,1,2025-10-14,2025-11-05,15,otc,5351,鈺創,半導體業,2.0502620546085266,0.13165680473372787,422835525.0,0.0,0.21462043111527648,True,2.227395502664644,38.8,36.2,35.0,False,-0.09793814432989689,-0.10793814432989689
frr2_no_catch_falling_knife,2025-09,2025-10-13,1,2025-10-14,2025-11-12,20,otc,5351,鈺創,半導體業,2.0502620546085266,0.13165680473372787,422835525.0,0.0,0.21462043111527648,True,2.227395502664644,38.8,36.2,47.65,False,0.22809278350515472,0.2180927835051547
frr2_no_catch_falling_knife,2025-09,2025-10-13,2,2025-10-15,2025-10-30,10,otc,5351,鈺創,半導體業,2.0502620546085266,0.13165680473372787,422835525.0,0.0,0.21462043111527648,True,2.227395502664644,36.3,35.75,37.55,False,0.03443526170798905,0.02443526170798905
frr2_no_catch_falling_knife,2025-09,2025-10-13,2,2025-10-15,2025-11-06,15,otc,5351,鈺創,半導體業,2.0502620546085266,0.13165680473372787,422835525.0,0.0,0.21462043111527648,True,2.227395502664644,36.3,35.75,37.15,False,0.023415977961432466,0.013415977961432466
frr2_no_catch_falling_knife,2025-09,2025-10-13,2,2025-10-15,2025-11-13,20,otc,5351,鈺創,半導體業,2.0502620546085266,0.13165680473372787,422835525.0,0.0,0.21462043111527648,True,2.227395502664644,36.3,35.75,45.65,False,0.25757575757575757,0.24757575757575756
frr2_no_catch_falling_knife,2025-09,2025-10-13,3,2025-10-16,2025-10-31,10,otc,5351,鈺創,半導體業,2.0502620546085266,0.13165680473372787,422835525.0,0.0,0.21462043111527648,True,2.227395502664644,36.0,38.0,36.5,False,0.01388888888888884,0.0038888888888888393
frr2_no_catch_falling_knife,2025-09,2025-10-13,3,2025-10-16,2025-11-07,15,otc,5351,鈺創,半導體業,2.0502620546085266,0.13165680473372787,422835525.0,0.0,0.21462043111527648,True,2.227395502664644,36.0,38.0,37.85,False,0.05138888888888893,0.041388888888888926
frr2_no_catch_falling_knife,2025-09,2025-10-13,3,2025-10-16,2025-11-14,20,otc,5351,鈺創,半導體業,2.0502620546085266,0.13165680473372787,422835525.0,0.0,0.21462043111527648,True,2.227395502664644,36.0,38.0,44.2,False,0.22777777777777786,0.21777777777777785
frr2_no_catch_falling_knife,2025-10,2025-11-11,1,2025-11-12,2025-11-26,10,otc,5351,鈺創,半導體業,2.320578105549865,0.196078431372549,425928947.5,0.0,0.21462043111527648,True,1.7084767937387277,46.1,47.65,38.25,False,-0.17028199566160518,-0.1802819956616052
frr2_no_catch_falling_knife,2025-10,2025-11-11,1,2025-11-12,2025-12-03,15,otc,5351,鈺創,半導體業,2.320578105549865,0.196078431372549,425928947.5,0.0,0.21462043111527648,True,1.7084767937387277,46.1,47.65,38.1,False,-0.17353579175704992,-0.18353579175704993
frr2_no_catch_falling_knife,2025-10,2025-11-11,1,2025-11-12,2025-12-10,20,otc,5351,鈺創,半導體業,2.320578105549865,0.196078431372549,425928947.5,0.0,0.21462043111527648,True,1.7084767937387277,46.1,47.65,40.0,False,-0.13232104121475052,-0.14232104121475053
frr2_no_catch_falling_knife,2025-10,2025-11-11,2,2025-11-13,2025-11-27,10,otc,5351,鈺創,半導體業,2.320578105549865,0.196078431372549,425928947.5,0.0,0.21462043111527648,True,1.7084767937387277,47.15,45.65,39.4,False,-0.1643690349946978,-0.1743690349946978
frr2_no_catch_falling_knife,2025-10,2025-11-11,2,2025-11-13,2025-12-04,15,otc,5351,鈺創,半導體業,2.320578105549865,0.196078431372549,425928947.5,0.0,0.21462043111527648,True,1.7084767937387277,47.15,45.65,38.35,False,-0.1866383881230116,-0.1966383881230116
frr2_no_catch_falling_knife,2025-10,2025-11-11,2,2025-11-13,2025-12-11,20,otc,5351,鈺創,半導體業,2.320578105549865,0.196078431372549,425928947.5,0.0,0.21462043111527648,True,1.7084767937387277,47.15,45.65,39.4,False,-0.1643690349946978,-0.1743690349946978
frr2_no_catch_falling_knife,2025-10,2025-11-11,3,2025-11-14,2025-11-28,10,otc,5351,鈺創,半導體業,2.320578105549865,0.196078431372549,425928947.5,0.0,0.21462043111527648,True,1.7084767937387277,43.6,44.2,39.5,False,-0.09403669724770647,-0.10403669724770646
frr2_no_catch_falling_knife,2025-10,2025-11-11,3,2025-11-14,2025-12-05,15,otc,5351,鈺創,半導體業,2.320578105549865,0.196078431372549,425928947.5,0.0,0.21462043111527648,True,1.7084767937387277,43.6,44.2,39.8,False,-0.08715596330275244,-0.09715596330275243
frr2_no_catch_falling_knife,2025-10,2025-11-11,3,2025-11-14,2025-12-12,20,otc,5351,鈺創,半導體業,2.320578105549865,0.196078431372549,425928947.5,0.0,0.21462043111527648,True,1.7084767937387277,43.6,44.2,41.5,False,-0.04816513761467889,-0.05816513761467889
frr2_no_catch_falling_knife,2025-10,2025-11-11,1,2025-11-12,2025-11-26,10,otc,5289,宜鼎,電腦及週邊設備業,1.359484724495516,0.1959798994974875,2559948475.0,0.0,0.07736516357206012,True,3.153491901221715,483.0,523.0,484.0,False,0.0020703933747412417,-0.007929606625258758
frr2_no_catch_falling_knife,2025-10,2025-11-11,1,2025-11-12,2025-12-03,15,otc,5289,宜鼎,電腦及週邊設備業,1.359484724495516,0.1959798994974875,2559948475.0,0.0,0.07736516357206012,True,3.153491901221715,483.0,523.0,457.5,False,-0.052795031055900665,-0.06279503105590066
frr2_no_catch_falling_knife,2025-10,2025-11-11,1,2025-11-12,2025-12-10,20,otc,5289,宜鼎,電腦及週邊設備業,1.359484724495516,0.1959798994974875,2559948475.0,0.0,0.07736516357206012,True,3.153491901221715,483.0,523.0,466.5,False,-0.03416149068322982,-0.044161490683229825
frr2_no_catch_falling_knife,2025-10,2025-11-11,2,2025-11-13,2025-11-27,10,otc,5289,宜鼎,電腦及週邊設備業,1.359484724495516,0.1959798994974875,2559948475.0,0.0,0.07736516357206012,True,3.153491901221715,532.0,558.0,489.5,False,-0.07988721804511278,-0.08988721804511278
frr2_no_catch_falling_knife,2025-10,2025-11-11,2,2025-11-13,2025-12-04,15,otc,5289,宜鼎,電腦及週邊設備業,1.359484724495516,0.1959798994974875,2559948475.0,0.0,0.07736516357206012,True,3.153491901221715,532.0,558.0,452.0,False,-0.15037593984962405,-0.16037593984962406
frr2_no_catch_falling_knife,2025-10,2025-11-11,2,2025-11-13,2025-12-11,20,otc,5289,宜鼎,電腦及週邊設備業,1.359484724495516,0.1959798994974875,2559948475.0,0.0,0.07736516357206012,True,3.153491901221715,532.0,558.0,473.0,False,-0.11090225563909772,-0.12090225563909772
frr2_no_catch_falling_knife,2025-10,2025-11-11,3,2025-11-14,2025-11-28,10,otc,5289,宜鼎,電腦及週邊設備業,1.359484724495516,0.1959798994974875,2559948475.0,0.0,0.07736516357206012,True,3.153491901221715,540.0,522.0,493.5,False,-0.08611111111111114,-0.09611111111111113
frr2_no_catch_falling_knife,2025-10,2025-11-11,3,2025-11-14,2025-12-05,15,otc,5289,宜鼎,電腦及週邊設備業,1.359484724495516,0.1959798994974875,2559948475.0,0.0,0.07736516357206012,True,3.153491901221715,540.0,522.0,469.0,False,-0.13148148148148153,-0.14148148148148154
frr2_no_catch_falling_knife,2025-10,2025-11-11,3,2025-11-14,2025-12-12,20,otc,5289,宜鼎,電腦及週邊設備業,1.359484724495516,0.1959798994974875,2559948475.0,0.0,0.07736516357206012,True,3.153491901221715,540.0,522.0,500.0,False,-0.07407407407407407,-0.08407407407407406
frr2_no_catch_falling_knife,2025-11,2025-12-11,1,2025-12-12,2025-12-29,10,otc,5351,鈺創,半導體業,1.9872547328644385,-0.13691128148959475,411946515.0,0.0,0.21462043111527648,True,1.1990424795657295,39.7,41.5,44.6,False,0.12342569269521397,0.11342569269521398
frr2_no_catch_falling_knife,2025-11,2025-12-11,1,2025-12-12,2026-01-06,15,otc,5351,鈺創,半導體業,1.9872547328644385,-0.13691128148959475,411946515.0,0.0,0.21462043111527648,True,1.1990424795657295,39.7,41.5,62.8,False,0.5818639798488663,0.5718639798488663
frr2_no_catch_falling_knife,2025-11,2025-12-11,1,2025-12-12,2026-01-13,20,otc,5351,鈺創,半導體業,1.9872547328644385,-0.13691128148959475,411946515.0,0.0,0.21462043111527648,True,1.1990424795657295,39.7,41.5,60.7,False,0.5289672544080604,0.5189672544080604
frr2_no_catch_falling_knife,2025-11,2025-12-11,2,2025-12-15,2025-12-30,10,otc,5351,鈺創,半導體業,1.9872547328644385,-0.13691128148959475,411946515.0,0.0,0.21462043111527648,True,1.1990424795657295,40.05,39.9,49.05,False,0.2247191011235956,0.2147191011235956
frr2_no_catch_falling_knife,2025-11,2025-12-11,2,2025-12-15,2026-01-07,15,otc,5351,鈺創,半導體業,1.9872547328644385,-0.13691128148959475,411946515.0,0.0,0.21462043111527648,True,1.1990424795657295,40.05,39.9,61.0,False,0.523096129837703,0.513096129837703
frr2_no_catch_falling_knife,2025-11,2025-12-11,2,2025-12-15,2026-01-14,20,otc,5351,鈺創,半導體業,1.9872547328644385,-0.13691128148959475,411946515.0,0.0,0.21462043111527648,True,1.1990424795657295,40.05,39.9,60.4,False,0.5081148564294633,0.4981148564294633
frr2_no_catch_falling_knife,2025-11,2025-12-11,3,2025-12-16,2025-12-31,10,otc,5351,鈺創,半導體業,1.9872547328644385,-0.13691128148959475,411946515.0,0.0,0.21462043111527648,True,1.1990424795657295,39.65,38.85,50.8,False,0.28121059268600246,0.27121059268600245
frr2_no_catch_falling_knife,2025-11,2025-12-11,3,2025-12-16,2026-01-08,15,otc,5351,鈺創,半導體業,1.9872547328644385,-0.13691128148959475,411946515.0,0.0,0.21462043111527648,True,1.1990424795657295,39.65,38.85,61.8,False,0.5586380832282472,0.5486380832282471
frr2_no_catch_falling_knife,2025-11,2025-12-11,3,2025-12-16,2026-01-15,20,otc,5351,鈺創,半導體業,1.9872547328644385,-0.13691128148959475,411946515.0,0.0,0.21462043111527648,True,1.1990424795657295,39.65,38.85,62.0,False,0.5636822194199245,0.5536822194199245
frr2_no_catch_falling_knife,2025-11,2025-12-11,1,2025-12-12,2025-12-29,10,otc,6903,巨漢,其他電子業,1.420043802598518,0.11309523809523814,59060625.0,0.0,0.2601456815816857,True,2.0288705638249267,189.5,182.5,217.5,False,0.14775725593667555,0.13775725593667554
frr2_no_catch_falling_knife,2025-11,2025-12-11,1,2025-12-12,2026-01-06,15,otc,6903,巨漢,其他電子業,1.420043802598518,0.11309523809523814,59060625.0,0.0,0.2601456815816857,True,2.0288705638249267,189.5,182.5,228.5,False,0.2058047493403694,0.1958047493403694
frr2_no_catch_falling_knife,2025-11,2025-12-11,1,2025-12-12,2026-01-13,20,otc,6903,巨漢,其他電子業,1.420043802598518,0.11309523809523814,59060625.0,0.0,0.2601456815816857,True,2.0288705638249267,189.5,182.5,276.5,False,0.4591029023746702,0.4491029023746702
frr2_no_catch_falling_knife,2025-11,2025-12-11,2,2025-12-15,2025-12-30,10,otc,6903,巨漢,其他電子業,1.420043802598518,0.11309523809523814,59060625.0,0.0,0.2601456815816857,True,2.0288705638249267,178.0,200.5,215.5,False,0.2106741573033708,0.2006741573033708
frr2_no_catch_falling_knife,2025-11,2025-12-11,2,2025-12-15,2026-01-07,15,otc,6903,巨漢,其他電子業,1.420043802598518,0.11309523809523814,59060625.0,0.0,0.2601456815816857,True,2.0288705638249267,178.0,200.5,225.0,False,0.2640449438202248,0.2540449438202248
frr2_no_catch_falling_knife,2025-11,2025-12-11,2,2025-12-15,2026-01-14,20,otc,6903,巨漢,其他電子業,1.420043802598518,0.11309523809523814,59060625.0,0.0,0.2601456815816857,True,2.0288705638249267,178.0,200.5,286.0,False,0.6067415730337078,0.5967415730337078
frr2_no_catch_falling_knife,2025-11,2025-12-11,3,2025-12-16,2025-12-31,10,otc,6903,巨漢,其他電子業,1.420043802598518,0.11309523809523814,59060625.0,0.0,0.2601456815816857,True,2.0288705638249267,210.5,220.5,237.0,False,0.12589073634204273,0.11589073634204274
frr2_no_catch_falling_knife,2025-11,2025-12-11,3,2025-12-16,2026-01-08,15,otc,6903,巨漢,其他電子業,1.420043802598518,0.11309523809523814,59060625.0,0.0,0.2601456815816857,True,2.0288705638249267,210.5,220.5,224.0,False,0.06413301662707838,0.054133016627078374
frr2_no_catch_falling_knife,2025-11,2025-12-11,3,2025-12-16,2026-01-15,20,otc,6903,巨漢,其他電子業,1.420043802598518,0.11309523809523814,59060625.0,0.0,0.2601456815816857,True,2.0288705638249267,210.5,220.5,278.0,False,0.3206650831353919,0.3106650831353919
frr2_no_catch_falling_knife,2025-11,2025-12-11,1,2025-12-12,2025-12-29,10,otc,5289,宜鼎,電腦及週邊設備業,1.4270170840992633,-0.1523297491039427,2449556425.0,0.0,0.07736516357206012,True,1.949958577767975,477.5,500.0,517.0,False,0.08272251308900525,0.07272251308900525
frr2_no_catch_falling_knife,2025-11,2025-12-11,1,2025-12-12,2026-01-06,15,otc,5289,宜鼎,電腦及週邊設備業,1.4270170840992633,-0.1523297491039427,2449556425.0,0.0,0.07736516357206012,True,1.949958577767975,477.5,500.0,626.0,False,0.31099476439790585,0.30099476439790585
frr2_no_catch_falling_knife,2025-11,2025-12-11,1,2025-12-12,2026-01-13,20,otc,5289,宜鼎,電腦及週邊設備業,1.4270170840992633,-0.1523297491039427,2449556425.0,0.0,0.07736516357206012,True,1.949958577767975,477.5,500.0,646.0,False,0.3528795811518324,0.34287958115183237
frr2_no_catch_falling_knife,2025-11,2025-12-11,2,2025-12-15,2025-12-30,10,otc,5289,宜鼎,電腦及週邊設備業,1.4270170840992633,-0.1523297491039427,2449556425.0,0.0,0.07736516357206012,True,1.949958577767975,495.0,495.0,524.0,False,0.05858585858585852,0.04858585858585852
frr2_no_catch_falling_knife,2025-11,2025-12-11,2,2025-12-15,2026-01-07,15,otc,5289,宜鼎,電腦及週邊設備業,1.4270170840992633,-0.1523297491039427,2449556425.0,0.0,0.07736516357206012,True,1.949958577767975,495.0,495.0,655.0,False,0.3232323232323233,0.3132323232323233
frr2_no_catch_falling_knife,2025-11,2025-12-11,2,2025-12-15,2026-01-14,20,otc,5289,宜鼎,電腦及週邊設備業,1.4270170840992633,-0.1523297491039427,2449556425.0,0.0,0.07736516357206012,True,1.949958577767975,495.0,495.0,645.0,False,0.303030303030303,0.293030303030303
frr2_no_catch_falling_knife,2025-11,2025-12-11,3,2025-12-16,2025-12-31,10,otc,5289,宜鼎,電腦及週邊設備業,1.4270170840992633,-0.1523297491039427,2449556425.0,0.0,0.07736516357206012,True,1.949958577767975,495.0,481.5,576.0,False,0.16363636363636358,0.15363636363636357
frr2_no_catch_falling_knife,2025-11,2025-12-11,3,2025-12-16,2026-01-08,15,otc,5289,宜鼎,電腦及週邊設備業,1.4270170840992633,-0.1523297491039427,2449556425.0,0.0,0.07736516357206012,True,1.949958577767975,495.0,481.5,645.0,False,0.303030303030303,0.293030303030303
frr2_no_catch_falling_knife,2025-11,2025-12-11,3,2025-12-16,2026-01-15,20,otc,5289,宜鼎,電腦及週邊設備業,1.4270170840992633,-0.1523297491039427,2449556425.0,0.0,0.07736516357206012,True,1.949958577767975,495.0,481.5,644.0,False,0.30101010101010095,0.29101010101010094
frr2_no_catch_falling_knife,2023-12,2024-01-11,1,2024-01-12,2024-01-26,10,otc,3402,漢科,其他電子業,1.7489502590807517,0.04422253922967201,82692275.0,0.0,0.04659498207885305,True,2.020042653468039,73.2,71.9,79.2,False,0.08196721311475419,0.0719672131147542
frr2_no_catch_falling_knife,2023-12,2024-01-11,1,2024-01-12,2024-02-02,15,otc,3402,漢科,其他電子業,1.7489502590807517,0.04422253922967201,82692275.0,0.0,0.04659498207885305,True,2.020042653468039,73.2,71.9,78.4,False,0.0710382513661203,0.061038251366120296
frr2_no_catch_falling_knife,2023-12,2024-01-11,1,2024-01-12,2024-02-20,20,otc,3402,漢科,其他電子業,1.7489502590807517,0.04422253922967201,82692275.0,0.0,0.04659498207885305,True,2.020042653468039,73.2,71.9,88.0,False,0.20218579234972678,0.19218579234972677
frr2_no_catch_falling_knife,2023-12,2024-01-11,2,2024-01-15,2024-01-29,10,otc,3402,漢科,其他電子業,1.7489502590807517,0.04422253922967201,82692275.0,0.0,0.04659498207885305,True,2.020042653468039,72.5,72.8,77.6,False,0.07034482758620686,0.06034482758620686
frr2_no_catch_falling_knife,2023-12,2024-01-11,2,2024-01-15,2024-02-05,15,otc,3402,漢科,其他電子業,1.7489502590807517,0.04422253922967201,82692275.0,0.0,0.04659498207885305,True,2.020042653468039,72.5,72.8,81.0,False,0.11724137931034484,0.10724137931034484
frr2_no_catch_falling_knife,2023-12,2024-01-11,2,2024-01-15,2024-02-21,20,otc,3402,漢科,其他電子業,1.7489502590807517,0.04422253922967201,82692275.0,0.0,0.04659498207885305,True,2.020042653468039,72.5,72.8,90.2,False,0.2441379310344829,0.23413793103448288
frr2_no_catch_falling_knife,2023-12,2024-01-11,3,2024-01-16,2024-01-30,10,otc,3402,漢科,其他電子業,1.7489502590807517,0.04422253922967201,82692275.0,0.0,0.04659498207885305,True,2.020042653468039,72.7,72.9,77.4,False,0.06464924346629997,0.054649243466299964
frr2_no_catch_falling_knife,2023-12,2024-01-11,3,2024-01-16,2024-02-15,15,otc,3402,漢科,其他電子業,1.7489502590807517,0.04422253922967201,82692275.0,0.0,0.04659498207885305,True,2.020042653468039,72.7,72.9,86.6,False,0.1911966987620357,0.1811966987620357
frr2_no_catch_falling_knife,2023-12,2024-01-11,3,2024-01-16,2024-02-22,20,otc,3402,漢科,其他電子業,1.7489502590807517,0.04422253922967201,82692275.0,0.0,0.04659498207885305,True,2.020042653468039,72.7,72.9,99.2,False,0.36451169188445665,0.35451169188445664
frr2_no_catch_falling_knife,2023-12,2024-01-11,1,2024-01-12,2024-01-26,10,otc,8155,博智,電子零組件業,1.3597554852768032,-0.06906906906906907,112336125.0,0.0,0.152114390021296,True,0.45625033549473737,156.0,151.5,146.5,False,-0.0608974358974359,-0.0708974358974359
frr2_no_catch_falling_knife,2023-12,2024-01-11,1,2024-01-12,2024-02-02,15,otc,8155,博智,電子零組件業,1.3597554852768032,-0.06906906906906907,112336125.0,0.0,0.152114390021296,True,0.45625033549473737,156.0,151.5,147.5,False,-0.054487179487179516,-0.06448717948717951
frr2_no_catch_falling_knife,2023-12,2024-01-11,1,2024-01-12,2024-02-20,20,otc,8155,博智,電子零組件業,1.3597554852768032,-0.06906906906906907,112336125.0,0.0,0.152114390021296,True,0.45625033549473737,156.0,151.5,150.5,False,-0.03525641025641024,-0.045256410256410244
frr2_no_catch_falling_knife,2023-12,2024-01-11,2,2024-01-15,2024-01-29,10,otc,8155,博智,電子零組件業,1.3597554852768032,-0.06906906906906907,112336125.0,0.0,0.152114390021296,True,0.45625033549473737,153.5,156.0,146.5,False,-0.0456026058631922,-0.055602605863192205
frr2_no_catch_falling_knife,2023-12,2024-01-11,2,2024-01-15,2024-02-05,15,otc,8155,博智,電子零組件業,1.3597554852768032,-0.06906906906906907,112336125.0,0.0,0.152114390021296,True,0.45625033549473737,153.5,156.0,145.0,False,-0.055374592833876246,-0.06537459283387624
frr2_no_catch_falling_knife,2023-12,2024-01-11,2,2024-01-15,2024-02-21,20,otc,8155,博智,電子零組件業,1.3597554852768032,-0.06906906906906907,112336125.0,0.0,0.152114390021296,True,0.45625033549473737,153.5,156.0,146.5,False,-0.0456026058631922,-0.055602605863192205
frr2_no_catch_falling_knife,2023-12,2024-01-11,3,2024-01-16,2024-01-30,10,otc,8155,博智,電子零組件業,1.3597554852768032,-0.06906906906906907,112336125.0,0.0,0.152114390021296,True,0.45625033549473737,156.5,157.5,149.0,False,-0.04792332268370603,-0.05792332268370603
frr2_no_catch_falling_knife,2023-12,2024-01-11,3,2024-01-16,2024-02-15,15,otc,8155,博智,電子零組件業,1.3597554852768032,-0.06906906906906907,112336125.0,0.0,0.152114390021296,True,0.45625033549473737,156.5,157.5,143.5,False,-0.08306709265175716,-0.09306709265175715
frr2_no_catch_falling_knife,2023-12,2024-01-11,3,2024-01-16,2024-02-22,20,otc,8155,博智,電子零組件業,1.3597554852768032,-0.06906906906906907,112336125.0,0.0,0.152114390021296,True,0.45625033549473737,156.5,157.5,146.5,False,-0.06389776357827481,-0.07389776357827481
frr2_no_catch_falling_knife,2024-02,2024-03-11,1,2024-03-12,2024-03-26,10,otc,3691,碩禾,光電業,1.539893705195294,0.18999999999999995,59793395.0,0.0,0.10154147296305359,True,2.228860898311526,120.5,117.5,120.0,False,-0.004149377593360981,-0.014149377593360981
frr2_no_catch_falling_knife,2024-02,2024-03-11,1,2024-03-12,2024-04-02,15,otc,3691,碩禾,光電業,1.539893705195294,0.18999999999999995,59793395.0,0.0,0.10154147296305359,True,2.228860898311526,120.5,117.5,115.5,False,-0.04149377593360992,-0.051493775933609924
frr2_no_catch_falling_knife,2024-02,2024-03-11,1,2024-03-12,2024-04-11,20,otc,3691,碩禾,光電業,1.539893705195294,0.18999999999999995,59793395.0,0.0,0.10154147296305359,True,2.228860898311526,120.5,117.5,141.5,False,0.17427385892116187,0.16427385892116186
frr2_no_catch_falling_knife,2024-02,2024-03-11,2,2024-03-13,2024-03-27,10,otc,3691,碩禾,光電業,1.539893705195294,0.18999999999999995,59793395.0,0.0,0.10154147296305359,True,2.228860898311526,124.0,118.5,119.5,False,-0.03629032258064513,-0.04629032258064513
frr2_no_catch_falling_knife,2024-02,2024-03-11,2,2024-03-13,2024-04-03,15,otc,3691,碩禾,光電業,1.539893705195294,0.18999999999999995,59793395.0,0.0,0.10154147296305359,True,2.228860898311526,124.0,118.5,114.5,False,-0.0766129032258065,-0.08661290322580649
frr2_no_catch_falling_knife,2024-02,2024-03-11,2,2024-03-13,2024-04-12,20,otc,3691,碩禾,光電業,1.539893705195294,0.18999999999999995,59793395.0,0.0,0.10154147296305359,True,2.228860898311526,124.0,118.5,152.5,False,0.22983870967741926,0.21983870967741925
frr2_no_catch_falling_knife,2024-02,2024-03-11,3,2024-03-14,2024-03-28,10,otc,3691,碩禾,光電業,1.539893705195294,0.18999999999999995,59793395.0,0.0,0.10154147296305359,True,2.228860898311526,117.0,116.0,123.5,False,0.05555555555555558,0.04555555555555558
frr2_no_catch_falling_knife,2024-02,2024-03-11,3,2024-03-14,2024-04-08,15,otc,3691,碩禾,光電業,1.539893705195294,0.18999999999999995,59793395.0,0.0,0.10154147296305359,True,2.228860898311526,117.0,116.0,118.5,False,0.012820512820512775,0.0028205128205127748
frr2_no_catch_falling_knife,2024-02,2024-03-11,3,2024-03-14,2024-04-15,20,otc,3691,碩禾,光電業,1.539893705195294,0.18999999999999995,59793395.0,0.0,0.10154147296305359,True,2.228860898311526,117.0,116.0,156.0,False,0.33333333333333326,0.32333333333333325
frr3_volume_absorption,2025-03,2025-04-11,1,2025-04-14,2025-04-28,10,otc,5439,高技,電子零組件業,1.8947529123804139,-0.07165109034267914,2142083300.0,0.0,0.04675586246583226,False,2.090076251373697,151.0,147.5,143.0,False,-0.052980132450331174,-0.06298013245033117
frr3_volume_absorption,2025-03,2025-04-11,1,2025-04-14,2025-05-06,15,otc,5439,高技,電子零組件業,1.8947529123804139,-0.07165109034267914,2142083300.0,0.0,0.04675586246583226,False,2.090076251373697,151.0,147.5,157.0,False,0.039735099337748325,0.029735099337748323
frr3_volume_absorption,2025-03,2025-04-11,1,2025-04-14,2025-05-13,20,otc,5439,高技,電子零組件業,1.8947529123804139,-0.07165109034267914,2142083300.0,0.0,0.04675586246583226,False,2.090076251373697,151.0,147.5,182.0,False,0.20529801324503305,0.19529801324503304
frr3_volume_absorption,2025-03,2025-04-11,2,2025-04-15,2025-04-29,10,otc,5439,高技,電子零組件業,1.8947529123804139,-0.07165109034267914,2142083300.0,0.0,0.04675586246583226,False,2.090076251373697,150.5,152.0,146.0,False,-0.029900332225913595,-0.0399003322259136
frr3_volume_absorption,2025-03,2025-04-11,2,2025-04-15,2025-05-07,15,otc,5439,高技,電子零組件業,1.8947529123804139,-0.07165109034267914,2142083300.0,0.0,0.04675586246583226,False,2.090076251373697,150.5,152.0,153.0,False,0.01661129568106312,0.0066112956810631205
frr3_volume_absorption,2025-03,2025-04-11,2,2025-04-15,2025-05-14,20,otc,5439,高技,電子零組件業,1.8947529123804139,-0.07165109034267914,2142083300.0,0.0,0.04675586246583226,False,2.090076251373697,150.5,152.0,185.0,False,0.22923588039867115,0.21923588039867115
frr3_volume_absorption,2025-03,2025-04-11,3,2025-04-16,2025-04-30,10,otc,5439,高技,電子零組件業,1.8947529123804139,-0.07165109034267914,2142083300.0,0.0,0.04675586246583226,False,2.090076251373697,153.0,137.0,144.5,False,-0.05555555555555558,-0.06555555555555558
frr3_volume_absorption,2025-03,2025-04-11,3,2025-04-16,2025-05-08,15,otc,5439,高技,電子零組件業,1.8947529123804139,-0.07165109034267914,2142083300.0,0.0,0.04675586246583226,False,2.090076251373697,153.0,137.0,161.5,False,0.05555555555555558,0.04555555555555558
frr3_volume_absorption,2025-03,2025-04-11,3,2025-04-16,2025-05-15,20,otc,5439,高技,電子零組件業,1.8947529123804139,-0.07165109034267914,2142083300.0,0.0,0.04675586246583226,False,2.090076251373697,153.0,137.0,189.0,False,0.23529411764705888,0.22529411764705887
frr3_volume_absorption,2025-05,2025-06-11,1,2025-06-12,2025-06-26,10,otc,5439,高技,電子零組件業,1.3838428363120008,0.2197802197802199,2841969675.0,0.0,0.04675586246583226,True,1.6287486007962249,222.0,211.0,223.0,False,0.0045045045045044585,-0.005495495495495542
frr3_volume_absorption,2025-05,2025-06-11,1,2025-06-12,2025-07-03,15,otc,5439,高技,電子零組件業,1.3838428363120008,0.2197802197802199,2841969675.0,0.0,0.04675586246583226,True,1.6287486007962249,222.0,211.0,241.0,False,0.0855855855855856,0.0755855855855856
frr3_volume_absorption,2025-05,2025-06-11,1,2025-06-12,2025-07-10,20,otc,5439,高技,電子零組件業,1.3838428363120008,0.2197802197802199,2841969675.0,0.0,0.04675586246583226,True,1.6287486007962249,222.0,211.0,240.0,False,0.08108108108108114,0.07108108108108115
frr3_volume_absorption,2025-05,2025-06-11,2,2025-06-13,2025-06-27,10,otc,5439,高技,電子零組件業,1.3838428363120008,0.2197802197802199,2841969675.0,0.0,0.04675586246583226,True,1.6287486007962249,208.0,206.0,240.0,False,0.15384615384615374,0.14384615384615373
frr3_volume_absorption,2025-05,2025-06-11,2,2025-06-13,2025-07-04,15,otc,5439,高技,電子零組件業,1.3838428363120008,0.2197802197802199,2841969675.0,0.0,0.04675586246583226,True,1.6287486007962249,208.0,206.0,243.0,False,0.16826923076923084,0.15826923076923083
frr3_volume_absorption,2025-05,2025-06-11,2,2025-06-13,2025-07-11,20,otc,5439,高技,電子零組件業,1.3838428363120008,0.2197802197802199,2841969675.0,0.0,0.04675586246583226,True,1.6287486007962249,208.0,206.0,236.0,False,0.13461538461538458,0.12461538461538459
frr3_volume_absorption,2025-05,2025-06-11,3,2025-06-16,2025-06-30,10,otc,5439,高技,電子零組件業,1.3838428363120008,0.2197802197802199,2841969675.0,0.0,0.04675586246583226,True,1.6287486007962249,205.0,207.0,238.5,False,0.1634146341463414,0.15341463414634138
frr3_volume_absorption,2025-05,2025-06-11,3,2025-06-16,2025-07-07,15,otc,5439,高技,電子零組件業,1.3838428363120008,0.2197802197802199,2841969675.0,0.0,0.04675586246583226,True,1.6287486007962249,205.0,207.0,229.0,False,0.11707317073170742,0.10707317073170743
frr3_volume_absorption,2025-05,2025-06-11,3,2025-06-16,2025-07-14,20,otc,5439,高技,電子零組件業,1.3838428363120008,0.2197802197802199,2841969675.0,0.0,0.04675586246583226,True,1.6287486007962249,205.0,207.0,228.0,False,0.11219512195121961,0.10219512195121962
frr3_volume_absorption,2025-06,2025-07-11,1,2025-07-14,2025-07-28,10,otc,4721,美琪瑪,化學工業,1.8898415474475747,0.17999999999999994,98751875.0,0.0,0.1487644982349975,True,2.6555324211158817,71.5,70.6,84.8,False,0.186013986013986,0.176013986013986
frr3_volume_absorption,2025-06,2025-07-11,1,2025-07-14,2025-08-04,15,otc,4721,美琪瑪,化學工業,1.8898415474475747,0.17999999999999994,98751875.0,0.0,0.1487644982349975,True,2.6555324211158817,71.5,70.6,82.8,False,0.15804195804195809,0.14804195804195808
frr3_volume_absorption,2025-06,2025-07-11,1,2025-07-14,2025-08-11,20,otc,4721,美琪瑪,化學工業,1.8898415474475747,0.17999999999999994,98751875.0,0.0,0.1487644982349975,True,2.6555324211158817,71.5,70.6,80.0,False,0.11888111888111896,0.10888111888111897
frr3_volume_absorption,2025-06,2025-07-11,2,2025-07-15,2025-07-29,10,otc,4721,美琪瑪,化學工業,1.8898415474475747,0.17999999999999994,98751875.0,0.0,0.1487644982349975,True,2.6555324211158817,71.0,70.5,82.7,False,0.1647887323943662,0.1547887323943662
frr3_volume_absorption,2025-06,2025-07-11,2,2025-07-15,2025-08-05,15,otc,4721,美琪瑪,化學工業,1.8898415474475747,0.17999999999999994,98751875.0,0.0,0.1487644982349975,True,2.6555324211158817,71.0,70.5,82.7,False,0.1647887323943662,0.1547887323943662
frr3_volume_absorption,2025-06,2025-07-11,2,2025-07-15,2025-08-12,20,otc,4721,美琪瑪,化學工業,1.8898415474475747,0.17999999999999994,98751875.0,0.0,0.1487644982349975,True,2.6555324211158817,71.0,70.5,80.4,False,0.13239436619718314,0.12239436619718315
frr3_volume_absorption,2025-06,2025-07-11,3,2025-07-16,2025-07-30,10,otc,4721,美琪瑪,化學工業,1.8898415474475747,0.17999999999999994,98751875.0,0.0,0.1487644982349975,True,2.6555324211158817,68.9,72.5,81.8,False,0.18722786647314926,0.17722786647314925
frr3_volume_absorption,2025-06,2025-07-11,3,2025-07-16,2025-08-06,15,otc,4721,美琪瑪,化學工業,1.8898415474475747,0.17999999999999994,98751875.0,0.0,0.1487644982349975,True,2.6555324211158817,68.9,72.5,87.5,False,0.2699564586357037,0.2599564586357037
frr3_volume_absorption,2025-06,2025-07-11,3,2025-07-16,2025-08-13,20,otc,4721,美琪瑪,化學工業,1.8898415474475747,0.17999999999999994,98751875.0,0.0,0.1487644982349975,True,2.6555324211158817,68.9,72.5,85.3,False,0.23802612481857754,0.22802612481857754
frr3_volume_absorption,2025-06,2025-07-11,1,2025-07-14,2025-07-28,10,otc,3260,威剛,半導體業,1.5739401080784858,-0.010449320794148398,793720690.0,0.0,0.12465430291198959,True,1.4536109696778923,90.4,90.0,91.3,False,0.009955752212389202,-4.424778761079849e-05
frr3_volume_absorption,2025-06,2025-07-11,1,2025-07-14,2025-08-04,15,otc,3260,威剛,半導體業,1.5739401080784858,-0.010449320794148398,793720690.0,0.0,0.12465430291198959,True,1.4536109696778923,90.4,90.0,92.0,False,0.017699115044247815,0.007699115044247815
frr3_volume_absorption,2025-06,2025-07-11,1,2025-07-14,2025-08-11,20,otc,3260,威剛,半導體業,1.5739401080784858,-0.010449320794148398,793720690.0,0.0,0.12465430291198959,True,1.4536109696778923,90.4,90.0,93.4,False,0.0331858407079646,0.023185840707964596
frr3_volume_absorption,2025-06,2025-07-11,2,2025-07-15,2025-07-29,10,otc,3260,威剛,半導體業,1.5739401080784858,-0.010449320794148398,793720690.0,0.0,0.12465430291198959,True,1.4536109696778923,90.2,90.7,91.0,False,0.008869179600886845,-0.0011308203991131551
frr3_volume_absorption,2025-06,2025-07-11,2,2025-07-15,2025-08-05,15,otc,3260,威剛,半導體業,1.5739401080784858,-0.010449320794148398,793720690.0,0.0,0.12465430291198959,True,1.4536109696778923,90.2,90.7,93.2,False,0.03325942350332589,0.02325942350332589
frr3_volume_absorption,2025-06,2025-07-11,2,2025-07-15,2025-08-12,20,otc,3260,威剛,半導體業,1.5739401080784858,-0.010449320794148398,793720690.0,0.0,0.12465430291198959,True,1.4536109696778923,90.2,90.7,95.5,False,0.058758314855875904,0.0487583148558759
frr3_volume_absorption,2025-06,2025-07-11,3,2025-07-16,2025-07-30,10,otc,3260,威剛,半導體業,1.5739401080784858,-0.010449320794148398,793720690.0,0.0,0.12465430291198959,True,1.4536109696778923,94.5,91.7,92.0,False,-0.02645502645502651,-0.03645502645502651
frr3_volume_absorption,2025-06,2025-07-11,3,2025-07-16,2025-08-06,15,otc,3260,威剛,半導體業,1.5739401080784858,-0.010449320794148398,793720690.0,0.0,0.12465430291198959,True,1.4536109696778923,94.5,91.7,92.4,False,-0.022222222222222143,-0.032222222222222145
frr3_volume_absorption,2025-06,2025-07-11,3,2025-07-16,2025-08-13,20,otc,3260,威剛,半導體業,1.5739401080784858,-0.010449320794148398,793720690.0,0.0,0.12465430291198959,True,1.4536109696778923,94.5,91.7,95.3,False,0.00846560846560851,-0.0015343915343914907
frr3_volume_absorption,2024-08,2024-09-11,1,2024-09-12,2024-09-27,10,otc,5386,青雲,電腦及週邊設備業,1.4367291668336528,0.04039167686658507,353799370.0,0.0,0.1388888888888889,False,2.441128928233131,87.5,88.6,86.0,False,-0.017142857142857126,-0.02714285714285713
frr3_volume_absorption,2024-08,2024-09-11,1,2024-09-12,2024-10-08,15,otc,5386,青雲,電腦及週邊設備業,1.4367291668336528,0.04039167686658507,353799370.0,0.0,0.1388888888888889,False,2.441128928233131,87.5,88.6,99.8,False,0.14057142857142857,0.13057142857142856
frr3_volume_absorption,2024-08,2024-09-11,1,2024-09-12,2024-10-16,20,otc,5386,青雲,電腦及週邊設備業,1.4367291668336528,0.04039167686658507,353799370.0,0.0,0.1388888888888889,False,2.441128928233131,87.5,88.6,88.5,False,0.011428571428571344,0.0014285714285713434
frr3_volume_absorption,2024-08,2024-09-11,2,2024-09-13,2024-09-30,10,otc,5386,青雲,電腦及週邊設備業,1.4367291668336528,0.04039167686658507,353799370.0,0.0,0.1388888888888889,False,2.441128928233131,88.6,91.0,86.9,False,-0.01918735891647838,-0.029187358916478383
frr3_volume_absorption,2024-08,2024-09-11,2,2024-09-13,2024-10-09,15,otc,5386,青雲,電腦及週邊設備業,1.4367291668336528,0.04039167686658507,353799370.0,0.0,0.1388888888888889,False,2.441128928233131,88.6,91.0,93.4,False,0.05417607223476306,0.04417607223476306
frr3_volume_absorption,2024-08,2024-09-11,2,2024-09-13,2024-10-17,20,otc,5386,青雲,電腦及週邊設備業,1.4367291668336528,0.04039167686658507,353799370.0,0.0,0.1388888888888889,False,2.441128928233131,88.6,91.0,90.1,False,0.016930022573363512,0.006930022573363512
frr3_volume_absorption,2024-08,2024-09-11,3,2024-09-16,2024-10-01,10,otc,5386,青雲,電腦及週邊設備業,1.4367291668336528,0.04039167686658507,353799370.0,0.0,0.1388888888888889,False,2.441128928233131,91.6,89.2,86.3,False,-0.05786026200873362,-0.06786026200873362
frr3_volume_absorption,2024-08,2024-09-11,3,2024-09-16,2024-10-11,15,otc,5386,青雲,電腦及週邊設備業,1.4367291668336528,0.04039167686658507,353799370.0,0.0,0.1388888888888889,False,2.441128928233131,91.6,89.2,89.5,False,-0.022925764192139653,-0.032925764192139655
frr3_volume_absorption,2024-08,2024-09-11,3,2024-09-16,2024-10-18,20,otc,5386,青雲,電腦及週邊設備業,1.4367291668336528,0.04039167686658507,353799370.0,0.0,0.1388888888888889,False,2.441128928233131,91.6,89.2,87.5,False,-0.04475982532751088,-0.054759825327510885
frr3_volume_absorption,2024-01,2024-02-15,1,2024-02-16,2024-03-04,10,otc,3402,漢科,其他電子業,1.8076037151831241,0.1863013698630136,79761575.0,0.0,0.04659498207885305,True,1.5652361748255395,88.9,92.0,95.3,False,0.07199100112485923,0.06199100112485923
frr3_volume_absorption,2024-01,2024-02-15,1,2024-02-16,2024-03-11,15,otc,3402,漢科,其他電子業,1.8076037151831241,0.1863013698630136,79761575.0,0.0,0.04659498207885305,True,1.5652361748255395,88.9,92.0,93.0,False,0.046119235095613,0.036119235095612996
frr3_volume_absorption,2024-01,2024-02-15,1,2024-02-16,2024-03-18,20,otc,3402,漢科,其他電子業,1.8076037151831241,0.1863013698630136,79761575.0,0.0,0.04659498207885305,True,1.5652361748255395,88.9,92.0,91.4,False,0.028121484814398245,0.018121484814398243
frr3_volume_absorption,2024-01,2024-02-15,2,2024-02-19,2024-03-05,10,otc,3402,漢科,其他電子業,1.8076037151831241,0.1863013698630136,79761575.0,0.0,0.04659498207885305,True,1.5652361748255395,90.4,87.7,95.5,False,0.05641592920353977,0.04641592920353977
frr3_volume_absorption,2024-01,2024-02-15,2,2024-02-19,2024-03-12,15,otc,3402,漢科,其他電子業,1.8076037151831241,0.1863013698630136,79761575.0,0.0,0.04659498207885305,True,1.5652361748255395,90.4,87.7,94.5,False,0.04535398230088483,0.03535398230088483
frr3_volume_absorption,2024-01,2024-02-15,2,2024-02-19,2024-03-19,20,otc,3402,漢科,其他電子業,1.8076037151831241,0.1863013698630136,79761575.0,0.0,0.04659498207885305,True,1.5652361748255395,90.4,87.7,93.1,False,0.02986725663716805,0.019867256637168047
frr3_volume_absorption,2024-01,2024-02-15,3,2024-02-20,2024-03-06,10,otc,3402,漢科,其他電子業,1.8076037151831241,0.1863013698630136,79761575.0,0.0,0.04659498207885305,True,1.5652361748255395,87.9,88.0,96.9,False,0.10238907849829348,0.09238907849829349
frr3_volume_absorption,2024-01,2024-02-15,3,2024-02-20,2024-03-13,15,otc,3402,漢科,其他電子業,1.8076037151831241,0.1863013698630136,79761575.0,0.0,0.04659498207885305,True,1.5652361748255395,87.9,88.0,91.3,False,0.03868031854379961,0.028680318543799606
frr3_volume_absorption,2024-01,2024-02-15,3,2024-02-20,2024-03-20,20,otc,3402,漢科,其他電子業,1.8076037151831241,0.1863013698630136,79761575.0,0.0,0.04659498207885305,True,1.5652361748255395,87.9,88.0,91.7,False,0.04323094425483509,0.03323094425483509
frr3_volume_absorption,2024-04,2024-05-13,1,2024-05-14,2024-05-28,10,otc,4513,福裕,電機機械,1.3166502414929493,-0.0906949352179034,164468127.5,0.0,0.09564891222805702,False,3.4965563274302807,38.8,38.7,37.75,False,-0.027061855670102997,-0.037061855670103
frr3_volume_absorption,2024-04,2024-05-13,1,2024-05-14,2024-06-04,15,otc,4513,福裕,電機機械,1.3166502414929493,-0.0906949352179034,164468127.5,0.0,0.09564891222805702,False,3.4965563274302807,38.8,38.7,42.5,False,0.09536082474226815,0.08536082474226815
frr3_volume_absorption,2024-04,2024-05-13,1,2024-05-14,2024-06-12,20,otc,4513,福裕,電機機械,1.3166502414929493,-0.0906949352179034,164468127.5,0.0,0.09564891222805702,False,3.4965563274302807,38.8,38.7,43.1,False,0.11082474226804129,0.10082474226804129
frr3_volume_absorption,2024-04,2024-05-13,2,2024-05-15,2024-05-29,10,otc,4513,福裕,電機機械,1.3166502414929493,-0.0906949352179034,164468127.5,0.0,0.09564891222805702,False,3.4965563274302807,38.3,37.9,38.4,False,0.0026109660574413773,-0.007389033942558623
frr3_volume_absorption,2024-04,2024-05-13,2,2024-05-15,2024-06-05,15,otc,4513,福裕,電機機械,1.3166502414929493,-0.0906949352179034,164468127.5,0.0,0.09564891222805702,False,3.4965563274302807,38.3,37.9,45.45,False,0.18668407310704982,0.1766840731070498
frr3_volume_absorption,2024-04,2024-05-13,2,2024-05-15,2024-06-13,20,otc,4513,福裕,電機機械,1.3166502414929493,-0.0906949352179034,164468127.5,0.0,0.09564891222805702,False,3.4965563274302807,38.3,37.9,41.0,False,0.07049608355091386,0.060496083550913855
frr3_volume_absorption,2024-04,2024-05-13,3,2024-05-16,2024-05-30,10,otc,4513,福裕,電機機械,1.3166502414929493,-0.0906949352179034,164468127.5,0.0,0.09564891222805702,False,3.4965563274302807,38.15,40.05,38.95,False,0.020969855832241313,0.010969855832241313
frr3_volume_absorption,2024-04,2024-05-13,3,2024-05-16,2024-06-06,15,otc,4513,福裕,電機機械,1.3166502414929493,-0.0906949352179034,164468127.5,0.0,0.09564891222805702,False,3.4965563274302807,38.15,40.05,45.0,False,0.17955439056356481,0.1695543905635648
frr3_volume_absorption,2024-04,2024-05-13,3,2024-05-16,2024-06-14,20,otc,4513,福裕,電機機械,1.3166502414929493,-0.0906949352179034,164468127.5,0.0,0.09564891222805702,False,3.4965563274302807,38.15,40.05,42.6,False,0.11664482306684154,0.10664482306684155
frr3_volume_absorption,2024-05,2024-06-11,1,2024-06-12,2024-06-26,10,otc,8358,金居,電子零組件業,1.3411652057343448,0.09859154929577474,723075565.0,0.0,0.06412897908725662,True,2.3680722345716547,70.2,70.8,70.8,False,0.008547008547008517,-0.0014529914529914836
frr3_volume_absorption,2024-05,2024-06-11,1,2024-06-12,2024-07-03,15,otc,8358,金居,電子零組件業,1.3411652057343448,0.09859154929577474,723075565.0,0.0,0.06412897908725662,True,2.3680722345716547,70.2,70.8,70.6,False,0.005698005698005604,-0.0043019943019943965
frr3_volume_absorption,2024-05,2024-06-11,1,2024-06-12,2024-07-10,20,otc,8358,金居,電子零組件業,1.3411652057343448,0.09859154929577474,723075565.0,0.0,0.06412897908725662,True,2.3680722345716547,70.2,70.8,71.6,False,0.019943019943019724,0.009943019943019724
frr3_volume_absorption,2024-05,2024-06-11,2,2024-06-13,2024-06-27,10,otc,8358,金居,電子零組件業,1.3411652057343448,0.09859154929577474,723075565.0,0.0,0.06412897908725662,True,2.3680722345716547,71.6,70.5,70.5,False,-0.015363128491620026,-0.025363128491620028
frr3_volume_absorption,2024-05,2024-06-11,2,2024-06-13,2024-07-04,15,otc,8358,金居,電子零組件業,1.3411652057343448,0.09859154929577474,723075565.0,0.0,0.06412897908725662,True,2.3680722345716547,71.6,70.5,70.5,False,-0.015363128491620026,-0.025363128491620028
frr3_volume_absorption,2024-05,2024-06-11,2,2024-06-13,2024-07-11,20,otc,8358,金居,電子零組件業,1.3411652057343448,0.09859154929577474,723075565.0,0.0,0.06412897908725662,True,2.3680722345716547,71.6,70.5,75.2,False,0.05027932960893877,0.04027932960893877
frr3_volume_absorption,2024-05,2024-06-11,3,2024-06-14,2024-06-28,10,otc,8358,金居,電子零組件業,1.3411652057343448,0.09859154929577474,723075565.0,0.0,0.06412897908725662,True,2.3680722345716547,70.5,69.7,70.2,False,-0.004255319148936176,-0.014255319148936177
frr3_volume_absorption,2024-05,2024-06-11,3,2024-06-14,2024-07-05,15,otc,8358,金居,電子零組件業,1.3411652057343448,0.09859154929577474,723075565.0,0.0,0.06412897908725662,True,2.3680722345716547,70.5,69.7,71.6,False,0.015602836879432536,0.005602836879432535
frr3_volume_absorption,2024-05,2024-06-11,3,2024-06-14,2024-07-12,20,otc,8358,金居,電子零組件業,1.3411652057343448,0.09859154929577474,723075565.0,0.0,0.06412897908725662,True,2.3680722345716547,70.5,69.7,75.2,False,0.06666666666666665,0.05666666666666665
frr3_volume_absorption,2025-02,2025-03-11,1,2025-03-12,2025-03-26,10,otc,3162,精確,電機機械,1.3696602806889013,0.07772621809744784,282454315.0,0.0,0.3871576959395656,True,2.7304288621851467,46.2,46.7,55.7,False,0.2056277056277056,0.1956277056277056
frr3_volume_absorption,2025-02,2025-03-11,1,2025-03-12,2025-04-02,15,otc,3162,精確,電機機械,1.3696602806889013,0.07772621809744784,282454315.0,0.0,0.3871576959395656,True,2.7304288621851467,46.2,46.7,52.7,False,0.14069264069264076,0.13069264069264075
frr3_volume_absorption,2025-02,2025-03-11,1,2025-03-12,2025-04-11,20,otc,3162,精確,電機機械,1.3696602806889013,0.07772621809744784,282454315.0,0.0,0.3871576959395656,True,2.7304288621851467,46.2,46.7,41.1,False,-0.11038961038961037,-0.12038961038961037
frr3_volume_absorption,2025-02,2025-03-11,2,2025-03-13,2025-03-27,10,otc,3162,精確,電機機械,1.3696602806889013,0.07772621809744784,282454315.0,0.0,0.3871576959395656,True,2.7304288621851467,47.3,46.3,52.7,False,0.11416490486257946,0.10416490486257947
frr3_volume_absorption,2025-02,2025-03-11,2,2025-03-13,2025-04-07,15,otc,3162,精確,電機機械,1.3696602806889013,0.07772621809744784,282454315.0,0.0,0.3871576959395656,True,2.7304288621851467,47.3,46.3,47.45,False,0.003171247357294016,-0.006828752642705984
frr3_volume_absorption,2025-02,2025-03-11,2,2025-03-13,2025-04-14,20,otc,3162,精確,電機機械,1.3696602806889013,0.07772621809744784,282454315.0,0.0,0.3871576959395656,True,2.7304288621851467,47.3,46.3,41.65,False,-0.11945031712473575,-0.12945031712473576
frr3_volume_absorption,2025-02,2025-03-11,3,2025-03-14,2025-03-28,10,otc,3162,精確,電機機械,1.3696602806889013,0.07772621809744784,282454315.0,0.0,0.3871576959395656,True,2.7304288621851467,46.9,46.6,53.5,False,0.14072494669509594,0.13072494669509593
frr3_volume_absorption,2025-02,2025-03-11,3,2025-03-14,2025-04-08,15,otc,3162,精確,電機機械,1.3696602806889013,0.07772621809744784,282454315.0,0.0,0.3871576959395656,True,2.7304288621851467,46.9,46.6,42.75,False,-0.08848614072494665,-0.09848614072494664
frr3_volume_absorption,2025-02,2025-03-11,3,2025-03-14,2025-04-15,20,otc,3162,精確,電機機械,1.3696602806889013,0.07772621809744784,282454315.0,0.0,0.3871576959395656,True,2.7304288621851467,46.9,46.6,44.4,False,-0.05330490405117272,-0.06330490405117271
frr3_volume_absorption,2025-02,2025-03-11,1,2025-03-12,2025-03-26,10,otc,8155,博智,電子零組件業,1.336807261272383,0.10245901639344268,125635525.0,0.0,0.152114390021296,True,1.6380509467766047,134.5,143.5,149.0,False,0.10780669144981414,0.09780669144981415
frr3_volume_absorption,2025-02,2025-03-11,1,2025-03-12,2025-04-02,15,otc,8155,博智,電子零組件業,1.336807261272383,0.10245901639344268,125635525.0,0.0,0.152114390021296,True,1.6380509467766047,134.5,143.5,135.5,False,0.0074349442379182396,-0.0025650557620817607
frr3_volume_absorption,2025-02,2025-03-11,1,2025-03-12,2025-04-11,20,otc,8155,博智,電子零組件業,1.336807261272383,0.10245901639344268,125635525.0,0.0,0.152114390021296,True,1.6380509467766047,134.5,143.5,107.5,False,-0.2007434944237918,-0.2107434944237918
frr3_volume_absorption,2025-02,2025-03-11,2,2025-03-13,2025-03-27,10,otc,8155,博智,電子零組件業,1.336807261272383,0.10245901639344268,125635525.0,0.0,0.152114390021296,True,1.6380509467766047,143.5,140.5,146.5,False,0.020905923344947785,0.010905923344947785
frr3_volume_absorption,2025-02,2025-03-11,2,2025-03-13,2025-04-07,15,otc,8155,博智,電子零組件業,1.336807261272383,0.10245901639344268,125635525.0,0.0,0.152114390021296,True,1.6380509467766047,143.5,140.5,122.0,False,-0.14982578397212543,-0.15982578397212543
frr3_volume_absorption,2025-02,2025-03-11,2,2025-03-13,2025-04-14,20,otc,8155,博智,電子零組件業,1.336807261272383,0.10245901639344268,125635525.0,0.0,0.152114390021296,True,1.6380509467766047,143.5,140.5,109.0,False,-0.24041811846689898,-0.250418118466899
frr3_volume_absorption,2025-02,2025-03-11,3,2025-03-14,2025-03-28,10,otc,8155,博智,電子零組件業,1.336807261272383,0.10245901639344268,125635525.0,0.0,0.152114390021296,True,1.6380509467766047,142.5,142.5,143.5,False,0.007017543859649145,-0.0029824561403508556
frr3_volume_absorption,2025-02,2025-03-11,3,2025-03-14,2025-04-08,15,otc,8155,博智,電子零組件業,1.336807261272383,0.10245901639344268,125635525.0,0.0,0.152114390021296,True,1.6380509467766047,142.5,142.5,110.0,False,-0.22807017543859653,-0.23807017543859654
frr3_volume_absorption,2025-02,2025-03-11,3,2025-03-14,2025-04-15,20,otc,8155,博智,電子零組件業,1.336807261272383,0.10245901639344268,125635525.0,0.0,0.152114390021296,True,1.6380509467766047,142.5,142.5,119.5,False,-0.16140350877192977,-0.17140350877192978
frr3_volume_absorption,2025-04,2025-05-12,1,2025-05-13,2025-05-27,10,otc,5439,高技,電子零組件業,2.4795032187480732,0.16778523489932895,1964798375.0,0.0,0.04675586246583226,True,1.4682076877937862,178.5,182.0,178.0,False,-0.0028011204481792618,-0.012801120448179262
frr3_volume_absorption,2025-04,2025-05-12,1,2025-05-13,2025-06-04,15,otc,5439,高技,電子零組件業,2.4795032187480732,0.16778523489932895,1964798375.0,0.0,0.04675586246583226,True,1.4682076877937862,178.5,182.0,183.0,False,0.025210084033613356,0.015210084033613356
frr3_volume_absorption,2025-04,2025-05-12,1,2025-05-13,2025-06-11,20,otc,5439,高技,電子零組件業,2.4795032187480732,0.16778523489932895,1964798375.0,0.0,0.04675586246583226,True,1.4682076877937862,178.5,182.0,222.0,False,0.24369747899159666,0.23369747899159665
frr3_volume_absorption,2025-04,2025-05-12,2,2025-05-14,2025-05-28,10,otc,5439,高技,電子零組件業,2.4795032187480732,0.16778523489932895,1964798375.0,0.0,0.04675586246583226,True,1.4682076877937862,184.0,185.0,177.0,False,-0.03804347826086951,-0.048043478260869514
frr3_volume_absorption,2025-04,2025-05-12,2,2025-05-14,2025-06-05,15,otc,5439,高技,電子零組件業,2.4795032187480732,0.16778523489932895,1964798375.0,0.0,0.04675586246583226,True,1.4682076877937862,184.0,185.0,194.5,False,0.057065217391304435,0.04706521739130443
frr3_volume_absorption,2025-04,2025-05-12,2,2025-05-14,2025-06-12,20,otc,5439,高技,電子零組件業,2.4795032187480732,0.16778523489932895,1964798375.0,0.0,0.04675586246583226,True,1.4682076877937862,184.0,185.0,211.0,False,0.1467391304347827,0.1367391304347827
frr3_volume_absorption,2025-04,2025-05-12,3,2025-05-15,2025-05-29,10,otc,5439,高技,電子零組件業,2.4795032187480732,0.16778523489932895,1964798375.0,0.0,0.04675586246583226,True,1.4682076877937862,185.0,189.0,179.0,False,-0.032432432432432434,-0.042432432432432436
frr3_volume_absorption,2025-04,2025-05-12,3,2025-05-15,2025-06-06,15,otc,5439,高技,電子零組件業,2.4795032187480732,0.16778523489932895,1964798375.0,0.0,0.04675586246583226,True,1.4682076877937862,185.0,189.0,207.5,False,0.12162162162162171,0.11162162162162172
frr3_volume_absorption,2025-04,2025-05-12,3,2025-05-15,2025-06-13,20,otc,5439,高技,電子零組件業,2.4795032187480732,0.16778523489932895,1964798375.0,0.0,0.04675586246583226,True,1.4682076877937862,185.0,189.0,206.0,False,0.11351351351351346,0.10351351351351347
frr3_volume_absorption,2025-04,2025-05-12,1,2025-05-13,2025-05-27,10,otc,3163,波若威,通信網路業,1.8926417850880586,0.18490566037735845,3630787250.0,0.0,0.27315914489311166,True,1.4225914938296058,162.0,157.5,163.0,False,0.006172839506172867,-0.0038271604938271333
frr3_volume_absorption,2025-04,2025-05-12,1,2025-05-13,2025-06-04,15,otc,3163,波若威,通信網路業,1.8926417850880586,0.18490566037735845,3630787250.0,0.0,0.27315914489311166,True,1.4225914938296058,162.0,157.5,166.0,False,0.024691358024691468,0.014691358024691467
frr3_volume_absorption,2025-04,2025-05-12,1,2025-05-13,2025-06-11,20,otc,3163,波若威,通信網路業,1.8926417850880586,0.18490566037735845,3630787250.0,0.0,0.27315914489311166,True,1.4225914938296058,162.0,157.5,181.5,False,0.12037037037037046,0.11037037037037047
frr3_volume_absorption,2025-04,2025-05-12,2,2025-05-14,2025-05-28,10,otc,3163,波若威,通信網路業,1.8926417850880586,0.18490566037735845,3630787250.0,0.0,0.27315914489311166,True,1.4225914938296058,161.0,170.5,159.5,False,-0.009316770186335366,-0.019316770186335368
frr3_volume_absorption,2025-04,2025-05-12,2,2025-05-14,2025-06-05,15,otc,3163,波若威,通信網路業,1.8926417850880586,0.18490566037735845,3630787250.0,0.0,0.27315914489311166,True,1.4225914938296058,161.0,170.5,162.5,False,0.009316770186335477,-0.0006832298136645234
frr3_volume_absorption,2025-04,2025-05-12,2,2025-05-14,2025-06-12,20,otc,3163,波若威,通信網路業,1.8926417850880586,0.18490566037735845,3630787250.0,0.0,0.27315914489311166,True,1.4225914938296058,161.0,170.5,183.5,False,0.13975155279503104,0.12975155279503103
frr3_volume_absorption,2025-04,2025-05-12,3,2025-05-15,2025-05-29,10,otc,3163,波若威,通信網路業,1.8926417850880586,0.18490566037735845,3630787250.0,0.0,0.27315914489311166,True,1.4225914938296058,171.0,169.0,161.5,False,-0.05555555555555558,-0.06555555555555558
frr3_volume_absorption,2025-04,2025-05-12,3,2025-05-15,2025-06-06,15,otc,3163,波若威,通信網路業,1.8926417850880586,0.18490566037735845,3630787250.0,0.0,0.27315914489311166,True,1.4225914938296058,171.0,169.0,167.0,False,-0.023391812865497075,-0.03339181286549708
frr3_volume_absorption,2025-04,2025-05-12,3,2025-05-15,2025-06-13,20,otc,3163,波若威,通信網路業,1.8926417850880586,0.18490566037735845,3630787250.0,0.0,0.27315914489311166,True,1.4225914938296058,171.0,169.0,178.0,False,0.040935672514619936,0.030935672514619934
frr3_volume_absorption,2025-07,2025-08-11,1,2025-08-12,2025-08-26,10,otc,6125,廣運,光電業,1.2638446170351378,0.253543307086614,335314325.0,0.0,0.0572197913160552,True,1.875840504836316,83.0,80.4,80.4,False,-0.031325301204819245,-0.04132530120481925
frr3_volume_absorption,2025-07,2025-08-11,1,2025-08-12,2025-09-02,15,otc,6125,廣運,光電業,1.2638446170351378,0.253543307086614,335314325.0,0.0,0.0572197913160552,True,1.875840504836316,83.0,80.4,76.8,False,-0.07469879518072298,-0.08469879518072297
frr3_volume_absorption,2025-07,2025-08-11,1,2025-08-12,2025-09-09,20,otc,6125,廣運,光電業,1.2638446170351378,0.253543307086614,335314325.0,0.0,0.0572197913160552,True,1.875840504836316,83.0,80.4,77.1,False,-0.07108433734939767,-0.08108433734939767
frr3_volume_absorption,2025-07,2025-08-11,2,2025-08-13,2025-08-27,10,otc,6125,廣運,光電業,1.2638446170351378,0.253543307086614,335314325.0,0.0,0.0572197913160552,True,1.875840504836316,81.2,81.4,80.4,False,-0.009852216748768461,-0.019852216748768463
frr3_volume_absorption,2025-07,2025-08-11,2,2025-08-13,2025-09-03,15,otc,6125,廣運,光電業,1.2638446170351378,0.253543307086614,335314325.0,0.0,0.0572197913160552,True,1.875840504836316,81.2,81.4,76.6,False,-0.05665024630541882,-0.06665024630541881
frr3_volume_absorption,2025-07,2025-08-11,2,2025-08-13,2025-09-10,20,otc,6125,廣運,光電業,1.2638446170351378,0.253543307086614,335314325.0,0.0,0.0572197913160552,True,1.875840504836316,81.2,81.4,78.2,False,-0.036945812807881784,-0.046945812807881786
frr3_volume_absorption,2025-07,2025-08-11,3,2025-08-14,2025-08-28,10,otc,6125,廣運,光電業,1.2638446170351378,0.253543307086614,335314325.0,0.0,0.0572197913160552,True,1.875840504836316,82.2,81.9,80.5,False,-0.020681265206812682,-0.030681265206812684
frr3_volume_absorption,2025-07,2025-08-11,3,2025-08-14,2025-09-04,15,otc,6125,廣運,光電業,1.2638446170351378,0.253543307086614,335314325.0,0.0,0.0572197913160552,True,1.875840504836316,82.2,81.9,76.2,False,-0.07299270072992703,-0.08299270072992702
frr3_volume_absorption,2025-07,2025-08-11,3,2025-08-14,2025-09-11,20,otc,6125,廣運,光電業,1.2638446170351378,0.253543307086614,335314325.0,0.0,0.0572197913160552,True,1.875840504836316,82.2,81.9,76.5,False,-0.06934306569343074,-0.07934306569343073
frr3_volume_absorption,2025-08,2025-09-11,1,2025-09-12,2025-09-26,10,otc,6125,廣運,光電業,1.5960899484404725,-0.06593406593406603,397873310.0,0.0,0.0572197913160552,True,1.7658576045657604,76.8,77.0,72.4,False,-0.05729166666666652,-0.06729166666666651
frr3_volume_absorption,2025-08,2025-09-11,1,2025-09-12,2025-10-07,15,otc,6125,廣運,光電業,1.5960899484404725,-0.06593406593406603,397873310.0,0.0,0.0572197913160552,True,1.7658576045657604,76.8,77.0,74.3,False,-0.03255208333333337,-0.04255208333333337
frr3_volume_absorption,2025-08,2025-09-11,1,2025-09-12,2025-10-15,20,otc,6125,廣運,光電業,1.5960899484404725,-0.06593406593406603,397873310.0,0.0,0.0572197913160552,True,1.7658576045657604,76.8,77.0,72.8,False,-0.05208333333333337,-0.06208333333333337
frr3_volume_absorption,2025-08,2025-09-11,2,2025-09-15,2025-09-30,10,otc,6125,廣運,光電業,1.5960899484404725,-0.06593406593406603,397873310.0,0.0,0.0572197913160552,True,1.7658576045657604,77.5,78.7,73.2,False,-0.05548387096774188,-0.06548387096774187
frr3_volume_absorption,2025-08,2025-09-11,2,2025-09-15,2025-10-08,15,otc,6125,廣運,光電業,1.5960899484404725,-0.06593406593406603,397873310.0,0.0,0.0572197913160552,True,1.7658576045657604,77.5,78.7,73.3,False,-0.05419354838709678,-0.06419354838709677
frr3_volume_absorption,2025-08,2025-09-11,2,2025-09-15,2025-10-16,20,otc,6125,廣運,光電業,1.5960899484404725,-0.06593406593406603,397873310.0,0.0,0.0572197913160552,True,1.7658576045657604,77.5,78.7,74.3,False,-0.041290322580645245,-0.051290322580645246
frr3_volume_absorption,2025-08,2025-09-11,3,2025-09-16,2025-10-01,10,otc,6125,廣運,光電業,1.5960899484404725,-0.06593406593406603,397873310.0,0.0,0.0572197913160552,True,1.7658576045657604,80.9,81.9,73.9,False,-0.08652657601977753,-0.09652657601977753
frr3_volume_absorption,2025-08,2025-09-11,3,2025-09-16,2025-10-09,15,otc,6125,廣運,光電業,1.5960899484404725,-0.06593406593406603,397873310.0,0.0,0.0572197913160552,True,1.7658576045657604,80.9,81.9,72.3,False,-0.1063040791100125,-0.11630407911001249
frr3_volume_absorption,2025-08,2025-09-11,3,2025-09-16,2025-10-17,20,otc,6125,廣運,光電業,1.5960899484404725,-0.06593406593406603,397873310.0,0.0,0.0572197913160552,True,1.7658576045657604,80.9,81.9,73.2,False,-0.09517923362175529,-0.10517923362175528
frr3_volume_absorption,2025-09,2025-10-13,1,2025-10-14,2025-10-29,10,otc,5351,鈺創,半導體業,2.0502620546085266,0.13165680473372787,422835525.0,0.0,0.21462043111527648,True,2.227395502664644,38.8,36.2,37.3,False,-0.03865979381443296,-0.048659793814432965
frr3_volume_absorption,2025-09,2025-10-13,1,2025-10-14,2025-11-05,15,otc,5351,鈺創,半導體業,2.0502620546085266,0.13165680473372787,422835525.0,0.0,0.21462043111527648,True,2.227395502664644,38.8,36.2,35.0,False,-0.09793814432989689,-0.10793814432989689
frr3_volume_absorption,2025-09,2025-10-13,1,2025-10-14,2025-11-12,20,otc,5351,鈺創,半導體業,2.0502620546085266,0.13165680473372787,422835525.0,0.0,0.21462043111527648,True,2.227395502664644,38.8,36.2,47.65,False,0.22809278350515472,0.2180927835051547
frr3_volume_absorption,2025-09,2025-10-13,2,2025-10-15,2025-10-30,10,otc,5351,鈺創,半導體業,2.0502620546085266,0.13165680473372787,422835525.0,0.0,0.21462043111527648,True,2.227395502664644,36.3,35.75,37.55,False,0.03443526170798905,0.02443526170798905
frr3_volume_absorption,2025-09,2025-10-13,2,2025-10-15,2025-11-06,15,otc,5351,鈺創,半導體業,2.0502620546085266,0.13165680473372787,422835525.0,0.0,0.21462043111527648,True,2.227395502664644,36.3,35.75,37.15,False,0.023415977961432466,0.013415977961432466
frr3_volume_absorption,2025-09,2025-10-13,2,2025-10-15,2025-11-13,20,otc,5351,鈺創,半導體業,2.0502620546085266,0.13165680473372787,422835525.0,0.0,0.21462043111527648,True,2.227395502664644,36.3,35.75,45.65,False,0.25757575757575757,0.24757575757575756
frr3_volume_absorption,2025-09,2025-10-13,3,2025-10-16,2025-10-31,10,otc,5351,鈺創,半導體業,2.0502620546085266,0.13165680473372787,422835525.0,0.0,0.21462043111527648,True,2.227395502664644,36.0,38.0,36.5,False,0.01388888888888884,0.0038888888888888393
frr3_volume_absorption,2025-09,2025-10-13,3,2025-10-16,2025-11-07,15,otc,5351,鈺創,半導體業,2.0502620546085266,0.13165680473372787,422835525.0,0.0,0.21462043111527648,True,2.227395502664644,36.0,38.0,37.85,False,0.05138888888888893,0.041388888888888926
frr3_volume_absorption,2025-09,2025-10-13,3,2025-10-16,2025-11-14,20,otc,5351,鈺創,半導體業,2.0502620546085266,0.13165680473372787,422835525.0,0.0,0.21462043111527648,True,2.227395502664644,36.0,38.0,44.2,False,0.22777777777777786,0.21777777777777785
frr3_volume_absorption,2025-10,2025-11-11,1,2025-11-12,2025-11-26,10,otc,5351,鈺創,半導體業,2.320578105549865,0.196078431372549,425928947.5,0.0,0.21462043111527648,True,1.7084767937387277,46.1,47.65,38.25,False,-0.17028199566160518,-0.1802819956616052
frr3_volume_absorption,2025-10,2025-11-11,1,2025-11-12,2025-12-03,15,otc,5351,鈺創,半導體業,2.320578105549865,0.196078431372549,425928947.5,0.0,0.21462043111527648,True,1.7084767937387277,46.1,47.65,38.1,False,-0.17353579175704992,-0.18353579175704993
frr3_volume_absorption,2025-10,2025-11-11,1,2025-11-12,2025-12-10,20,otc,5351,鈺創,半導體業,2.320578105549865,0.196078431372549,425928947.5,0.0,0.21462043111527648,True,1.7084767937387277,46.1,47.65,40.0,False,-0.13232104121475052,-0.14232104121475053
frr3_volume_absorption,2025-10,2025-11-11,2,2025-11-13,2025-11-27,10,otc,5351,鈺創,半導體業,2.320578105549865,0.196078431372549,425928947.5,0.0,0.21462043111527648,True,1.7084767937387277,47.15,45.65,39.4,False,-0.1643690349946978,-0.1743690349946978
frr3_volume_absorption,2025-10,2025-11-11,2,2025-11-13,2025-12-04,15,otc,5351,鈺創,半導體業,2.320578105549865,0.196078431372549,425928947.5,0.0,0.21462043111527648,True,1.7084767937387277,47.15,45.65,38.35,False,-0.1866383881230116,-0.1966383881230116
frr3_volume_absorption,2025-10,2025-11-11,2,2025-11-13,2025-12-11,20,otc,5351,鈺創,半導體業,2.320578105549865,0.196078431372549,425928947.5,0.0,0.21462043111527648,True,1.7084767937387277,47.15,45.65,39.4,False,-0.1643690349946978,-0.1743690349946978
frr3_volume_absorption,2025-10,2025-11-11,3,2025-11-14,2025-11-28,10,otc,5351,鈺創,半導體業,2.320578105549865,0.196078431372549,425928947.5,0.0,0.21462043111527648,True,1.7084767937387277,43.6,44.2,39.5,False,-0.09403669724770647,-0.10403669724770646
frr3_volume_absorption,2025-10,2025-11-11,3,2025-11-14,2025-12-05,15,otc,5351,鈺創,半導體業,2.320578105549865,0.196078431372549,425928947.5,0.0,0.21462043111527648,True,1.7084767937387277,43.6,44.2,39.8,False,-0.08715596330275244,-0.09715596330275243
frr3_volume_absorption,2025-10,2025-11-11,3,2025-11-14,2025-12-12,20,otc,5351,鈺創,半導體業,2.320578105549865,0.196078431372549,425928947.5,0.0,0.21462043111527648,True,1.7084767937387277,43.6,44.2,41.5,False,-0.04816513761467889,-0.05816513761467889
frr3_volume_absorption,2025-10,2025-11-11,1,2025-11-12,2025-11-26,10,otc,5289,宜鼎,電腦及週邊設備業,1.359484724495516,0.1959798994974875,2559948475.0,0.0,0.07736516357206012,True,3.153491901221715,483.0,523.0,484.0,False,0.0020703933747412417,-0.007929606625258758
frr3_volume_absorption,2025-10,2025-11-11,1,2025-11-12,2025-12-03,15,otc,5289,宜鼎,電腦及週邊設備業,1.359484724495516,0.1959798994974875,2559948475.0,0.0,0.07736516357206012,True,3.153491901221715,483.0,523.0,457.5,False,-0.052795031055900665,-0.06279503105590066
frr3_volume_absorption,2025-10,2025-11-11,1,2025-11-12,2025-12-10,20,otc,5289,宜鼎,電腦及週邊設備業,1.359484724495516,0.1959798994974875,2559948475.0,0.0,0.07736516357206012,True,3.153491901221715,483.0,523.0,466.5,False,-0.03416149068322982,-0.044161490683229825
frr3_volume_absorption,2025-10,2025-11-11,2,2025-11-13,2025-11-27,10,otc,5289,宜鼎,電腦及週邊設備業,1.359484724495516,0.1959798994974875,2559948475.0,0.0,0.07736516357206012,True,3.153491901221715,532.0,558.0,489.5,False,-0.07988721804511278,-0.08988721804511278
frr3_volume_absorption,2025-10,2025-11-11,2,2025-11-13,2025-12-04,15,otc,5289,宜鼎,電腦及週邊設備業,1.359484724495516,0.1959798994974875,2559948475.0,0.0,0.07736516357206012,True,3.153491901221715,532.0,558.0,452.0,False,-0.15037593984962405,-0.16037593984962406
frr3_volume_absorption,2025-10,2025-11-11,2,2025-11-13,2025-12-11,20,otc,5289,宜鼎,電腦及週邊設備業,1.359484724495516,0.1959798994974875,2559948475.0,0.0,0.07736516357206012,True,3.153491901221715,532.0,558.0,473.0,False,-0.11090225563909772,-0.12090225563909772
frr3_volume_absorption,2025-10,2025-11-11,3,2025-11-14,2025-11-28,10,otc,5289,宜鼎,電腦及週邊設備業,1.359484724495516,0.1959798994974875,2559948475.0,0.0,0.07736516357206012,True,3.153491901221715,540.0,522.0,493.5,False,-0.08611111111111114,-0.09611111111111113
frr3_volume_absorption,2025-10,2025-11-11,3,2025-11-14,2025-12-05,15,otc,5289,宜鼎,電腦及週邊設備業,1.359484724495516,0.1959798994974875,2559948475.0,0.0,0.07736516357206012,True,3.153491901221715,540.0,522.0,469.0,False,-0.13148148148148153,-0.14148148148148154
frr3_volume_absorption,2025-10,2025-11-11,3,2025-11-14,2025-12-12,20,otc,5289,宜鼎,電腦及週邊設備業,1.359484724495516,0.1959798994974875,2559948475.0,0.0,0.07736516357206012,True,3.153491901221715,540.0,522.0,500.0,False,-0.07407407407407407,-0.08407407407407406
frr3_volume_absorption,2025-11,2025-12-11,1,2025-12-12,2025-12-29,10,otc,6903,巨漢,其他電子業,1.420043802598518,0.11309523809523814,59060625.0,0.0,0.2601456815816857,True,2.0288705638249267,189.5,182.5,217.5,False,0.14775725593667555,0.13775725593667554
frr3_volume_absorption,2025-11,2025-12-11,1,2025-12-12,2026-01-06,15,otc,6903,巨漢,其他電子業,1.420043802598518,0.11309523809523814,59060625.0,0.0,0.2601456815816857,True,2.0288705638249267,189.5,182.5,228.5,False,0.2058047493403694,0.1958047493403694
frr3_volume_absorption,2025-11,2025-12-11,1,2025-12-12,2026-01-13,20,otc,6903,巨漢,其他電子業,1.420043802598518,0.11309523809523814,59060625.0,0.0,0.2601456815816857,True,2.0288705638249267,189.5,182.5,276.5,False,0.4591029023746702,0.4491029023746702
frr3_volume_absorption,2025-11,2025-12-11,2,2025-12-15,2025-12-30,10,otc,6903,巨漢,其他電子業,1.420043802598518,0.11309523809523814,59060625.0,0.0,0.2601456815816857,True,2.0288705638249267,178.0,200.5,215.5,False,0.2106741573033708,0.2006741573033708
frr3_volume_absorption,2025-11,2025-12-11,2,2025-12-15,2026-01-07,15,otc,6903,巨漢,其他電子業,1.420043802598518,0.11309523809523814,59060625.0,0.0,0.2601456815816857,True,2.0288705638249267,178.0,200.5,225.0,False,0.2640449438202248,0.2540449438202248
frr3_volume_absorption,2025-11,2025-12-11,2,2025-12-15,2026-01-14,20,otc,6903,巨漢,其他電子業,1.420043802598518,0.11309523809523814,59060625.0,0.0,0.2601456815816857,True,2.0288705638249267,178.0,200.5,286.0,False,0.6067415730337078,0.5967415730337078
frr3_volume_absorption,2025-11,2025-12-11,3,2025-12-16,2025-12-31,10,otc,6903,巨漢,其他電子業,1.420043802598518,0.11309523809523814,59060625.0,0.0,0.2601456815816857,True,2.0288705638249267,210.5,220.5,237.0,False,0.12589073634204273,0.11589073634204274
frr3_volume_absorption,2025-11,2025-12-11,3,2025-12-16,2026-01-08,15,otc,6903,巨漢,其他電子業,1.420043802598518,0.11309523809523814,59060625.0,0.0,0.2601456815816857,True,2.0288705638249267,210.5,220.5,224.0,False,0.06413301662707838,0.054133016627078374
frr3_volume_absorption,2025-11,2025-12-11,3,2025-12-16,2026-01-15,20,otc,6903,巨漢,其他電子業,1.420043802598518,0.11309523809523814,59060625.0,0.0,0.2601456815816857,True,2.0288705638249267,210.5,220.5,278.0,False,0.3206650831353919,0.3106650831353919
frr3_volume_absorption,2025-11,2025-12-11,1,2025-12-12,2025-12-29,10,otc,5289,宜鼎,電腦及週邊設備業,1.4270170840992633,-0.1523297491039427,2449556425.0,0.0,0.07736516357206012,True,1.949958577767975,477.5,500.0,517.0,False,0.08272251308900525,0.07272251308900525
frr3_volume_absorption,2025-11,2025-12-11,1,2025-12-12,2026-01-06,15,otc,5289,宜鼎,電腦及週邊設備業,1.4270170840992633,-0.1523297491039427,2449556425.0,0.0,0.07736516357206012,True,1.949958577767975,477.5,500.0,626.0,False,0.31099476439790585,0.30099476439790585
frr3_volume_absorption,2025-11,2025-12-11,1,2025-12-12,2026-01-13,20,otc,5289,宜鼎,電腦及週邊設備業,1.4270170840992633,-0.1523297491039427,2449556425.0,0.0,0.07736516357206012,True,1.949958577767975,477.5,500.0,646.0,False,0.3528795811518324,0.34287958115183237
frr3_volume_absorption,2025-11,2025-12-11,2,2025-12-15,2025-12-30,10,otc,5289,宜鼎,電腦及週邊設備業,1.4270170840992633,-0.1523297491039427,2449556425.0,0.0,0.07736516357206012,True,1.949958577767975,495.0,495.0,524.0,False,0.05858585858585852,0.04858585858585852
frr3_volume_absorption,2025-11,2025-12-11,2,2025-12-15,2026-01-07,15,otc,5289,宜鼎,電腦及週邊設備業,1.4270170840992633,-0.1523297491039427,2449556425.0,0.0,0.07736516357206012,True,1.949958577767975,495.0,495.0,655.0,False,0.3232323232323233,0.3132323232323233
frr3_volume_absorption,2025-11,2025-12-11,2,2025-12-15,2026-01-14,20,otc,5289,宜鼎,電腦及週邊設備業,1.4270170840992633,-0.1523297491039427,2449556425.0,0.0,0.07736516357206012,True,1.949958577767975,495.0,495.0,645.0,False,0.303030303030303,0.293030303030303
frr3_volume_absorption,2025-11,2025-12-11,3,2025-12-16,2025-12-31,10,otc,5289,宜鼎,電腦及週邊設備業,1.4270170840992633,-0.1523297491039427,2449556425.0,0.0,0.07736516357206012,True,1.949958577767975,495.0,481.5,576.0,False,0.16363636363636358,0.15363636363636357
frr3_volume_absorption,2025-11,2025-12-11,3,2025-12-16,2026-01-08,15,otc,5289,宜鼎,電腦及週邊設備業,1.4270170840992633,-0.1523297491039427,2449556425.0,0.0,0.07736516357206012,True,1.949958577767975,495.0,481.5,645.0,False,0.303030303030303,0.293030303030303
frr3_volume_absorption,2025-11,2025-12-11,3,2025-12-16,2026-01-15,20,otc,5289,宜鼎,電腦及週邊設備業,1.4270170840992633,-0.1523297491039427,2449556425.0,0.0,0.07736516357206012,True,1.949958577767975,495.0,481.5,644.0,False,0.30101010101010095,0.29101010101010094
frr3_volume_absorption,2023-12,2024-01-11,1,2024-01-12,2024-01-26,10,otc,3402,漢科,其他電子業,1.7489502590807517,0.04422253922967201,82692275.0,0.0,0.04659498207885305,True,2.020042653468039,73.2,71.9,79.2,False,0.08196721311475419,0.0719672131147542
frr3_volume_absorption,2023-12,2024-01-11,1,2024-01-12,2024-02-02,15,otc,3402,漢科,其他電子業,1.7489502590807517,0.04422253922967201,82692275.0,0.0,0.04659498207885305,True,2.020042653468039,73.2,71.9,78.4,False,0.0710382513661203,0.061038251366120296
frr3_volume_absorption,2023-12,2024-01-11,1,2024-01-12,2024-02-20,20,otc,3402,漢科,其他電子業,1.7489502590807517,0.04422253922967201,82692275.0,0.0,0.04659498207885305,True,2.020042653468039,73.2,71.9,88.0,False,0.20218579234972678,0.19218579234972677
frr3_volume_absorption,2023-12,2024-01-11,2,2024-01-15,2024-01-29,10,otc,3402,漢科,其他電子業,1.7489502590807517,0.04422253922967201,82692275.0,0.0,0.04659498207885305,True,2.020042653468039,72.5,72.8,77.6,False,0.07034482758620686,0.06034482758620686
frr3_volume_absorption,2023-12,2024-01-11,2,2024-01-15,2024-02-05,15,otc,3402,漢科,其他電子業,1.7489502590807517,0.04422253922967201,82692275.0,0.0,0.04659498207885305,True,2.020042653468039,72.5,72.8,81.0,False,0.11724137931034484,0.10724137931034484
frr3_volume_absorption,2023-12,2024-01-11,2,2024-01-15,2024-02-21,20,otc,3402,漢科,其他電子業,1.7489502590807517,0.04422253922967201,82692275.0,0.0,0.04659498207885305,True,2.020042653468039,72.5,72.8,90.2,False,0.2441379310344829,0.23413793103448288
frr3_volume_absorption,2023-12,2024-01-11,3,2024-01-16,2024-01-30,10,otc,3402,漢科,其他電子業,1.7489502590807517,0.04422253922967201,82692275.0,0.0,0.04659498207885305,True,2.020042653468039,72.7,72.9,77.4,False,0.06464924346629997,0.054649243466299964
frr3_volume_absorption,2023-12,2024-01-11,3,2024-01-16,2024-02-15,15,otc,3402,漢科,其他電子業,1.7489502590807517,0.04422253922967201,82692275.0,0.0,0.04659498207885305,True,2.020042653468039,72.7,72.9,86.6,False,0.1911966987620357,0.1811966987620357
frr3_volume_absorption,2023-12,2024-01-11,3,2024-01-16,2024-02-22,20,otc,3402,漢科,其他電子業,1.7489502590807517,0.04422253922967201,82692275.0,0.0,0.04659498207885305,True,2.020042653468039,72.7,72.9,99.2,False,0.36451169188445665,0.35451169188445664
frr3_volume_absorption,2024-02,2024-03-11,1,2024-03-12,2024-03-26,10,otc,3691,碩禾,光電業,1.539893705195294,0.18999999999999995,59793395.0,0.0,0.10154147296305359,True,2.228860898311526,120.5,117.5,120.0,False,-0.004149377593360981,-0.014149377593360981
frr3_volume_absorption,2024-02,2024-03-11,1,2024-03-12,2024-04-02,15,otc,3691,碩禾,光電業,1.539893705195294,0.18999999999999995,59793395.0,0.0,0.10154147296305359,True,2.228860898311526,120.5,117.5,115.5,False,-0.04149377593360992,-0.051493775933609924
frr3_volume_absorption,2024-02,2024-03-11,1,2024-03-12,2024-04-11,20,otc,3691,碩禾,光電業,1.539893705195294,0.18999999999999995,59793395.0,0.0,0.10154147296305359,True,2.228860898311526,120.5,117.5,141.5,False,0.17427385892116187,0.16427385892116186
frr3_volume_absorption,2024-02,2024-03-11,2,2024-03-13,2024-03-27,10,otc,3691,碩禾,光電業,1.539893705195294,0.18999999999999995,59793395.0,0.0,0.10154147296305359,True,2.228860898311526,124.0,118.5,119.5,False,-0.03629032258064513,-0.04629032258064513
frr3_volume_absorption,2024-02,2024-03-11,2,2024-03-13,2024-04-03,15,otc,3691,碩禾,光電業,1.539893705195294,0.18999999999999995,59793395.0,0.0,0.10154147296305359,True,2.228860898311526,124.0,118.5,114.5,False,-0.0766129032258065,-0.08661290322580649
frr3_volume_absorption,2024-02,2024-03-11,2,2024-03-13,2024-04-12,20,otc,3691,碩禾,光電業,1.539893705195294,0.18999999999999995,59793395.0,0.0,0.10154147296305359,True,2.228860898311526,124.0,118.5,152.5,False,0.22983870967741926,0.21983870967741925
frr3_volume_absorption,2024-02,2024-03-11,3,2024-03-14,2024-03-28,10,otc,3691,碩禾,光電業,1.539893705195294,0.18999999999999995,59793395.0,0.0,0.10154147296305359,True,2.228860898311526,117.0,116.0,123.5,False,0.05555555555555558,0.04555555555555558
frr3_volume_absorption,2024-02,2024-03-11,3,2024-03-14,2024-04-08,15,otc,3691,碩禾,光電業,1.539893705195294,0.18999999999999995,59793395.0,0.0,0.10154147296305359,True,2.228860898311526,117.0,116.0,118.5,False,0.012820512820512775,0.0028205128205127748
frr3_volume_absorption,2024-02,2024-03-11,3,2024-03-14,2024-04-15,20,otc,3691,碩禾,光電業,1.539893705195294,0.18999999999999995,59793395.0,0.0,0.10154147296305359,True,2.228860898311526,117.0,116.0,156.0,False,0.33333333333333326,0.32333333333333325
frr5_conservative_liq100,2024-09,2024-10-11,1,2024-10-14,2024-10-28,10,otc,5386,青雲,電腦及週邊設備業,1.9103537669106951,-0.02717391304347827,171282510.0,0.0,0.1388888888888889,True,1.2242906411096006,90.5,92.4,99.7,False,0.10165745856353592,0.09165745856353592
frr5_conservative_liq100,2024-09,2024-10-11,1,2024-10-14,2024-11-05,15,otc,5386,青雲,電腦及週邊設備業,1.9103537669106951,-0.02717391304347827,171282510.0,0.0,0.1388888888888889,True,1.2242906411096006,90.5,92.4,91.3,False,0.008839779005524795,-0.0011602209944752053
frr5_conservative_liq100,2024-09,2024-10-11,1,2024-10-14,2024-11-12,20,otc,5386,青雲,電腦及週邊設備業,1.9103537669106951,-0.02717391304347827,171282510.0,0.0,0.1388888888888889,True,1.2242906411096006,90.5,92.4,91.0,False,0.005524861878453136,-0.004475138121546865
frr5_conservative_liq100,2024-09,2024-10-11,2,2024-10-15,2024-10-29,10,otc,5386,青雲,電腦及週邊設備業,1.9103537669106951,-0.02717391304347827,171282510.0,0.0,0.1388888888888889,True,1.2242906411096006,93.2,88.3,100.5,False,0.07832618025751059,0.0683261802575106
frr5_conservative_liq100,2024-09,2024-10-11,2,2024-10-15,2024-11-06,15,otc,5386,青雲,電腦及週邊設備業,1.9103537669106951,-0.02717391304347827,171282510.0,0.0,0.1388888888888889,True,1.2242906411096006,93.2,88.3,95.2,False,0.02145922746781115,0.011459227467811148
frr5_conservative_liq100,2024-09,2024-10-11,2,2024-10-15,2024-11-13,20,otc,5386,青雲,電腦及週邊設備業,1.9103537669106951,-0.02717391304347827,171282510.0,0.0,0.1388888888888889,True,1.2242906411096006,93.2,88.3,88.3,False,-0.05257510729613735,-0.06257510729613734
frr5_conservative_liq100,2024-09,2024-10-11,3,2024-10-16,2024-10-30,10,otc,5386,青雲,電腦及週邊設備業,1.9103537669106951,-0.02717391304347827,171282510.0,0.0,0.1388888888888889,True,1.2242906411096006,88.2,88.5,104.5,False,0.1848072562358276,0.1748072562358276
frr5_conservative_liq100,2024-09,2024-10-11,3,2024-10-16,2024-11-07,15,otc,5386,青雲,電腦及週邊設備業,1.9103537669106951,-0.02717391304347827,171282510.0,0.0,0.1388888888888889,True,1.2242906411096006,88.2,88.5,94.5,False,0.0714285714285714,0.061428571428571395
frr5_conservative_liq100,2024-09,2024-10-11,3,2024-10-16,2024-11-14,20,otc,5386,青雲,電腦及週邊設備業,1.9103537669106951,-0.02717391304347827,171282510.0,0.0,0.1388888888888889,True,1.2242906411096006,88.2,88.5,86.6,False,-0.018140589569161092,-0.028140589569161094
frr5_conservative_liq100,2024-11,2024-12-11,1,2024-12-12,2024-12-26,10,otc,6223,旺矽,半導體業,1.3249867934005057,0.06019656019656017,2558888300.0,0.0,0.13157894736842105,True,1.1521540159019728,872.0,863.0,889.0,False,0.019495412844036775,0.009495412844036774
frr5_conservative_liq100,2024-11,2024-12-11,1,2024-12-12,2025-01-03,15,otc,6223,旺矽,半導體業,1.3249867934005057,0.06019656019656017,2558888300.0,0.0,0.13157894736842105,True,1.1521540159019728,872.0,863.0,894.0,False,0.025229357798165042,0.015229357798165042
frr5_conservative_liq100,2024-11,2024-12-11,1,2024-12-12,2025-01-10,20,otc,6223,旺矽,半導體業,1.3249867934005057,0.06019656019656017,2558888300.0,0.0,0.13157894736842105,True,1.1521540159019728,872.0,863.0,948.0,False,0.08715596330275233,0.07715596330275233
frr5_conservative_liq100,2024-11,2024-12-11,2,2024-12-13,2024-12-27,10,otc,6223,旺矽,半導體業,1.3249867934005057,0.06019656019656017,2558888300.0,0.0,0.13157894736842105,True,1.1521540159019728,863.0,861.0,925.0,False,0.07184241019698723,0.061842410196987226
frr5_conservative_liq100,2024-11,2024-12-11,2,2024-12-13,2025-01-06,15,otc,6223,旺矽,半導體業,1.3249867934005057,0.06019656019656017,2558888300.0,0.0,0.13157894736842105,True,1.1521540159019728,863.0,861.0,901.0,False,0.044032444959443806,0.034032444959443804
frr5_conservative_liq100,2024-11,2024-12-11,2,2024-12-13,2025-01-13,20,otc,6223,旺矽,半導體業,1.3249867934005057,0.06019656019656017,2558888300.0,0.0,0.13157894736842105,True,1.1521540159019728,863.0,861.0,889.0,False,0.030127462340671984,0.020127462340671982
frr5_conservative_liq100,2024-11,2024-12-11,3,2024-12-16,2024-12-30,10,otc,6223,旺矽,半導體業,1.3249867934005057,0.06019656019656017,2558888300.0,0.0,0.13157894736842105,True,1.1521540159019728,875.0,848.0,921.0,False,0.05257142857142849,0.04257142857142849
frr5_conservative_liq100,2024-11,2024-12-11,3,2024-12-16,2025-01-07,15,otc,6223,旺矽,半導體業,1.3249867934005057,0.06019656019656017,2558888300.0,0.0,0.13157894736842105,True,1.1521540159019728,875.0,848.0,985.0,False,0.12571428571428567,0.11571428571428567
frr5_conservative_liq100,2024-11,2024-12-11,3,2024-12-16,2025-01-14,20,otc,6223,旺矽,半導體業,1.3249867934005057,0.06019656019656017,2558888300.0,0.0,0.13157894736842105,True,1.1521540159019728,875.0,848.0,927.0,False,0.059428571428571386,0.049428571428571384
frr5_conservative_liq100,2024-12,2025-01-13,1,2025-01-14,2025-02-06,10,otc,6143,振曜,通信網路業,2.1286196164894897,0.10091743119266061,131074300.0,0.0,0.07539817011182649,True,0.38714260281578156,122.0,121.5,123.5,False,0.012295081967213184,0.0022950819672131837
frr5_conservative_liq100,2024-12,2025-01-13,1,2025-01-14,2025-02-13,15,otc,6143,振曜,通信網路業,2.1286196164894897,0.10091743119266061,131074300.0,0.0,0.07539817011182649,True,0.38714260281578156,122.0,121.5,121.0,False,-0.008196721311475419,-0.01819672131147542
frr5_conservative_liq100,2024-12,2025-01-13,1,2025-01-14,2025-02-20,20,otc,6143,振曜,通信網路業,2.1286196164894897,0.10091743119266061,131074300.0,0.0,0.07539817011182649,True,0.38714260281578156,122.0,121.5,129.5,False,0.061475409836065475,0.051475409836065474
frr5_conservative_liq100,2024-12,2025-01-13,2,2025-01-15,2025-02-07,10,otc,6143,振曜,通信網路業,2.1286196164894897,0.10091743119266061,131074300.0,0.0,0.07539817011182649,True,0.38714260281578156,119.5,118.0,131.0,False,0.09623430962343105,0.08623430962343105
frr5_conservative_liq100,2024-12,2025-01-13,2,2025-01-15,2025-02-14,15,otc,6143,振曜,通信網路業,2.1286196164894897,0.10091743119266061,131074300.0,0.0,0.07539817011182649,True,0.38714260281578156,119.5,118.0,121.5,False,0.01673640167364021,0.006736401673640211
frr5_conservative_liq100,2024-12,2025-01-13,2,2025-01-15,2025-02-21,20,otc,6143,振曜,通信網路業,2.1286196164894897,0.10091743119266061,131074300.0,0.0,0.07539817011182649,True,0.38714260281578156,119.5,118.0,138.5,False,0.15899581589958167,0.14899581589958166
frr5_conservative_liq100,2024-12,2025-01-13,3,2025-01-16,2025-02-10,10,otc,6143,振曜,通信網路業,2.1286196164894897,0.10091743119266061,131074300.0,0.0,0.07539817011182649,True,0.38714260281578156,120.5,125.0,127.5,False,0.05809128630705396,0.048091286307053956
frr5_conservative_liq100,2024-12,2025-01-13,3,2025-01-16,2025-02-17,15,otc,6143,振曜,通信網路業,2.1286196164894897,0.10091743119266061,131074300.0,0.0,0.07539817011182649,True,0.38714260281578156,120.5,125.0,122.5,False,0.016597510373443924,0.006597510373443924
frr5_conservative_liq100,2024-12,2025-01-13,3,2025-01-16,2025-02-24,20,otc,6143,振曜,通信網路業,2.1286196164894897,0.10091743119266061,131074300.0,0.0,0.07539817011182649,True,0.38714260281578156,120.5,125.0,139.5,False,0.15767634854771795,0.14767634854771794
frr5_conservative_liq100,2025-05,2025-06-11,1,2025-06-12,2025-06-26,10,otc,5439,高技,電子零組件業,1.3838428363120008,0.2197802197802199,2841969675.0,0.0,0.04675586246583226,True,1.6287486007962249,222.0,211.0,223.0,False,0.0045045045045044585,-0.005495495495495542
frr5_conservative_liq100,2025-05,2025-06-11,1,2025-06-12,2025-07-03,15,otc,5439,高技,電子零組件業,1.3838428363120008,0.2197802197802199,2841969675.0,0.0,0.04675586246583226,True,1.6287486007962249,222.0,211.0,241.0,False,0.0855855855855856,0.0755855855855856
frr5_conservative_liq100,2025-05,2025-06-11,1,2025-06-12,2025-07-10,20,otc,5439,高技,電子零組件業,1.3838428363120008,0.2197802197802199,2841969675.0,0.0,0.04675586246583226,True,1.6287486007962249,222.0,211.0,240.0,False,0.08108108108108114,0.07108108108108115
frr5_conservative_liq100,2025-05,2025-06-11,2,2025-06-13,2025-06-27,10,otc,5439,高技,電子零組件業,1.3838428363120008,0.2197802197802199,2841969675.0,0.0,0.04675586246583226,True,1.6287486007962249,208.0,206.0,240.0,False,0.15384615384615374,0.14384615384615373
frr5_conservative_liq100,2025-05,2025-06-11,2,2025-06-13,2025-07-04,15,otc,5439,高技,電子零組件業,1.3838428363120008,0.2197802197802199,2841969675.0,0.0,0.04675586246583226,True,1.6287486007962249,208.0,206.0,243.0,False,0.16826923076923084,0.15826923076923083
frr5_conservative_liq100,2025-05,2025-06-11,2,2025-06-13,2025-07-11,20,otc,5439,高技,電子零組件業,1.3838428363120008,0.2197802197802199,2841969675.0,0.0,0.04675586246583226,True,1.6287486007962249,208.0,206.0,236.0,False,0.13461538461538458,0.12461538461538459
frr5_conservative_liq100,2025-05,2025-06-11,3,2025-06-16,2025-06-30,10,otc,5439,高技,電子零組件業,1.3838428363120008,0.2197802197802199,2841969675.0,0.0,0.04675586246583226,True,1.6287486007962249,205.0,207.0,238.5,False,0.1634146341463414,0.15341463414634138
frr5_conservative_liq100,2025-05,2025-06-11,3,2025-06-16,2025-07-07,15,otc,5439,高技,電子零組件業,1.3838428363120008,0.2197802197802199,2841969675.0,0.0,0.04675586246583226,True,1.6287486007962249,205.0,207.0,229.0,False,0.11707317073170742,0.10707317073170743
frr5_conservative_liq100,2025-05,2025-06-11,3,2025-06-16,2025-07-14,20,otc,5439,高技,電子零組件業,1.3838428363120008,0.2197802197802199,2841969675.0,0.0,0.04675586246583226,True,1.6287486007962249,205.0,207.0,228.0,False,0.11219512195121961,0.10219512195121962
frr5_conservative_liq100,2025-06,2025-07-11,1,2025-07-14,2025-07-28,10,otc,3260,威剛,半導體業,1.5739401080784858,-0.010449320794148398,793720690.0,0.0,0.12465430291198959,True,1.4536109696778923,90.4,90.0,91.3,False,0.009955752212389202,-4.424778761079849e-05
frr5_conservative_liq100,2025-06,2025-07-11,1,2025-07-14,2025-08-04,15,otc,3260,威剛,半導體業,1.5739401080784858,-0.010449320794148398,793720690.0,0.0,0.12465430291198959,True,1.4536109696778923,90.4,90.0,92.0,False,0.017699115044247815,0.007699115044247815
frr5_conservative_liq100,2025-06,2025-07-11,1,2025-07-14,2025-08-11,20,otc,3260,威剛,半導體業,1.5739401080784858,-0.010449320794148398,793720690.0,0.0,0.12465430291198959,True,1.4536109696778923,90.4,90.0,93.4,False,0.0331858407079646,0.023185840707964596
frr5_conservative_liq100,2025-06,2025-07-11,2,2025-07-15,2025-07-29,10,otc,3260,威剛,半導體業,1.5739401080784858,-0.010449320794148398,793720690.0,0.0,0.12465430291198959,True,1.4536109696778923,90.2,90.7,91.0,False,0.008869179600886845,-0.0011308203991131551
frr5_conservative_liq100,2025-06,2025-07-11,2,2025-07-15,2025-08-05,15,otc,3260,威剛,半導體業,1.5739401080784858,-0.010449320794148398,793720690.0,0.0,0.12465430291198959,True,1.4536109696778923,90.2,90.7,93.2,False,0.03325942350332589,0.02325942350332589
frr5_conservative_liq100,2025-06,2025-07-11,2,2025-07-15,2025-08-12,20,otc,3260,威剛,半導體業,1.5739401080784858,-0.010449320794148398,793720690.0,0.0,0.12465430291198959,True,1.4536109696778923,90.2,90.7,95.5,False,0.058758314855875904,0.0487583148558759
frr5_conservative_liq100,2025-06,2025-07-11,3,2025-07-16,2025-07-30,10,otc,3260,威剛,半導體業,1.5739401080784858,-0.010449320794148398,793720690.0,0.0,0.12465430291198959,True,1.4536109696778923,94.5,91.7,92.0,False,-0.02645502645502651,-0.03645502645502651
frr5_conservative_liq100,2025-06,2025-07-11,3,2025-07-16,2025-08-06,15,otc,3260,威剛,半導體業,1.5739401080784858,-0.010449320794148398,793720690.0,0.0,0.12465430291198959,True,1.4536109696778923,94.5,91.7,92.4,False,-0.022222222222222143,-0.032222222222222145
frr5_conservative_liq100,2025-06,2025-07-11,3,2025-07-16,2025-08-13,20,otc,3260,威剛,半導體業,1.5739401080784858,-0.010449320794148398,793720690.0,0.0,0.12465430291198959,True,1.4536109696778923,94.5,91.7,95.3,False,0.00846560846560851,-0.0015343915343914907
frr5_conservative_liq100,2024-06,2024-07-11,1,2024-07-12,2024-07-30,10,otc,8358,金居,電子零組件業,1.9426903671724554,0.06666666666666665,435593540.0,0.0,0.06412897908725662,True,1.1725401900716466,73.7,75.2,64.5,False,-0.12483039348710989,-0.1348303934871099
frr5_conservative_liq100,2024-06,2024-07-11,1,2024-07-12,2024-08-06,15,otc,8358,金居,電子零組件業,1.9426903671724554,0.06666666666666665,435593540.0,0.0,0.06412897908725662,True,1.1725401900716466,73.7,75.2,58.1,False,-0.21166892808683857,-0.22166892808683858
frr5_conservative_liq100,2024-06,2024-07-11,1,2024-07-12,2024-08-13,20,otc,8358,金居,電子零組件業,1.9426903671724554,0.06666666666666665,435593540.0,0.0,0.06412897908725662,True,1.1725401900716466,73.7,75.2,61.8,False,-0.16146540027137046,-0.17146540027137047
frr5_conservative_liq100,2024-06,2024-07-11,2,2024-07-15,2024-07-31,10,otc,8358,金居,電子零組件業,1.9426903671724554,0.06666666666666665,435593540.0,0.0,0.06412897908725662,True,1.1725401900716466,76.5,73.0,64.7,False,-0.1542483660130719,-0.1642483660130719
frr5_conservative_liq100,2024-06,2024-07-11,2,2024-07-15,2024-08-07,15,otc,8358,金居,電子零組件業,1.9426903671724554,0.06666666666666665,435593540.0,0.0,0.06412897908725662,True,1.1725401900716466,76.5,73.0,60.7,False,-0.20653594771241823,-0.21653594771241824
frr5_conservative_liq100,2024-06,2024-07-11,2,2024-07-15,2024-08-14,20,otc,8358,金居,電子零組件業,1.9426903671724554,0.06666666666666665,435593540.0,0.0,0.06412897908725662,True,1.1725401900716466,76.5,73.0,62.0,False,-0.1895424836601307,-0.19954248366013072
frr5_conservative_liq100,2024-06,2024-07-11,3,2024-07-16,2024-08-01,10,otc,8358,金居,電子零組件業,1.9426903671724554,0.06666666666666665,435593540.0,0.0,0.06412897908725662,True,1.1725401900716466,73.0,72.7,67.2,False,-0.07945205479452055,-0.08945205479452055
frr5_conservative_liq100,2024-06,2024-07-11,3,2024-07-16,2024-08-08,15,otc,8358,金居,電子零組件業,1.9426903671724554,0.06666666666666665,435593540.0,0.0,0.06412897908725662,True,1.1725401900716466,73.0,72.7,60.0,False,-0.17808219178082196,-0.18808219178082197
frr5_conservative_liq100,2024-06,2024-07-11,3,2024-07-16,2024-08-15,20,otc,8358,金居,電子零組件業,1.9426903671724554,0.06666666666666665,435593540.0,0.0,0.06412897908725662,True,1.1725401900716466,73.0,72.7,61.9,False,-0.15205479452054793,-0.16205479452054794
frr5_conservative_liq100,2024-06,2024-07-11,1,2024-07-12,2024-07-30,10,otc,3680,家登,半導體業,1.3136092550832923,0.23181818181818192,880818550.0,0.0,0.1508204633204633,True,1.1849538248703695,528.0,522.0,463.0,False,-0.12310606060606055,-0.13310606060606056
frr5_conservative_liq100,2024-06,2024-07-11,1,2024-07-12,2024-08-06,15,otc,3680,家登,半導體業,1.3136092550832923,0.23181818181818192,880818550.0,0.0,0.1508204633204633,True,1.1849538248703695,528.0,522.0,447.0,False,-0.15340909090909094,-0.16340909090909095
frr5_conservative_liq100,2024-06,2024-07-11,1,2024-07-12,2024-08-13,20,otc,3680,家登,半導體業,1.3136092550832923,0.23181818181818192,880818550.0,0.0,0.1508204633204633,True,1.1849538248703695,528.0,522.0,512.0,False,-0.030303030303030276,-0.04030303030303028
frr5_conservative_liq100,2024-06,2024-07-11,2,2024-07-15,2024-07-31,10,otc,3680,家登,半導體業,1.3136092550832923,0.23181818181818192,880818550.0,0.0,0.1508204633204633,True,1.1849538248703695,527.0,527.0,456.5,False,-0.13377609108159394,-0.14377609108159395
frr5_conservative_liq100,2024-06,2024-07-11,2,2024-07-15,2024-08-07,15,otc,3680,家登,半導體業,1.3136092550832923,0.23181818181818192,880818550.0,0.0,0.1508204633204633,True,1.1849538248703695,527.0,527.0,466.0,False,-0.11574952561669827,-0.12574952561669828
frr5_conservative_liq100,2024-06,2024-07-11,2,2024-07-15,2024-08-14,20,otc,3680,家登,半導體業,1.3136092550832923,0.23181818181818192,880818550.0,0.0,0.1508204633204633,True,1.1849538248703695,527.0,527.0,519.0,False,-0.015180265654648917,-0.02518026565464892
frr5_conservative_liq100,2024-06,2024-07-11,3,2024-07-16,2024-08-01,10,otc,3680,家登,半導體業,1.3136092550832923,0.23181818181818192,880818550.0,0.0,0.1508204633204633,True,1.1849538248703695,525.0,516.0,485.0,False,-0.07619047619047614,-0.08619047619047614
frr5_conservative_liq100,2024-06,2024-07-11,3,2024-07-16,2024-08-08,15,otc,3680,家登,半導體業,1.3136092550832923,0.23181818181818192,880818550.0,0.0,0.1508204633204633,True,1.1849538248703695,525.0,516.0,450.0,False,-0.1428571428571429,-0.1528571428571429
frr5_conservative_liq100,2024-06,2024-07-11,3,2024-07-16,2024-08-15,20,otc,3680,家登,半導體業,1.3136092550832923,0.23181818181818192,880818550.0,0.0,0.1508204633204633,True,1.1849538248703695,525.0,516.0,520.0,False,-0.00952380952380949,-0.019523809523809492
frr5_conservative_liq100,2024-07,2024-08-12,1,2024-08-13,2024-08-27,10,otc,5386,青雲,電腦及週邊設備業,1.6731359983702987,0.06685633001422486,113463110.0,0.0,0.1388888888888889,True,0.8313360503821557,75.3,78.4,100.0,False,0.3280212483399736,0.3180212483399736
frr5_conservative_liq100,2024-07,2024-08-12,1,2024-08-13,2024-09-03,15,otc,5386,青雲,電腦及週邊設備業,1.6731359983702987,0.06685633001422486,113463110.0,0.0,0.1388888888888889,True,0.8313360503821557,75.3,78.4,99.4,False,0.32005312084993376,0.31005312084993375
frr5_conservative_liq100,2024-07,2024-08-12,1,2024-08-13,2024-09-10,20,otc,5386,青雲,電腦及週邊設備業,1.6731359983702987,0.06685633001422486,113463110.0,0.0,0.1388888888888889,True,0.8313360503821557,75.3,78.4,85.2,False,0.13147410358565748,0.12147410358565748
frr5_conservative_liq100,2024-07,2024-08-12,2,2024-08-14,2024-08-28,10,otc,5386,青雲,電腦及週邊設備業,1.6731359983702987,0.06685633001422486,113463110.0,0.0,0.1388888888888889,True,0.8313360503821557,78.5,81.7,101.5,False,0.29299363057324834,0.28299363057324833
frr5_conservative_liq100,2024-07,2024-08-12,2,2024-08-14,2024-09-04,15,otc,5386,青雲,電腦及週邊設備業,1.6731359983702987,0.06685633001422486,113463110.0,0.0,0.1388888888888889,True,0.8313360503821557,78.5,81.7,89.5,False,0.14012738853503182,0.1301273885350318
frr5_conservative_liq100,2024-07,2024-08-12,2,2024-08-14,2024-09-11,20,otc,5386,青雲,電腦及週邊設備業,1.6731359983702987,0.06685633001422486,113463110.0,0.0,0.1388888888888889,True,0.8313360503821557,78.5,81.7,85.0,False,0.08280254777070062,0.07280254777070062
frr5_conservative_liq100,2024-07,2024-08-12,3,2024-08-15,2024-08-29,10,otc,5386,青雲,電腦及週邊設備業,1.6731359983702987,0.06685633001422486,113463110.0,0.0,0.1388888888888889,True,0.8313360503821557,81.7,83.2,111.5,False,0.3647490820073438,0.3547490820073438
frr5_conservative_liq100,2024-07,2024-08-12,3,2024-08-15,2024-09-05,15,otc,5386,青雲,電腦及週邊設備業,1.6731359983702987,0.06685633001422486,113463110.0,0.0,0.1388888888888889,True,0.8313360503821557,81.7,83.2,86.0,False,0.05263157894736836,0.04263157894736836
frr5_conservative_liq100,2024-07,2024-08-12,3,2024-08-15,2024-09-12,20,otc,5386,青雲,電腦及週邊設備業,1.6731359983702987,0.06685633001422486,113463110.0,0.0,0.1388888888888889,True,0.8313360503821557,81.7,83.2,88.6,False,0.0844553243574051,0.07445532435740511
frr5_conservative_liq100,2024-07,2024-08-12,1,2024-08-13,2024-08-27,10,otc,8358,金居,電子零組件業,1.4275656527842988,-0.18484042553191493,475157110.0,0.0,0.06412897908725662,True,1.0845307515473948,61.5,61.8,63.9,False,0.039024390243902474,0.029024390243902472
frr5_conservative_liq100,2024-07,2024-08-12,1,2024-08-13,2024-09-03,15,otc,8358,金居,電子零組件業,1.4275656527842988,-0.18484042553191493,475157110.0,0.0,0.06412897908725662,True,1.0845307515473948,61.5,61.8,64.0,False,0.04065040650406515,0.03065040650406515
frr5_conservative_liq100,2024-07,2024-08-12,1,2024-08-13,2024-09-10,20,otc,8358,金居,電子零組件業,1.4275656527842988,-0.18484042553191493,475157110.0,0.0,0.06412897908725662,True,1.0845307515473948,61.5,61.8,59.8,False,-0.02764227642276429,-0.03764227642276429
frr5_conservative_liq100,2024-07,2024-08-12,2,2024-08-14,2024-08-28,10,otc,8358,金居,電子零組件業,1.4275656527842988,-0.18484042553191493,475157110.0,0.0,0.06412897908725662,True,1.0845307515473948,62.3,62.0,63.7,False,0.022471910112359605,0.012471910112359605
frr5_conservative_liq100,2024-07,2024-08-12,2,2024-08-14,2024-09-04,15,otc,8358,金居,電子零組件業,1.4275656527842988,-0.18484042553191493,475157110.0,0.0,0.06412897908725662,True,1.0845307515473948,62.3,62.0,60.3,False,-0.0321027287319422,-0.0421027287319422
frr5_conservative_liq100,2024-07,2024-08-12,2,2024-08-14,2024-09-11,20,otc,8358,金居,電子零組件業,1.4275656527842988,-0.18484042553191493,475157110.0,0.0,0.06412897908725662,True,1.0845307515473948,62.3,62.0,59.7,False,-0.04173354735152479,-0.05173354735152479
frr5_conservative_liq100,2024-07,2024-08-12,3,2024-08-15,2024-08-29,10,otc,8358,金居,電子零組件業,1.4275656527842988,-0.18484042553191493,475157110.0,0.0,0.06412897908725662,True,1.0845307515473948,62.4,61.9,63.8,False,0.022435897435897356,0.012435897435897356
frr5_conservative_liq100,2024-07,2024-08-12,3,2024-08-15,2024-09-05,15,otc,8358,金居,電子零組件業,1.4275656527842988,-0.18484042553191493,475157110.0,0.0,0.06412897908725662,True,1.0845307515473948,62.4,61.9,60.7,False,-0.027243589743589647,-0.03724358974358965
frr5_conservative_liq100,2024-07,2024-08-12,3,2024-08-15,2024-09-12,20,otc,8358,金居,電子零組件業,1.4275656527842988,-0.18484042553191493,475157110.0,0.0,0.06412897908725662,True,1.0845307515473948,62.4,61.9,60.6,False,-0.028846153846153855,-0.03884615384615386
frr5_conservative_liq100,2024-01,2024-02-15,1,2024-02-16,2024-03-04,10,otc,5351,鈺創,半導體業,1.5684283094474767,-0.05175781250000011,507226135.0,0.0,0.21462043111527648,True,1.0414179434685087,49.5,50.8,52.7,False,0.06464646464646462,0.05464646464646462
frr5_conservative_liq100,2024-01,2024-02-15,1,2024-02-16,2024-03-11,15,otc,5351,鈺創,半導體業,1.5684283094474767,-0.05175781250000011,507226135.0,0.0,0.21462043111527648,True,1.0414179434685087,49.5,50.8,51.0,False,0.030303030303030276,0.020303030303030274
frr5_conservative_liq100,2024-01,2024-02-15,1,2024-02-16,2024-03-18,20,otc,5351,鈺創,半導體業,1.5684283094474767,-0.05175781250000011,507226135.0,0.0,0.21462043111527648,True,1.0414179434685087,49.5,50.8,48.6,False,-0.018181818181818188,-0.02818181818181819
frr5_conservative_liq100,2024-01,2024-02-15,2,2024-02-19,2024-03-05,10,otc,5351,鈺創,半導體業,1.5684283094474767,-0.05175781250000011,507226135.0,0.0,0.21462043111527648,True,1.0414179434685087,50.6,51.3,51.4,False,0.015810276679841806,0.005810276679841806
frr5_conservative_liq100,2024-01,2024-02-15,2,2024-02-19,2024-03-12,15,otc,5351,鈺創,半導體業,1.5684283094474767,-0.05175781250000011,507226135.0,0.0,0.21462043111527648,True,1.0414179434685087,50.6,51.3,51.0,False,0.007905138339920903,-0.0020948616600790972
frr5_conservative_liq100,2024-01,2024-02-15,2,2024-02-19,2024-03-19,20,otc,5351,鈺創,半導體業,1.5684283094474767,-0.05175781250000011,507226135.0,0.0,0.21462043111527648,True,1.0414179434685087,50.6,51.3,48.6,False,-0.03952569169960474,-0.04952569169960474
frr5_conservative_liq100,2024-01,2024-02-15,3,2024-02-20,2024-03-06,10,otc,5351,鈺創,半導體業,1.5684283094474767,-0.05175781250000011,507226135.0,0.0,0.21462043111527648,True,1.0414179434685087,51.8,52.6,50.6,False,-0.02316602316602312,-0.03316602316602312
frr5_conservative_liq100,2024-01,2024-02-15,3,2024-02-20,2024-03-13,15,otc,5351,鈺創,半導體業,1.5684283094474767,-0.05175781250000011,507226135.0,0.0,0.21462043111527648,True,1.0414179434685087,51.8,52.6,49.05,False,-0.05308880308880304,-0.06308880308880303
frr5_conservative_liq100,2024-01,2024-02-15,3,2024-02-20,2024-03-20,20,otc,5351,鈺創,半導體業,1.5684283094474767,-0.05175781250000011,507226135.0,0.0,0.21462043111527648,True,1.0414179434685087,51.8,52.6,50.2,False,-0.030888030888030826,-0.04088803088803083
frr5_conservative_liq100,2024-05,2024-06-11,1,2024-06-12,2024-06-26,10,otc,8155,博智,電子零組件業,1.7842230403572126,0.006711409395973256,177868400.0,0.0,0.152114390021296,True,1.0239518639853629,151.0,156.5,142.5,False,-0.056291390728476776,-0.06629139072847677
frr5_conservative_liq100,2024-05,2024-06-11,1,2024-06-12,2024-07-03,15,otc,8155,博智,電子零組件業,1.7842230403572126,0.006711409395973256,177868400.0,0.0,0.152114390021296,True,1.0239518639853629,151.0,156.5,141.5,False,-0.0629139072847682,-0.0729139072847682
frr5_conservative_liq100,2024-05,2024-06-11,1,2024-06-12,2024-07-10,20,otc,8155,博智,電子零組件業,1.7842230403572126,0.006711409395973256,177868400.0,0.0,0.152114390021296,True,1.0239518639853629,151.0,156.5,143.5,False,-0.04966887417218546,-0.059668874172185464
frr5_conservative_liq100,2024-05,2024-06-11,2,2024-06-13,2024-06-27,10,otc,8155,博智,電子零組件業,1.7842230403572126,0.006711409395973256,177868400.0,0.0,0.152114390021296,True,1.0239518639853629,157.5,153.5,140.5,False,-0.10793650793650789,-0.11793650793650788
frr5_conservative_liq100,2024-05,2024-06-11,2,2024-06-13,2024-07-04,15,otc,8155,博智,電子零組件業,1.7842230403572126,0.006711409395973256,177868400.0,0.0,0.152114390021296,True,1.0239518639853629,157.5,153.5,141.5,False,-0.10158730158730156,-0.11158730158730155
frr5_conservative_liq100,2024-05,2024-06-11,2,2024-06-13,2024-07-11,20,otc,8155,博智,電子零組件業,1.7842230403572126,0.006711409395973256,177868400.0,0.0,0.152114390021296,True,1.0239518639853629,157.5,153.5,145.0,False,-0.07936507936507942,-0.08936507936507941
frr5_conservative_liq100,2024-05,2024-06-11,3,2024-06-14,2024-06-28,10,otc,8155,博智,電子零組件業,1.7842230403572126,0.006711409395973256,177868400.0,0.0,0.152114390021296,True,1.0239518639853629,154.5,151.5,144.0,False,-0.06796116504854366,-0.07796116504854365
frr5_conservative_liq100,2024-05,2024-06-11,3,2024-06-14,2024-07-05,15,otc,8155,博智,電子零組件業,1.7842230403572126,0.006711409395973256,177868400.0,0.0,0.152114390021296,True,1.0239518639853629,154.5,151.5,143.5,False,-0.07119741100323629,-0.08119741100323628
frr5_conservative_liq100,2024-05,2024-06-11,3,2024-06-14,2024-07-12,20,otc,8155,博智,電子零組件業,1.7842230403572126,0.006711409395973256,177868400.0,0.0,0.152114390021296,True,1.0239518639853629,154.5,151.5,141.5,False,-0.08414239482200647,-0.09414239482200647
frr5_conservative_liq100,2024-05,2024-06-11,1,2024-06-12,2024-06-26,10,otc,6143,振曜,通信網路業,1.3559273701434946,0.04641350210970474,362793050.0,0.0,0.07539817011182649,True,1.177188817089042,124.5,128.0,135.0,False,0.0843373493975903,0.0743373493975903
frr5_conservative_liq100,2024-05,2024-06-11,1,2024-06-12,2024-07-03,15,otc,6143,振曜,通信網路業,1.3559273701434946,0.04641350210970474,362793050.0,0.0,0.07539817011182649,True,1.177188817089042,124.5,128.0,127.0,False,0.02008032128514059,0.01008032128514059
frr5_conservative_liq100,2024-05,2024-06-11,1,2024-06-12,2024-07-10,20,otc,6143,振曜,通信網路業,1.3559273701434946,0.04641350210970474,362793050.0,0.0,0.07539817011182649,True,1.177188817089042,124.5,128.0,124.0,False,-0.004016064257028162,-0.014016064257028163
frr5_conservative_liq100,2024-05,2024-06-11,2,2024-06-13,2024-06-27,10,otc,6143,振曜,通信網路業,1.3559273701434946,0.04641350210970474,362793050.0,0.0,0.07539817011182649,True,1.177188817089042,128.5,133.0,134.5,False,0.04669260700389111,0.036692607003891105
frr5_conservative_liq100,2024-05,2024-06-11,2,2024-06-13,2024-07-04,15,otc,6143,振曜,通信網路業,1.3559273701434946,0.04641350210970474,362793050.0,0.0,0.07539817011182649,True,1.177188817089042,128.5,133.0,125.5,False,-0.023346303501945553,-0.033346303501945555
frr5_conservative_liq100,2024-05,2024-06-11,2,2024-06-13,2024-07-11,20,otc,6143,振曜,通信網路業,1.3559273701434946,0.04641350210970474,362793050.0,0.0,0.07539817011182649,True,1.177188817089042,128.5,133.0,122.5,False,-0.046692607003890996,-0.056692607003891
frr5_conservative_liq100,2024-05,2024-06-11,3,2024-06-14,2024-06-28,10,otc,6143,振曜,通信網路業,1.3559273701434946,0.04641350210970474,362793050.0,0.0,0.07539817011182649,True,1.177188817089042,135.0,139.0,136.0,False,0.007407407407407307,-0.002592592592592693
frr5_conservative_liq100,2024-05,2024-06-11,3,2024-06-14,2024-07-05,15,otc,6143,振曜,通信網路業,1.3559273701434946,0.04641350210970474,362793050.0,0.0,0.07539817011182649,True,1.177188817089042,135.0,139.0,128.0,False,-0.051851851851851816,-0.06185185185185182
frr5_conservative_liq100,2024-05,2024-06-11,3,2024-06-14,2024-07-12,20,otc,6143,振曜,通信網路業,1.3559273701434946,0.04641350210970474,362793050.0,0.0,0.07539817011182649,True,1.177188817089042,135.0,139.0,122.5,False,-0.09259259259259256,-0.10259259259259255
frr5_conservative_liq100,2024-05,2024-06-11,1,2024-06-12,2024-06-26,10,otc,8358,金居,電子零組件業,1.3411652057343448,0.09859154929577474,723075565.0,0.0,0.06412897908725662,True,2.3680722345716547,70.2,70.8,70.8,False,0.008547008547008517,-0.0014529914529914836
frr5_conservative_liq100,2024-05,2024-06-11,1,2024-06-12,2024-07-03,15,otc,8358,金居,電子零組件業,1.3411652057343448,0.09859154929577474,723075565.0,0.0,0.06412897908725662,True,2.3680722345716547,70.2,70.8,70.6,False,0.005698005698005604,-0.0043019943019943965
frr5_conservative_liq100,2024-05,2024-06-11,1,2024-06-12,2024-07-10,20,otc,8358,金居,電子零組件業,1.3411652057343448,0.09859154929577474,723075565.0,0.0,0.06412897908725662,True,2.3680722345716547,70.2,70.8,71.6,False,0.019943019943019724,0.009943019943019724
frr5_conservative_liq100,2024-05,2024-06-11,2,2024-06-13,2024-06-27,10,otc,8358,金居,電子零組件業,1.3411652057343448,0.09859154929577474,723075565.0,0.0,0.06412897908725662,True,2.3680722345716547,71.6,70.5,70.5,False,-0.015363128491620026,-0.025363128491620028
frr5_conservative_liq100,2024-05,2024-06-11,2,2024-06-13,2024-07-04,15,otc,8358,金居,電子零組件業,1.3411652057343448,0.09859154929577474,723075565.0,0.0,0.06412897908725662,True,2.3680722345716547,71.6,70.5,70.5,False,-0.015363128491620026,-0.025363128491620028
frr5_conservative_liq100,2024-05,2024-06-11,2,2024-06-13,2024-07-11,20,otc,8358,金居,電子零組件業,1.3411652057343448,0.09859154929577474,723075565.0,0.0,0.06412897908725662,True,2.3680722345716547,71.6,70.5,75.2,False,0.05027932960893877,0.04027932960893877
frr5_conservative_liq100,2024-05,2024-06-11,3,2024-06-14,2024-06-28,10,otc,8358,金居,電子零組件業,1.3411652057343448,0.09859154929577474,723075565.0,0.0,0.06412897908725662,True,2.3680722345716547,70.5,69.7,70.2,False,-0.004255319148936176,-0.014255319148936177
frr5_conservative_liq100,2024-05,2024-06-11,3,2024-06-14,2024-07-05,15,otc,8358,金居,電子零組件業,1.3411652057343448,0.09859154929577474,723075565.0,0.0,0.06412897908725662,True,2.3680722345716547,70.5,69.7,71.6,False,0.015602836879432536,0.005602836879432535
frr5_conservative_liq100,2024-05,2024-06-11,3,2024-06-14,2024-07-12,20,otc,8358,金居,電子零組件業,1.3411652057343448,0.09859154929577474,723075565.0,0.0,0.06412897908725662,True,2.3680722345716547,70.5,69.7,75.2,False,0.06666666666666665,0.05666666666666665
frr5_conservative_liq100,2025-02,2025-03-11,1,2025-03-12,2025-03-26,10,otc,3162,精確,電機機械,1.3696602806889013,0.07772621809744784,282454315.0,0.0,0.3871576959395656,True,2.7304288621851467,46.2,46.7,55.7,False,0.2056277056277056,0.1956277056277056
frr5_conservative_liq100,2025-02,2025-03-11,1,2025-03-12,2025-04-02,15,otc,3162,精確,電機機械,1.3696602806889013,0.07772621809744784,282454315.0,0.0,0.3871576959395656,True,2.7304288621851467,46.2,46.7,52.7,False,0.14069264069264076,0.13069264069264075
frr5_conservative_liq100,2025-02,2025-03-11,1,2025-03-12,2025-04-11,20,otc,3162,精確,電機機械,1.3696602806889013,0.07772621809744784,282454315.0,0.0,0.3871576959395656,True,2.7304288621851467,46.2,46.7,41.1,False,-0.11038961038961037,-0.12038961038961037
frr5_conservative_liq100,2025-02,2025-03-11,2,2025-03-13,2025-03-27,10,otc,3162,精確,電機機械,1.3696602806889013,0.07772621809744784,282454315.0,0.0,0.3871576959395656,True,2.7304288621851467,47.3,46.3,52.7,False,0.11416490486257946,0.10416490486257947
frr5_conservative_liq100,2025-02,2025-03-11,2,2025-03-13,2025-04-07,15,otc,3162,精確,電機機械,1.3696602806889013,0.07772621809744784,282454315.0,0.0,0.3871576959395656,True,2.7304288621851467,47.3,46.3,47.45,False,0.003171247357294016,-0.006828752642705984
frr5_conservative_liq100,2025-02,2025-03-11,2,2025-03-13,2025-04-14,20,otc,3162,精確,電機機械,1.3696602806889013,0.07772621809744784,282454315.0,0.0,0.3871576959395656,True,2.7304288621851467,47.3,46.3,41.65,False,-0.11945031712473575,-0.12945031712473576
frr5_conservative_liq100,2025-02,2025-03-11,3,2025-03-14,2025-03-28,10,otc,3162,精確,電機機械,1.3696602806889013,0.07772621809744784,282454315.0,0.0,0.3871576959395656,True,2.7304288621851467,46.9,46.6,53.5,False,0.14072494669509594,0.13072494669509593
frr5_conservative_liq100,2025-02,2025-03-11,3,2025-03-14,2025-04-08,15,otc,3162,精確,電機機械,1.3696602806889013,0.07772621809744784,282454315.0,0.0,0.3871576959395656,True,2.7304288621851467,46.9,46.6,42.75,False,-0.08848614072494665,-0.09848614072494664
frr5_conservative_liq100,2025-02,2025-03-11,3,2025-03-14,2025-04-15,20,otc,3162,精確,電機機械,1.3696602806889013,0.07772621809744784,282454315.0,0.0,0.3871576959395656,True,2.7304288621851467,46.9,46.6,44.4,False,-0.05330490405117272,-0.06330490405117271
frr5_conservative_liq100,2025-02,2025-03-11,1,2025-03-12,2025-03-26,10,otc,8155,博智,電子零組件業,1.336807261272383,0.10245901639344268,125635525.0,0.0,0.152114390021296,True,1.6380509467766047,134.5,143.5,149.0,False,0.10780669144981414,0.09780669144981415
frr5_conservative_liq100,2025-02,2025-03-11,1,2025-03-12,2025-04-02,15,otc,8155,博智,電子零組件業,1.336807261272383,0.10245901639344268,125635525.0,0.0,0.152114390021296,True,1.6380509467766047,134.5,143.5,135.5,False,0.0074349442379182396,-0.0025650557620817607
frr5_conservative_liq100,2025-02,2025-03-11,1,2025-03-12,2025-04-11,20,otc,8155,博智,電子零組件業,1.336807261272383,0.10245901639344268,125635525.0,0.0,0.152114390021296,True,1.6380509467766047,134.5,143.5,107.5,False,-0.2007434944237918,-0.2107434944237918
frr5_conservative_liq100,2025-02,2025-03-11,2,2025-03-13,2025-03-27,10,otc,8155,博智,電子零組件業,1.336807261272383,0.10245901639344268,125635525.0,0.0,0.152114390021296,True,1.6380509467766047,143.5,140.5,146.5,False,0.020905923344947785,0.010905923344947785
frr5_conservative_liq100,2025-02,2025-03-11,2,2025-03-13,2025-04-07,15,otc,8155,博智,電子零組件業,1.336807261272383,0.10245901639344268,125635525.0,0.0,0.152114390021296,True,1.6380509467766047,143.5,140.5,122.0,False,-0.14982578397212543,-0.15982578397212543
frr5_conservative_liq100,2025-02,2025-03-11,2,2025-03-13,2025-04-14,20,otc,8155,博智,電子零組件業,1.336807261272383,0.10245901639344268,125635525.0,0.0,0.152114390021296,True,1.6380509467766047,143.5,140.5,109.0,False,-0.24041811846689898,-0.250418118466899
frr5_conservative_liq100,2025-02,2025-03-11,3,2025-03-14,2025-03-28,10,otc,8155,博智,電子零組件業,1.336807261272383,0.10245901639344268,125635525.0,0.0,0.152114390021296,True,1.6380509467766047,142.5,142.5,143.5,False,0.007017543859649145,-0.0029824561403508556
frr5_conservative_liq100,2025-02,2025-03-11,3,2025-03-14,2025-04-08,15,otc,8155,博智,電子零組件業,1.336807261272383,0.10245901639344268,125635525.0,0.0,0.152114390021296,True,1.6380509467766047,142.5,142.5,110.0,False,-0.22807017543859653,-0.23807017543859654
frr5_conservative_liq100,2025-02,2025-03-11,3,2025-03-14,2025-04-15,20,otc,8155,博智,電子零組件業,1.336807261272383,0.10245901639344268,125635525.0,0.0,0.152114390021296,True,1.6380509467766047,142.5,142.5,119.5,False,-0.16140350877192977,-0.17140350877192978
frr5_conservative_liq100,2025-04,2025-05-12,1,2025-05-13,2025-05-27,10,otc,5439,高技,電子零組件業,2.4795032187480732,0.16778523489932895,1964798375.0,0.0,0.04675586246583226,True,1.4682076877937862,178.5,182.0,178.0,False,-0.0028011204481792618,-0.012801120448179262
frr5_conservative_liq100,2025-04,2025-05-12,1,2025-05-13,2025-06-04,15,otc,5439,高技,電子零組件業,2.4795032187480732,0.16778523489932895,1964798375.0,0.0,0.04675586246583226,True,1.4682076877937862,178.5,182.0,183.0,False,0.025210084033613356,0.015210084033613356
frr5_conservative_liq100,2025-04,2025-05-12,1,2025-05-13,2025-06-11,20,otc,5439,高技,電子零組件業,2.4795032187480732,0.16778523489932895,1964798375.0,0.0,0.04675586246583226,True,1.4682076877937862,178.5,182.0,222.0,False,0.24369747899159666,0.23369747899159665
frr5_conservative_liq100,2025-04,2025-05-12,2,2025-05-14,2025-05-28,10,otc,5439,高技,電子零組件業,2.4795032187480732,0.16778523489932895,1964798375.0,0.0,0.04675586246583226,True,1.4682076877937862,184.0,185.0,177.0,False,-0.03804347826086951,-0.048043478260869514
frr5_conservative_liq100,2025-04,2025-05-12,2,2025-05-14,2025-06-05,15,otc,5439,高技,電子零組件業,2.4795032187480732,0.16778523489932895,1964798375.0,0.0,0.04675586246583226,True,1.4682076877937862,184.0,185.0,194.5,False,0.057065217391304435,0.04706521739130443
frr5_conservative_liq100,2025-04,2025-05-12,2,2025-05-14,2025-06-12,20,otc,5439,高技,電子零組件業,2.4795032187480732,0.16778523489932895,1964798375.0,0.0,0.04675586246583226,True,1.4682076877937862,184.0,185.0,211.0,False,0.1467391304347827,0.1367391304347827
frr5_conservative_liq100,2025-04,2025-05-12,3,2025-05-15,2025-05-29,10,otc,5439,高技,電子零組件業,2.4795032187480732,0.16778523489932895,1964798375.0,0.0,0.04675586246583226,True,1.4682076877937862,185.0,189.0,179.0,False,-0.032432432432432434,-0.042432432432432436
frr5_conservative_liq100,2025-04,2025-05-12,3,2025-05-15,2025-06-06,15,otc,5439,高技,電子零組件業,2.4795032187480732,0.16778523489932895,1964798375.0,0.0,0.04675586246583226,True,1.4682076877937862,185.0,189.0,207.5,False,0.12162162162162171,0.11162162162162172
frr5_conservative_liq100,2025-04,2025-05-12,3,2025-05-15,2025-06-13,20,otc,5439,高技,電子零組件業,2.4795032187480732,0.16778523489932895,1964798375.0,0.0,0.04675586246583226,True,1.4682076877937862,185.0,189.0,206.0,False,0.11351351351351346,0.10351351351351347
frr5_conservative_liq100,2025-04,2025-05-12,1,2025-05-13,2025-05-27,10,otc,3163,波若威,通信網路業,1.8926417850880586,0.18490566037735845,3630787250.0,0.0,0.27315914489311166,True,1.4225914938296058,162.0,157.5,163.0,False,0.006172839506172867,-0.0038271604938271333
frr5_conservative_liq100,2025-04,2025-05-12,1,2025-05-13,2025-06-04,15,otc,3163,波若威,通信網路業,1.8926417850880586,0.18490566037735845,3630787250.0,0.0,0.27315914489311166,True,1.4225914938296058,162.0,157.5,166.0,False,0.024691358024691468,0.014691358024691467
frr5_conservative_liq100,2025-04,2025-05-12,1,2025-05-13,2025-06-11,20,otc,3163,波若威,通信網路業,1.8926417850880586,0.18490566037735845,3630787250.0,0.0,0.27315914489311166,True,1.4225914938296058,162.0,157.5,181.5,False,0.12037037037037046,0.11037037037037047
frr5_conservative_liq100,2025-04,2025-05-12,2,2025-05-14,2025-05-28,10,otc,3163,波若威,通信網路業,1.8926417850880586,0.18490566037735845,3630787250.0,0.0,0.27315914489311166,True,1.4225914938296058,161.0,170.5,159.5,False,-0.009316770186335366,-0.019316770186335368
frr5_conservative_liq100,2025-04,2025-05-12,2,2025-05-14,2025-06-05,15,otc,3163,波若威,通信網路業,1.8926417850880586,0.18490566037735845,3630787250.0,0.0,0.27315914489311166,True,1.4225914938296058,161.0,170.5,162.5,False,0.009316770186335477,-0.0006832298136645234
frr5_conservative_liq100,2025-04,2025-05-12,2,2025-05-14,2025-06-12,20,otc,3163,波若威,通信網路業,1.8926417850880586,0.18490566037735845,3630787250.0,0.0,0.27315914489311166,True,1.4225914938296058,161.0,170.5,183.5,False,0.13975155279503104,0.12975155279503103
frr5_conservative_liq100,2025-04,2025-05-12,3,2025-05-15,2025-05-29,10,otc,3163,波若威,通信網路業,1.8926417850880586,0.18490566037735845,3630787250.0,0.0,0.27315914489311166,True,1.4225914938296058,171.0,169.0,161.5,False,-0.05555555555555558,-0.06555555555555558
frr5_conservative_liq100,2025-04,2025-05-12,3,2025-05-15,2025-06-06,15,otc,3163,波若威,通信網路業,1.8926417850880586,0.18490566037735845,3630787250.0,0.0,0.27315914489311166,True,1.4225914938296058,171.0,169.0,167.0,False,-0.023391812865497075,-0.03339181286549708
frr5_conservative_liq100,2025-04,2025-05-12,3,2025-05-15,2025-06-13,20,otc,3163,波若威,通信網路業,1.8926417850880586,0.18490566037735845,3630787250.0,0.0,0.27315914489311166,True,1.4225914938296058,171.0,169.0,178.0,False,0.040935672514619936,0.030935672514619934
frr5_conservative_liq100,2025-04,2025-05-12,1,2025-05-13,2025-05-27,10,otc,3374,精材,半導體業,1.6530526782909265,0.09019607843137245,294491850.0,0.0,0.19979724592379827,True,0.30156703225754866,146.0,139.5,138.0,False,-0.0547945205479452,-0.0647945205479452
frr5_conservative_liq100,2025-04,2025-05-12,1,2025-05-13,2025-06-04,15,otc,3374,精材,半導體業,1.6530526782909265,0.09019607843137245,294491850.0,0.0,0.19979724592379827,True,0.30156703225754866,146.0,139.5,139.0,False,-0.047945205479452024,-0.057945205479452026
frr5_conservative_liq100,2025-04,2025-05-12,1,2025-05-13,2025-06-11,20,otc,3374,精材,半導體業,1.6530526782909265,0.09019607843137245,294491850.0,0.0,0.19979724592379827,True,0.30156703225754866,146.0,139.5,148.0,False,0.013698630136986356,0.003698630136986356
frr5_conservative_liq100,2025-04,2025-05-12,2,2025-05-14,2025-05-28,10,otc,3374,精材,半導體業,1.6530526782909265,0.09019607843137245,294491850.0,0.0,0.19979724592379827,True,0.30156703225754866,142.0,145.0,136.5,False,-0.03873239436619713,-0.04873239436619713
frr5_conservative_liq100,2025-04,2025-05-12,2,2025-05-14,2025-06-05,15,otc,3374,精材,半導體業,1.6530526782909265,0.09019607843137245,294491850.0,0.0,0.19979724592379827,True,0.30156703225754866,142.0,145.0,141.0,False,-0.007042253521126751,-0.017042253521126753
frr5_conservative_liq100,2025-04,2025-05-12,2,2025-05-14,2025-06-12,20,otc,3374,精材,半導體業,1.6530526782909265,0.09019607843137245,294491850.0,0.0,0.19979724592379827,True,0.30156703225754866,142.0,145.0,150.5,False,0.059859154929577496,0.049859154929577494
frr5_conservative_liq100,2025-04,2025-05-12,3,2025-05-15,2025-05-29,10,otc,3374,精材,半導體業,1.6530526782909265,0.09019607843137245,294491850.0,0.0,0.19979724592379827,True,0.30156703225754866,145.0,142.5,139.5,False,-0.037931034482758585,-0.04793103448275859
frr5_conservative_liq100,2025-04,2025-05-12,3,2025-05-15,2025-06-06,15,otc,3374,精材,半導體業,1.6530526782909265,0.09019607843137245,294491850.0,0.0,0.19979724592379827,True,0.30156703225754866,145.0,142.5,150.0,False,0.034482758620689724,0.024482758620689722
frr5_conservative_liq100,2025-04,2025-05-12,3,2025-05-15,2025-06-13,20,otc,3374,精材,半導體業,1.6530526782909265,0.09019607843137245,294491850.0,0.0,0.19979724592379827,True,0.30156703225754866,145.0,142.5,146.0,False,0.006896551724137945,-0.0031034482758620554
frr5_conservative_liq100,2025-04,2025-05-12,1,2025-05-13,2025-05-27,10,otc,5309,系統電,電子零組件業,1.3564536795299953,0.11450381679389321,137128260.0,0.0,0.07449241216824891,True,0.2780523523836969,37.2,36.8,35.65,False,-0.04166666666666674,-0.05166666666666674
frr5_conservative_liq100,2025-04,2025-05-12,1,2025-05-13,2025-06-04,15,otc,5309,系統電,電子零組件業,1.3564536795299953,0.11450381679389321,137128260.0,0.0,0.07449241216824891,True,0.2780523523836969,37.2,36.8,33.7,False,-0.09408602150537637,-0.10408602150537637
frr5_conservative_liq100,2025-04,2025-05-12,1,2025-05-13,2025-06-11,20,otc,5309,系統電,電子零組件業,1.3564536795299953,0.11450381679389321,137128260.0,0.0,0.07449241216824891,True,0.2780523523836969,37.2,36.8,35.65,False,-0.04166666666666674,-0.05166666666666674
frr5_conservative_liq100,2025-04,2025-05-12,2,2025-05-14,2025-05-28,10,otc,5309,系統電,電子零組件業,1.3564536795299953,0.11450381679389321,137128260.0,0.0,0.07449241216824891,True,0.2780523523836969,37.45,37.45,34.8,False,-0.07076101468624851,-0.08076101468624851
frr5_conservative_liq100,2025-04,2025-05-12,2,2025-05-14,2025-06-05,15,otc,5309,系統電,電子零組件業,1.3564536795299953,0.11450381679389321,137128260.0,0.0,0.07449241216824891,True,0.2780523523836969,37.45,37.45,34.3,False,-0.0841121495327104,-0.0941121495327104
frr5_conservative_liq100,2025-04,2025-05-12,2,2025-05-14,2025-06-12,20,otc,5309,系統電,電子零組件業,1.3564536795299953,0.11450381679389321,137128260.0,0.0,0.07449241216824891,True,0.2780523523836969,37.45,37.45,35.8,False,-0.04405874499332463,-0.05405874499332463
frr5_conservative_liq100,2025-04,2025-05-12,3,2025-05-15,2025-05-29,10,otc,5309,系統電,電子零組件業,1.3564536795299953,0.11450381679389321,137128260.0,0.0,0.07449241216824891,True,0.2780523523836969,37.45,37.0,34.35,False,-0.08277703604806408,-0.09277703604806407
frr5_conservative_liq100,2025-04,2025-05-12,3,2025-05-15,2025-06-06,15,otc,5309,系統電,電子零組件業,1.3564536795299953,0.11450381679389321,137128260.0,0.0,0.07449241216824891,True,0.2780523523836969,37.45,37.0,35.0,False,-0.06542056074766367,-0.07542056074766366
frr5_conservative_liq100,2025-04,2025-05-12,3,2025-05-15,2025-06-13,20,otc,5309,系統電,電子零組件業,1.3564536795299953,0.11450381679389321,137128260.0,0.0,0.07449241216824891,True,0.2780523523836969,37.45,37.0,35.25,False,-0.058744993324432615,-0.06874499332443261
frr5_conservative_liq100,2025-07,2025-08-11,1,2025-08-12,2025-08-26,10,otc,3260,威剛,半導體業,1.3651226229299467,0.03777777777777791,322198965.0,0.0,0.12465430291198959,True,0.558996830526657,94.4,95.5,100.5,False,0.0646186440677965,0.05461864406779649
frr5_conservative_liq100,2025-07,2025-08-11,1,2025-08-12,2025-09-02,15,otc,3260,威剛,半導體業,1.3651226229299467,0.03777777777777791,322198965.0,0.0,0.12465430291198959,True,0.558996830526657,94.4,95.5,100.5,False,0.0646186440677965,0.05461864406779649
frr5_conservative_liq100,2025-07,2025-08-11,1,2025-08-12,2025-09-09,20,otc,3260,威剛,半導體業,1.3651226229299467,0.03777777777777791,322198965.0,0.0,0.12465430291198959,True,0.558996830526657,94.4,95.5,113.0,False,0.19703389830508478,0.18703389830508477
frr5_conservative_liq100,2025-07,2025-08-11,2,2025-08-13,2025-08-27,10,otc,3260,威剛,半導體業,1.3651226229299467,0.03777777777777791,322198965.0,0.0,0.12465430291198959,True,0.558996830526657,96.5,95.3,100.5,False,0.041450777202072464,0.03145077720207246
frr5_conservative_liq100,2025-07,2025-08-11,2,2025-08-13,2025-09-03,15,otc,3260,威剛,半導體業,1.3651226229299467,0.03777777777777791,322198965.0,0.0,0.12465430291198959,True,0.558996830526657,96.5,95.3,103.5,False,0.07253886010362698,0.06253886010362698
frr5_conservative_liq100,2025-07,2025-08-11,2,2025-08-13,2025-09-10,20,otc,3260,威剛,半導體業,1.3651226229299467,0.03777777777777791,322198965.0,0.0,0.12465430291198959,True,0.558996830526657,96.5,95.3,117.0,False,0.21243523316062185,0.20243523316062184
frr5_conservative_liq100,2025-07,2025-08-11,3,2025-08-14,2025-08-28,10,otc,3260,威剛,半導體業,1.3651226229299467,0.03777777777777791,322198965.0,0.0,0.12465430291198959,True,0.558996830526657,98.8,99.9,101.5,False,0.027327935222672073,0.01732793522267207
frr5_conservative_liq100,2025-07,2025-08-11,3,2025-08-14,2025-09-04,15,otc,3260,威剛,半導體業,1.3651226229299467,0.03777777777777791,322198965.0,0.0,0.12465430291198959,True,0.558996830526657,98.8,99.9,105.0,False,0.06275303643724706,0.052753036437247054
frr5_conservative_liq100,2025-07,2025-08-11,3,2025-08-14,2025-09-11,20,otc,3260,威剛,半導體業,1.3651226229299467,0.03777777777777791,322198965.0,0.0,0.12465430291198959,True,0.558996830526657,98.8,99.9,116.5,False,0.17914979757085026,0.16914979757085025
frr5_conservative_liq100,2025-07,2025-08-11,1,2025-08-12,2025-08-26,10,otc,6125,廣運,光電業,1.2638446170351378,0.253543307086614,335314325.0,0.0,0.0572197913160552,True,1.875840504836316,83.0,80.4,80.4,False,-0.031325301204819245,-0.04132530120481925
frr5_conservative_liq100,2025-07,2025-08-11,1,2025-08-12,2025-09-02,15,otc,6125,廣運,光電業,1.2638446170351378,0.253543307086614,335314325.0,0.0,0.0572197913160552,True,1.875840504836316,83.0,80.4,76.8,False,-0.07469879518072298,-0.08469879518072297
frr5_conservative_liq100,2025-07,2025-08-11,1,2025-08-12,2025-09-09,20,otc,6125,廣運,光電業,1.2638446170351378,0.253543307086614,335314325.0,0.0,0.0572197913160552,True,1.875840504836316,83.0,80.4,77.1,False,-0.07108433734939767,-0.08108433734939767
frr5_conservative_liq100,2025-07,2025-08-11,2,2025-08-13,2025-08-27,10,otc,6125,廣運,光電業,1.2638446170351378,0.253543307086614,335314325.0,0.0,0.0572197913160552,True,1.875840504836316,81.2,81.4,80.4,False,-0.009852216748768461,-0.019852216748768463
frr5_conservative_liq100,2025-07,2025-08-11,2,2025-08-13,2025-09-03,15,otc,6125,廣運,光電業,1.2638446170351378,0.253543307086614,335314325.0,0.0,0.0572197913160552,True,1.875840504836316,81.2,81.4,76.6,False,-0.05665024630541882,-0.06665024630541881
frr5_conservative_liq100,2025-07,2025-08-11,2,2025-08-13,2025-09-10,20,otc,6125,廣運,光電業,1.2638446170351378,0.253543307086614,335314325.0,0.0,0.0572197913160552,True,1.875840504836316,81.2,81.4,78.2,False,-0.036945812807881784,-0.046945812807881786
frr5_conservative_liq100,2025-07,2025-08-11,3,2025-08-14,2025-08-28,10,otc,6125,廣運,光電業,1.2638446170351378,0.253543307086614,335314325.0,0.0,0.0572197913160552,True,1.875840504836316,82.2,81.9,80.5,False,-0.020681265206812682,-0.030681265206812684
frr5_conservative_liq100,2025-07,2025-08-11,3,2025-08-14,2025-09-04,15,otc,6125,廣運,光電業,1.2638446170351378,0.253543307086614,335314325.0,0.0,0.0572197913160552,True,1.875840504836316,82.2,81.9,76.2,False,-0.07299270072992703,-0.08299270072992702
frr5_conservative_liq100,2025-07,2025-08-11,3,2025-08-14,2025-09-11,20,otc,6125,廣運,光電業,1.2638446170351378,0.253543307086614,335314325.0,0.0,0.0572197913160552,True,1.875840504836316,82.2,81.9,76.5,False,-0.06934306569343074,-0.07934306569343073
frr5_conservative_liq100,2025-08,2025-09-11,1,2025-09-12,2025-09-26,10,otc,6125,廣運,光電業,1.5960899484404725,-0.06593406593406603,397873310.0,0.0,0.0572197913160552,True,1.7658576045657604,76.8,77.0,72.4,False,-0.05729166666666652,-0.06729166666666651
frr5_conservative_liq100,2025-08,2025-09-11,1,2025-09-12,2025-10-07,15,otc,6125,廣運,光電業,1.5960899484404725,-0.06593406593406603,397873310.0,0.0,0.0572197913160552,True,1.7658576045657604,76.8,77.0,74.3,False,-0.03255208333333337,-0.04255208333333337
frr5_conservative_liq100,2025-08,2025-09-11,1,2025-09-12,2025-10-15,20,otc,6125,廣運,光電業,1.5960899484404725,-0.06593406593406603,397873310.0,0.0,0.0572197913160552,True,1.7658576045657604,76.8,77.0,72.8,False,-0.05208333333333337,-0.06208333333333337
frr5_conservative_liq100,2025-08,2025-09-11,2,2025-09-15,2025-09-30,10,otc,6125,廣運,光電業,1.5960899484404725,-0.06593406593406603,397873310.0,0.0,0.0572197913160552,True,1.7658576045657604,77.5,78.7,73.2,False,-0.05548387096774188,-0.06548387096774187
frr5_conservative_liq100,2025-08,2025-09-11,2,2025-09-15,2025-10-08,15,otc,6125,廣運,光電業,1.5960899484404725,-0.06593406593406603,397873310.0,0.0,0.0572197913160552,True,1.7658576045657604,77.5,78.7,73.3,False,-0.05419354838709678,-0.06419354838709677
frr5_conservative_liq100,2025-08,2025-09-11,2,2025-09-15,2025-10-16,20,otc,6125,廣運,光電業,1.5960899484404725,-0.06593406593406603,397873310.0,0.0,0.0572197913160552,True,1.7658576045657604,77.5,78.7,74.3,False,-0.041290322580645245,-0.051290322580645246
frr5_conservative_liq100,2025-08,2025-09-11,3,2025-09-16,2025-10-01,10,otc,6125,廣運,光電業,1.5960899484404725,-0.06593406593406603,397873310.0,0.0,0.0572197913160552,True,1.7658576045657604,80.9,81.9,73.9,False,-0.08652657601977753,-0.09652657601977753
frr5_conservative_liq100,2025-08,2025-09-11,3,2025-09-16,2025-10-09,15,otc,6125,廣運,光電業,1.5960899484404725,-0.06593406593406603,397873310.0,0.0,0.0572197913160552,True,1.7658576045657604,80.9,81.9,72.3,False,-0.1063040791100125,-0.11630407911001249
frr5_conservative_liq100,2025-08,2025-09-11,3,2025-09-16,2025-10-17,20,otc,6125,廣運,光電業,1.5960899484404725,-0.06593406593406603,397873310.0,0.0,0.0572197913160552,True,1.7658576045657604,80.9,81.9,73.2,False,-0.09517923362175529,-0.10517923362175528
frr5_conservative_liq100,2025-08,2025-09-11,1,2025-09-12,2025-09-26,10,otc,5439,高技,電子零組件業,1.2876467318296887,0.22490706319702602,3567691225.0,0.0,0.04675586246583226,True,1.3956808493416482,332.0,325.5,309.0,False,-0.06927710843373491,-0.07927710843373491
frr5_conservative_liq100,2025-08,2025-09-11,1,2025-09-12,2025-10-07,15,otc,5439,高技,電子零組件業,1.2876467318296887,0.22490706319702602,3567691225.0,0.0,0.04675586246583226,True,1.3956808493416482,332.0,325.5,308.5,False,-0.07078313253012047,-0.08078313253012047
frr5_conservative_liq100,2025-08,2025-09-11,1,2025-09-12,2025-10-15,20,otc,5439,高技,電子零組件業,1.2876467318296887,0.22490706319702602,3567691225.0,0.0,0.04675586246583226,True,1.3956808493416482,332.0,325.5,298.5,False,-0.10090361445783136,-0.11090361445783135
frr5_conservative_liq100,2025-08,2025-09-11,2,2025-09-15,2025-09-30,10,otc,5439,高技,電子零組件業,1.2876467318296887,0.22490706319702602,3567691225.0,0.0,0.04675586246583226,True,1.3956808493416482,325.0,317.5,320.0,False,-0.01538461538461533,-0.025384615384615332
frr5_conservative_liq100,2025-08,2025-09-11,2,2025-09-15,2025-10-08,15,otc,5439,高技,電子零組件業,1.2876467318296887,0.22490706319702602,3567691225.0,0.0,0.04675586246583226,True,1.3956808493416482,325.0,317.5,312.5,False,-0.038461538461538436,-0.04846153846153844
frr5_conservative_liq100,2025-08,2025-09-11,2,2025-09-15,2025-10-16,20,otc,5439,高技,電子零組件業,1.2876467318296887,0.22490706319702602,3567691225.0,0.0,0.04675586246583226,True,1.3956808493416482,325.0,317.5,293.5,False,-0.09692307692307689,-0.10692307692307688
frr5_conservative_liq100,2025-08,2025-09-11,3,2025-09-16,2025-10-01,10,otc,5439,高技,電子零組件業,1.2876467318296887,0.22490706319702602,3567691225.0,0.0,0.04675586246583226,True,1.3956808493416482,317.0,310.0,316.0,False,-0.003154574132492094,-0.013154574132492094
frr5_conservative_liq100,2025-08,2025-09-11,3,2025-09-16,2025-10-09,15,otc,5439,高技,電子零組件業,1.2876467318296887,0.22490706319702602,3567691225.0,0.0,0.04675586246583226,True,1.3956808493416482,317.0,310.0,312.5,False,-0.014195583596214534,-0.024195583596214536
frr5_conservative_liq100,2025-08,2025-09-11,3,2025-09-16,2025-10-17,20,otc,5439,高技,電子零組件業,1.2876467318296887,0.22490706319702602,3567691225.0,0.0,0.04675586246583226,True,1.3956808493416482,317.0,310.0,287.5,False,-0.09305993690851733,-0.10305993690851732
frr5_conservative_liq100,2025-09,2025-10-13,1,2025-10-14,2025-10-29,10,otc,5351,鈺創,半導體業,2.0502620546085266,0.13165680473372787,422835525.0,0.0,0.21462043111527648,True,2.227395502664644,38.8,36.2,37.3,False,-0.03865979381443296,-0.048659793814432965
frr5_conservative_liq100,2025-09,2025-10-13,1,2025-10-14,2025-11-05,15,otc,5351,鈺創,半導體業,2.0502620546085266,0.13165680473372787,422835525.0,0.0,0.21462043111527648,True,2.227395502664644,38.8,36.2,35.0,False,-0.09793814432989689,-0.10793814432989689
frr5_conservative_liq100,2025-09,2025-10-13,1,2025-10-14,2025-11-12,20,otc,5351,鈺創,半導體業,2.0502620546085266,0.13165680473372787,422835525.0,0.0,0.21462043111527648,True,2.227395502664644,38.8,36.2,47.65,False,0.22809278350515472,0.2180927835051547
frr5_conservative_liq100,2025-09,2025-10-13,2,2025-10-15,2025-10-30,10,otc,5351,鈺創,半導體業,2.0502620546085266,0.13165680473372787,422835525.0,0.0,0.21462043111527648,True,2.227395502664644,36.3,35.75,37.55,False,0.03443526170798905,0.02443526170798905
frr5_conservative_liq100,2025-09,2025-10-13,2,2025-10-15,2025-11-06,15,otc,5351,鈺創,半導體業,2.0502620546085266,0.13165680473372787,422835525.0,0.0,0.21462043111527648,True,2.227395502664644,36.3,35.75,37.15,False,0.023415977961432466,0.013415977961432466
frr5_conservative_liq100,2025-09,2025-10-13,2,2025-10-15,2025-11-13,20,otc,5351,鈺創,半導體業,2.0502620546085266,0.13165680473372787,422835525.0,0.0,0.21462043111527648,True,2.227395502664644,36.3,35.75,45.65,False,0.25757575757575757,0.24757575757575756
frr5_conservative_liq100,2025-09,2025-10-13,3,2025-10-16,2025-10-31,10,otc,5351,鈺創,半導體業,2.0502620546085266,0.13165680473372787,422835525.0,0.0,0.21462043111527648,True,2.227395502664644,36.0,38.0,36.5,False,0.01388888888888884,0.0038888888888888393
frr5_conservative_liq100,2025-09,2025-10-13,3,2025-10-16,2025-11-07,15,otc,5351,鈺創,半導體業,2.0502620546085266,0.13165680473372787,422835525.0,0.0,0.21462043111527648,True,2.227395502664644,36.0,38.0,37.85,False,0.05138888888888893,0.041388888888888926
frr5_conservative_liq100,2025-09,2025-10-13,3,2025-10-16,2025-11-14,20,otc,5351,鈺創,半導體業,2.0502620546085266,0.13165680473372787,422835525.0,0.0,0.21462043111527648,True,2.227395502664644,36.0,38.0,44.2,False,0.22777777777777786,0.21777777777777785
frr5_conservative_liq100,2025-10,2025-11-11,1,2025-11-12,2025-11-26,10,otc,5351,鈺創,半導體業,2.320578105549865,0.196078431372549,425928947.5,0.0,0.21462043111527648,True,1.7084767937387277,46.1,47.65,38.25,False,-0.17028199566160518,-0.1802819956616052
frr5_conservative_liq100,2025-10,2025-11-11,1,2025-11-12,2025-12-03,15,otc,5351,鈺創,半導體業,2.320578105549865,0.196078431372549,425928947.5,0.0,0.21462043111527648,True,1.7084767937387277,46.1,47.65,38.1,False,-0.17353579175704992,-0.18353579175704993
frr5_conservative_liq100,2025-10,2025-11-11,1,2025-11-12,2025-12-10,20,otc,5351,鈺創,半導體業,2.320578105549865,0.196078431372549,425928947.5,0.0,0.21462043111527648,True,1.7084767937387277,46.1,47.65,40.0,False,-0.13232104121475052,-0.14232104121475053
frr5_conservative_liq100,2025-10,2025-11-11,2,2025-11-13,2025-11-27,10,otc,5351,鈺創,半導體業,2.320578105549865,0.196078431372549,425928947.5,0.0,0.21462043111527648,True,1.7084767937387277,47.15,45.65,39.4,False,-0.1643690349946978,-0.1743690349946978
frr5_conservative_liq100,2025-10,2025-11-11,2,2025-11-13,2025-12-04,15,otc,5351,鈺創,半導體業,2.320578105549865,0.196078431372549,425928947.5,0.0,0.21462043111527648,True,1.7084767937387277,47.15,45.65,38.35,False,-0.1866383881230116,-0.1966383881230116
frr5_conservative_liq100,2025-10,2025-11-11,2,2025-11-13,2025-12-11,20,otc,5351,鈺創,半導體業,2.320578105549865,0.196078431372549,425928947.5,0.0,0.21462043111527648,True,1.7084767937387277,47.15,45.65,39.4,False,-0.1643690349946978,-0.1743690349946978
frr5_conservative_liq100,2025-10,2025-11-11,3,2025-11-14,2025-11-28,10,otc,5351,鈺創,半導體業,2.320578105549865,0.196078431372549,425928947.5,0.0,0.21462043111527648,True,1.7084767937387277,43.6,44.2,39.5,False,-0.09403669724770647,-0.10403669724770646
frr5_conservative_liq100,2025-10,2025-11-11,3,2025-11-14,2025-12-05,15,otc,5351,鈺創,半導體業,2.320578105549865,0.196078431372549,425928947.5,0.0,0.21462043111527648,True,1.7084767937387277,43.6,44.2,39.8,False,-0.08715596330275244,-0.09715596330275243
frr5_conservative_liq100,2025-10,2025-11-11,3,2025-11-14,2025-12-12,20,otc,5351,鈺創,半導體業,2.320578105549865,0.196078431372549,425928947.5,0.0,0.21462043111527648,True,1.7084767937387277,43.6,44.2,41.5,False,-0.04816513761467889,-0.05816513761467889
frr5_conservative_liq100,2025-10,2025-11-11,1,2025-11-12,2025-11-26,10,otc,5289,宜鼎,電腦及週邊設備業,1.359484724495516,0.1959798994974875,2559948475.0,0.0,0.07736516357206012,True,3.153491901221715,483.0,523.0,484.0,False,0.0020703933747412417,-0.007929606625258758
frr5_conservative_liq100,2025-10,2025-11-11,1,2025-11-12,2025-12-03,15,otc,5289,宜鼎,電腦及週邊設備業,1.359484724495516,0.1959798994974875,2559948475.0,0.0,0.07736516357206012,True,3.153491901221715,483.0,523.0,457.5,False,-0.052795031055900665,-0.06279503105590066
frr5_conservative_liq100,2025-10,2025-11-11,1,2025-11-12,2025-12-10,20,otc,5289,宜鼎,電腦及週邊設備業,1.359484724495516,0.1959798994974875,2559948475.0,0.0,0.07736516357206012,True,3.153491901221715,483.0,523.0,466.5,False,-0.03416149068322982,-0.044161490683229825
frr5_conservative_liq100,2025-10,2025-11-11,2,2025-11-13,2025-11-27,10,otc,5289,宜鼎,電腦及週邊設備業,1.359484724495516,0.1959798994974875,2559948475.0,0.0,0.07736516357206012,True,3.153491901221715,532.0,558.0,489.5,False,-0.07988721804511278,-0.08988721804511278
frr5_conservative_liq100,2025-10,2025-11-11,2,2025-11-13,2025-12-04,15,otc,5289,宜鼎,電腦及週邊設備業,1.359484724495516,0.1959798994974875,2559948475.0,0.0,0.07736516357206012,True,3.153491901221715,532.0,558.0,452.0,False,-0.15037593984962405,-0.16037593984962406
frr5_conservative_liq100,2025-10,2025-11-11,2,2025-11-13,2025-12-11,20,otc,5289,宜鼎,電腦及週邊設備業,1.359484724495516,0.1959798994974875,2559948475.0,0.0,0.07736516357206012,True,3.153491901221715,532.0,558.0,473.0,False,-0.11090225563909772,-0.12090225563909772
frr5_conservative_liq100,2025-10,2025-11-11,3,2025-11-14,2025-11-28,10,otc,5289,宜鼎,電腦及週邊設備業,1.359484724495516,0.1959798994974875,2559948475.0,0.0,0.07736516357206012,True,3.153491901221715,540.0,522.0,493.5,False,-0.08611111111111114,-0.09611111111111113
frr5_conservative_liq100,2025-10,2025-11-11,3,2025-11-14,2025-12-05,15,otc,5289,宜鼎,電腦及週邊設備業,1.359484724495516,0.1959798994974875,2559948475.0,0.0,0.07736516357206012,True,3.153491901221715,540.0,522.0,469.0,False,-0.13148148148148153,-0.14148148148148154
frr5_conservative_liq100,2025-10,2025-11-11,3,2025-11-14,2025-12-12,20,otc,5289,宜鼎,電腦及週邊設備業,1.359484724495516,0.1959798994974875,2559948475.0,0.0,0.07736516357206012,True,3.153491901221715,540.0,522.0,500.0,False,-0.07407407407407407,-0.08407407407407406
frr5_conservative_liq100,2025-11,2025-12-11,1,2025-12-12,2025-12-29,10,otc,5351,鈺創,半導體業,1.9872547328644385,-0.13691128148959475,411946515.0,0.0,0.21462043111527648,True,1.1990424795657295,39.7,41.5,44.6,False,0.12342569269521397,0.11342569269521398
frr5_conservative_liq100,2025-11,2025-12-11,1,2025-12-12,2026-01-06,15,otc,5351,鈺創,半導體業,1.9872547328644385,-0.13691128148959475,411946515.0,0.0,0.21462043111527648,True,1.1990424795657295,39.7,41.5,62.8,False,0.5818639798488663,0.5718639798488663
frr5_conservative_liq100,2025-11,2025-12-11,1,2025-12-12,2026-01-13,20,otc,5351,鈺創,半導體業,1.9872547328644385,-0.13691128148959475,411946515.0,0.0,0.21462043111527648,True,1.1990424795657295,39.7,41.5,60.7,False,0.5289672544080604,0.5189672544080604
frr5_conservative_liq100,2025-11,2025-12-11,2,2025-12-15,2025-12-30,10,otc,5351,鈺創,半導體業,1.9872547328644385,-0.13691128148959475,411946515.0,0.0,0.21462043111527648,True,1.1990424795657295,40.05,39.9,49.05,False,0.2247191011235956,0.2147191011235956
frr5_conservative_liq100,2025-11,2025-12-11,2,2025-12-15,2026-01-07,15,otc,5351,鈺創,半導體業,1.9872547328644385,-0.13691128148959475,411946515.0,0.0,0.21462043111527648,True,1.1990424795657295,40.05,39.9,61.0,False,0.523096129837703,0.513096129837703
frr5_conservative_liq100,2025-11,2025-12-11,2,2025-12-15,2026-01-14,20,otc,5351,鈺創,半導體業,1.9872547328644385,-0.13691128148959475,411946515.0,0.0,0.21462043111527648,True,1.1990424795657295,40.05,39.9,60.4,False,0.5081148564294633,0.4981148564294633
frr5_conservative_liq100,2025-11,2025-12-11,3,2025-12-16,2025-12-31,10,otc,5351,鈺創,半導體業,1.9872547328644385,-0.13691128148959475,411946515.0,0.0,0.21462043111527648,True,1.1990424795657295,39.65,38.85,50.8,False,0.28121059268600246,0.27121059268600245
frr5_conservative_liq100,2025-11,2025-12-11,3,2025-12-16,2026-01-08,15,otc,5351,鈺創,半導體業,1.9872547328644385,-0.13691128148959475,411946515.0,0.0,0.21462043111527648,True,1.1990424795657295,39.65,38.85,61.8,False,0.5586380832282472,0.5486380832282471
frr5_conservative_liq100,2025-11,2025-12-11,3,2025-12-16,2026-01-15,20,otc,5351,鈺創,半導體業,1.9872547328644385,-0.13691128148959475,411946515.0,0.0,0.21462043111527648,True,1.1990424795657295,39.65,38.85,62.0,False,0.5636822194199245,0.5536822194199245
frr5_conservative_liq100,2025-11,2025-12-11,1,2025-12-12,2025-12-29,10,otc,5289,宜鼎,電腦及週邊設備業,1.4270170840992633,-0.1523297491039427,2449556425.0,0.0,0.07736516357206012,True,1.949958577767975,477.5,500.0,517.0,False,0.08272251308900525,0.07272251308900525
frr5_conservative_liq100,2025-11,2025-12-11,1,2025-12-12,2026-01-06,15,otc,5289,宜鼎,電腦及週邊設備業,1.4270170840992633,-0.1523297491039427,2449556425.0,0.0,0.07736516357206012,True,1.949958577767975,477.5,500.0,626.0,False,0.31099476439790585,0.30099476439790585
frr5_conservative_liq100,2025-11,2025-12-11,1,2025-12-12,2026-01-13,20,otc,5289,宜鼎,電腦及週邊設備業,1.4270170840992633,-0.1523297491039427,2449556425.0,0.0,0.07736516357206012,True,1.949958577767975,477.5,500.0,646.0,False,0.3528795811518324,0.34287958115183237
frr5_conservative_liq100,2025-11,2025-12-11,2,2025-12-15,2025-12-30,10,otc,5289,宜鼎,電腦及週邊設備業,1.4270170840992633,-0.1523297491039427,2449556425.0,0.0,0.07736516357206012,True,1.949958577767975,495.0,495.0,524.0,False,0.05858585858585852,0.04858585858585852
frr5_conservative_liq100,2025-11,2025-12-11,2,2025-12-15,2026-01-07,15,otc,5289,宜鼎,電腦及週邊設備業,1.4270170840992633,-0.1523297491039427,2449556425.0,0.0,0.07736516357206012,True,1.949958577767975,495.0,495.0,655.0,False,0.3232323232323233,0.3132323232323233
frr5_conservative_liq100,2025-11,2025-12-11,2,2025-12-15,2026-01-14,20,otc,5289,宜鼎,電腦及週邊設備業,1.4270170840992633,-0.1523297491039427,2449556425.0,0.0,0.07736516357206012,True,1.949958577767975,495.0,495.0,645.0,False,0.303030303030303,0.293030303030303
frr5_conservative_liq100,2025-11,2025-12-11,3,2025-12-16,2025-12-31,10,otc,5289,宜鼎,電腦及週邊設備業,1.4270170840992633,-0.1523297491039427,2449556425.0,0.0,0.07736516357206012,True,1.949958577767975,495.0,481.5,576.0,False,0.16363636363636358,0.15363636363636357
frr5_conservative_liq100,2025-11,2025-12-11,3,2025-12-16,2026-01-08,15,otc,5289,宜鼎,電腦及週邊設備業,1.4270170840992633,-0.1523297491039427,2449556425.0,0.0,0.07736516357206012,True,1.949958577767975,495.0,481.5,645.0,False,0.303030303030303,0.293030303030303
frr5_conservative_liq100,2025-11,2025-12-11,3,2025-12-16,2026-01-15,20,otc,5289,宜鼎,電腦及週邊設備業,1.4270170840992633,-0.1523297491039427,2449556425.0,0.0,0.07736516357206012,True,1.949958577767975,495.0,481.5,644.0,False,0.30101010101010095,0.29101010101010094
frr5_conservative_liq100,2023-12,2024-01-11,1,2024-01-12,2024-01-26,10,otc,8155,博智,電子零組件業,1.3597554852768032,-0.06906906906906907,112336125.0,0.0,0.152114390021296,True,0.45625033549473737,156.0,151.5,146.5,False,-0.0608974358974359,-0.0708974358974359
frr5_conservative_liq100,2023-12,2024-01-11,1,2024-01-12,2024-02-02,15,otc,8155,博智,電子零組件業,1.3597554852768032,-0.06906906906906907,112336125.0,0.0,0.152114390021296,True,0.45625033549473737,156.0,151.5,147.5,False,-0.054487179487179516,-0.06448717948717951
frr5_conservative_liq100,2023-12,2024-01-11,1,2024-01-12,2024-02-20,20,otc,8155,博智,電子零組件業,1.3597554852768032,-0.06906906906906907,112336125.0,0.0,0.152114390021296,True,0.45625033549473737,156.0,151.5,150.5,False,-0.03525641025641024,-0.045256410256410244
frr5_conservative_liq100,2023-12,2024-01-11,2,2024-01-15,2024-01-29,10,otc,8155,博智,電子零組件業,1.3597554852768032,-0.06906906906906907,112336125.0,0.0,0.152114390021296,True,0.45625033549473737,153.5,156.0,146.5,False,-0.0456026058631922,-0.055602605863192205
frr5_conservative_liq100,2023-12,2024-01-11,2,2024-01-15,2024-02-05,15,otc,8155,博智,電子零組件業,1.3597554852768032,-0.06906906906906907,112336125.0,0.0,0.152114390021296,True,0.45625033549473737,153.5,156.0,145.0,False,-0.055374592833876246,-0.06537459283387624
frr5_conservative_liq100,2023-12,2024-01-11,2,2024-01-15,2024-02-21,20,otc,8155,博智,電子零組件業,1.3597554852768032,-0.06906906906906907,112336125.0,0.0,0.152114390021296,True,0.45625033549473737,153.5,156.0,146.5,False,-0.0456026058631922,-0.055602605863192205
frr5_conservative_liq100,2023-12,2024-01-11,3,2024-01-16,2024-01-30,10,otc,8155,博智,電子零組件業,1.3597554852768032,-0.06906906906906907,112336125.0,0.0,0.152114390021296,True,0.45625033549473737,156.5,157.5,149.0,False,-0.04792332268370603,-0.05792332268370603
frr5_conservative_liq100,2023-12,2024-01-11,3,2024-01-16,2024-02-15,15,otc,8155,博智,電子零組件業,1.3597554852768032,-0.06906906906906907,112336125.0,0.0,0.152114390021296,True,0.45625033549473737,156.5,157.5,143.5,False,-0.08306709265175716,-0.09306709265175715
frr5_conservative_liq100,2023-12,2024-01-11,3,2024-01-16,2024-02-22,20,otc,8155,博智,電子零組件業,1.3597554852768032,-0.06906906906906907,112336125.0,0.0,0.152114390021296,True,0.45625033549473737,156.5,157.5,146.5,False,-0.06389776357827481,-0.07389776357827481
frr5_capacity_liq200,2024-11,2024-12-11,1,2024-12-12,2024-12-26,10,otc,6223,旺矽,半導體業,1.3249867934005057,0.06019656019656017,2558888300.0,0.0,0.13157894736842105,True,1.1521540159019728,872.0,863.0,889.0,False,0.019495412844036775,0.009495412844036774
frr5_capacity_liq200,2024-11,2024-12-11,1,2024-12-12,2025-01-03,15,otc,6223,旺矽,半導體業,1.3249867934005057,0.06019656019656017,2558888300.0,0.0,0.13157894736842105,True,1.1521540159019728,872.0,863.0,894.0,False,0.025229357798165042,0.015229357798165042
frr5_capacity_liq200,2024-11,2024-12-11,1,2024-12-12,2025-01-10,20,otc,6223,旺矽,半導體業,1.3249867934005057,0.06019656019656017,2558888300.0,0.0,0.13157894736842105,True,1.1521540159019728,872.0,863.0,948.0,False,0.08715596330275233,0.07715596330275233
frr5_capacity_liq200,2024-11,2024-12-11,2,2024-12-13,2024-12-27,10,otc,6223,旺矽,半導體業,1.3249867934005057,0.06019656019656017,2558888300.0,0.0,0.13157894736842105,True,1.1521540159019728,863.0,861.0,925.0,False,0.07184241019698723,0.061842410196987226
frr5_capacity_liq200,2024-11,2024-12-11,2,2024-12-13,2025-01-06,15,otc,6223,旺矽,半導體業,1.3249867934005057,0.06019656019656017,2558888300.0,0.0,0.13157894736842105,True,1.1521540159019728,863.0,861.0,901.0,False,0.044032444959443806,0.034032444959443804
frr5_capacity_liq200,2024-11,2024-12-11,2,2024-12-13,2025-01-13,20,otc,6223,旺矽,半導體業,1.3249867934005057,0.06019656019656017,2558888300.0,0.0,0.13157894736842105,True,1.1521540159019728,863.0,861.0,889.0,False,0.030127462340671984,0.020127462340671982
frr5_capacity_liq200,2024-11,2024-12-11,3,2024-12-16,2024-12-30,10,otc,6223,旺矽,半導體業,1.3249867934005057,0.06019656019656017,2558888300.0,0.0,0.13157894736842105,True,1.1521540159019728,875.0,848.0,921.0,False,0.05257142857142849,0.04257142857142849
frr5_capacity_liq200,2024-11,2024-12-11,3,2024-12-16,2025-01-07,15,otc,6223,旺矽,半導體業,1.3249867934005057,0.06019656019656017,2558888300.0,0.0,0.13157894736842105,True,1.1521540159019728,875.0,848.0,985.0,False,0.12571428571428567,0.11571428571428567
frr5_capacity_liq200,2024-11,2024-12-11,3,2024-12-16,2025-01-14,20,otc,6223,旺矽,半導體業,1.3249867934005057,0.06019656019656017,2558888300.0,0.0,0.13157894736842105,True,1.1521540159019728,875.0,848.0,927.0,False,0.059428571428571386,0.049428571428571384
frr5_capacity_liq200,2025-05,2025-06-11,1,2025-06-12,2025-06-26,10,otc,5439,高技,電子零組件業,1.3838428363120008,0.2197802197802199,2841969675.0,0.0,0.04675586246583226,True,1.6287486007962249,222.0,211.0,223.0,False,0.0045045045045044585,-0.005495495495495542
frr5_capacity_liq200,2025-05,2025-06-11,1,2025-06-12,2025-07-03,15,otc,5439,高技,電子零組件業,1.3838428363120008,0.2197802197802199,2841969675.0,0.0,0.04675586246583226,True,1.6287486007962249,222.0,211.0,241.0,False,0.0855855855855856,0.0755855855855856
frr5_capacity_liq200,2025-05,2025-06-11,1,2025-06-12,2025-07-10,20,otc,5439,高技,電子零組件業,1.3838428363120008,0.2197802197802199,2841969675.0,0.0,0.04675586246583226,True,1.6287486007962249,222.0,211.0,240.0,False,0.08108108108108114,0.07108108108108115
frr5_capacity_liq200,2025-05,2025-06-11,2,2025-06-13,2025-06-27,10,otc,5439,高技,電子零組件業,1.3838428363120008,0.2197802197802199,2841969675.0,0.0,0.04675586246583226,True,1.6287486007962249,208.0,206.0,240.0,False,0.15384615384615374,0.14384615384615373
frr5_capacity_liq200,2025-05,2025-06-11,2,2025-06-13,2025-07-04,15,otc,5439,高技,電子零組件業,1.3838428363120008,0.2197802197802199,2841969675.0,0.0,0.04675586246583226,True,1.6287486007962249,208.0,206.0,243.0,False,0.16826923076923084,0.15826923076923083
frr5_capacity_liq200,2025-05,2025-06-11,2,2025-06-13,2025-07-11,20,otc,5439,高技,電子零組件業,1.3838428363120008,0.2197802197802199,2841969675.0,0.0,0.04675586246583226,True,1.6287486007962249,208.0,206.0,236.0,False,0.13461538461538458,0.12461538461538459
frr5_capacity_liq200,2025-05,2025-06-11,3,2025-06-16,2025-06-30,10,otc,5439,高技,電子零組件業,1.3838428363120008,0.2197802197802199,2841969675.0,0.0,0.04675586246583226,True,1.6287486007962249,205.0,207.0,238.5,False,0.1634146341463414,0.15341463414634138
frr5_capacity_liq200,2025-05,2025-06-11,3,2025-06-16,2025-07-07,15,otc,5439,高技,電子零組件業,1.3838428363120008,0.2197802197802199,2841969675.0,0.0,0.04675586246583226,True,1.6287486007962249,205.0,207.0,229.0,False,0.11707317073170742,0.10707317073170743
frr5_capacity_liq200,2025-05,2025-06-11,3,2025-06-16,2025-07-14,20,otc,5439,高技,電子零組件業,1.3838428363120008,0.2197802197802199,2841969675.0,0.0,0.04675586246583226,True,1.6287486007962249,205.0,207.0,228.0,False,0.11219512195121961,0.10219512195121962
frr5_capacity_liq200,2025-06,2025-07-11,1,2025-07-14,2025-07-28,10,otc,3260,威剛,半導體業,1.5739401080784858,-0.010449320794148398,793720690.0,0.0,0.12465430291198959,True,1.4536109696778923,90.4,90.0,91.3,False,0.009955752212389202,-4.424778761079849e-05
frr5_capacity_liq200,2025-06,2025-07-11,1,2025-07-14,2025-08-04,15,otc,3260,威剛,半導體業,1.5739401080784858,-0.010449320794148398,793720690.0,0.0,0.12465430291198959,True,1.4536109696778923,90.4,90.0,92.0,False,0.017699115044247815,0.007699115044247815
frr5_capacity_liq200,2025-06,2025-07-11,1,2025-07-14,2025-08-11,20,otc,3260,威剛,半導體業,1.5739401080784858,-0.010449320794148398,793720690.0,0.0,0.12465430291198959,True,1.4536109696778923,90.4,90.0,93.4,False,0.0331858407079646,0.023185840707964596
frr5_capacity_liq200,2025-06,2025-07-11,2,2025-07-15,2025-07-29,10,otc,3260,威剛,半導體業,1.5739401080784858,-0.010449320794148398,793720690.0,0.0,0.12465430291198959,True,1.4536109696778923,90.2,90.7,91.0,False,0.008869179600886845,-0.0011308203991131551
frr5_capacity_liq200,2025-06,2025-07-11,2,2025-07-15,2025-08-05,15,otc,3260,威剛,半導體業,1.5739401080784858,-0.010449320794148398,793720690.0,0.0,0.12465430291198959,True,1.4536109696778923,90.2,90.7,93.2,False,0.03325942350332589,0.02325942350332589
frr5_capacity_liq200,2025-06,2025-07-11,2,2025-07-15,2025-08-12,20,otc,3260,威剛,半導體業,1.5739401080784858,-0.010449320794148398,793720690.0,0.0,0.12465430291198959,True,1.4536109696778923,90.2,90.7,95.5,False,0.058758314855875904,0.0487583148558759
frr5_capacity_liq200,2025-06,2025-07-11,3,2025-07-16,2025-07-30,10,otc,3260,威剛,半導體業,1.5739401080784858,-0.010449320794148398,793720690.0,0.0,0.12465430291198959,True,1.4536109696778923,94.5,91.7,92.0,False,-0.02645502645502651,-0.03645502645502651
frr5_capacity_liq200,2025-06,2025-07-11,3,2025-07-16,2025-08-06,15,otc,3260,威剛,半導體業,1.5739401080784858,-0.010449320794148398,793720690.0,0.0,0.12465430291198959,True,1.4536109696778923,94.5,91.7,92.4,False,-0.022222222222222143,-0.032222222222222145
frr5_capacity_liq200,2025-06,2025-07-11,3,2025-07-16,2025-08-13,20,otc,3260,威剛,半導體業,1.5739401080784858,-0.010449320794148398,793720690.0,0.0,0.12465430291198959,True,1.4536109696778923,94.5,91.7,95.3,False,0.00846560846560851,-0.0015343915343914907
frr5_capacity_liq200,2024-06,2024-07-11,1,2024-07-12,2024-07-30,10,otc,8358,金居,電子零組件業,1.9426903671724554,0.06666666666666665,435593540.0,0.0,0.06412897908725662,True,1.1725401900716466,73.7,75.2,64.5,False,-0.12483039348710989,-0.1348303934871099
frr5_capacity_liq200,2024-06,2024-07-11,1,2024-07-12,2024-08-06,15,otc,8358,金居,電子零組件業,1.9426903671724554,0.06666666666666665,435593540.0,0.0,0.06412897908725662,True,1.1725401900716466,73.7,75.2,58.1,False,-0.21166892808683857,-0.22166892808683858
frr5_capacity_liq200,2024-06,2024-07-11,1,2024-07-12,2024-08-13,20,otc,8358,金居,電子零組件業,1.9426903671724554,0.06666666666666665,435593540.0,0.0,0.06412897908725662,True,1.1725401900716466,73.7,75.2,61.8,False,-0.16146540027137046,-0.17146540027137047
frr5_capacity_liq200,2024-06,2024-07-11,2,2024-07-15,2024-07-31,10,otc,8358,金居,電子零組件業,1.9426903671724554,0.06666666666666665,435593540.0,0.0,0.06412897908725662,True,1.1725401900716466,76.5,73.0,64.7,False,-0.1542483660130719,-0.1642483660130719
frr5_capacity_liq200,2024-06,2024-07-11,2,2024-07-15,2024-08-07,15,otc,8358,金居,電子零組件業,1.9426903671724554,0.06666666666666665,435593540.0,0.0,0.06412897908725662,True,1.1725401900716466,76.5,73.0,60.7,False,-0.20653594771241823,-0.21653594771241824
frr5_capacity_liq200,2024-06,2024-07-11,2,2024-07-15,2024-08-14,20,otc,8358,金居,電子零組件業,1.9426903671724554,0.06666666666666665,435593540.0,0.0,0.06412897908725662,True,1.1725401900716466,76.5,73.0,62.0,False,-0.1895424836601307,-0.19954248366013072
frr5_capacity_liq200,2024-06,2024-07-11,3,2024-07-16,2024-08-01,10,otc,8358,金居,電子零組件業,1.9426903671724554,0.06666666666666665,435593540.0,0.0,0.06412897908725662,True,1.1725401900716466,73.0,72.7,67.2,False,-0.07945205479452055,-0.08945205479452055
frr5_capacity_liq200,2024-06,2024-07-11,3,2024-07-16,2024-08-08,15,otc,8358,金居,電子零組件業,1.9426903671724554,0.06666666666666665,435593540.0,0.0,0.06412897908725662,True,1.1725401900716466,73.0,72.7,60.0,False,-0.17808219178082196,-0.18808219178082197
frr5_capacity_liq200,2024-06,2024-07-11,3,2024-07-16,2024-08-15,20,otc,8358,金居,電子零組件業,1.9426903671724554,0.06666666666666665,435593540.0,0.0,0.06412897908725662,True,1.1725401900716466,73.0,72.7,61.9,False,-0.15205479452054793,-0.16205479452054794
frr5_capacity_liq200,2024-06,2024-07-11,1,2024-07-12,2024-07-30,10,otc,3680,家登,半導體業,1.3136092550832923,0.23181818181818192,880818550.0,0.0,0.1508204633204633,True,1.1849538248703695,528.0,522.0,463.0,False,-0.12310606060606055,-0.13310606060606056
frr5_capacity_liq200,2024-06,2024-07-11,1,2024-07-12,2024-08-06,15,otc,3680,家登,半導體業,1.3136092550832923,0.23181818181818192,880818550.0,0.0,0.1508204633204633,True,1.1849538248703695,528.0,522.0,447.0,False,-0.15340909090909094,-0.16340909090909095
frr5_capacity_liq200,2024-06,2024-07-11,1,2024-07-12,2024-08-13,20,otc,3680,家登,半導體業,1.3136092550832923,0.23181818181818192,880818550.0,0.0,0.1508204633204633,True,1.1849538248703695,528.0,522.0,512.0,False,-0.030303030303030276,-0.04030303030303028
frr5_capacity_liq200,2024-06,2024-07-11,2,2024-07-15,2024-07-31,10,otc,3680,家登,半導體業,1.3136092550832923,0.23181818181818192,880818550.0,0.0,0.1508204633204633,True,1.1849538248703695,527.0,527.0,456.5,False,-0.13377609108159394,-0.14377609108159395
frr5_capacity_liq200,2024-06,2024-07-11,2,2024-07-15,2024-08-07,15,otc,3680,家登,半導體業,1.3136092550832923,0.23181818181818192,880818550.0,0.0,0.1508204633204633,True,1.1849538248703695,527.0,527.0,466.0,False,-0.11574952561669827,-0.12574952561669828
frr5_capacity_liq200,2024-06,2024-07-11,2,2024-07-15,2024-08-14,20,otc,3680,家登,半導體業,1.3136092550832923,0.23181818181818192,880818550.0,0.0,0.1508204633204633,True,1.1849538248703695,527.0,527.0,519.0,False,-0.015180265654648917,-0.02518026565464892
frr5_capacity_liq200,2024-06,2024-07-11,3,2024-07-16,2024-08-01,10,otc,3680,家登,半導體業,1.3136092550832923,0.23181818181818192,880818550.0,0.0,0.1508204633204633,True,1.1849538248703695,525.0,516.0,485.0,False,-0.07619047619047614,-0.08619047619047614
frr5_capacity_liq200,2024-06,2024-07-11,3,2024-07-16,2024-08-08,15,otc,3680,家登,半導體業,1.3136092550832923,0.23181818181818192,880818550.0,0.0,0.1508204633204633,True,1.1849538248703695,525.0,516.0,450.0,False,-0.1428571428571429,-0.1528571428571429
frr5_capacity_liq200,2024-06,2024-07-11,3,2024-07-16,2024-08-15,20,otc,3680,家登,半導體業,1.3136092550832923,0.23181818181818192,880818550.0,0.0,0.1508204633204633,True,1.1849538248703695,525.0,516.0,520.0,False,-0.00952380952380949,-0.019523809523809492
frr5_capacity_liq200,2024-07,2024-08-12,1,2024-08-13,2024-08-27,10,otc,8358,金居,電子零組件業,1.4275656527842988,-0.18484042553191493,475157110.0,0.0,0.06412897908725662,True,1.0845307515473948,61.5,61.8,63.9,False,0.039024390243902474,0.029024390243902472
frr5_capacity_liq200,2024-07,2024-08-12,1,2024-08-13,2024-09-03,15,otc,8358,金居,電子零組件業,1.4275656527842988,-0.18484042553191493,475157110.0,0.0,0.06412897908725662,True,1.0845307515473948,61.5,61.8,64.0,False,0.04065040650406515,0.03065040650406515
frr5_capacity_liq200,2024-07,2024-08-12,1,2024-08-13,2024-09-10,20,otc,8358,金居,電子零組件業,1.4275656527842988,-0.18484042553191493,475157110.0,0.0,0.06412897908725662,True,1.0845307515473948,61.5,61.8,59.8,False,-0.02764227642276429,-0.03764227642276429
frr5_capacity_liq200,2024-07,2024-08-12,2,2024-08-14,2024-08-28,10,otc,8358,金居,電子零組件業,1.4275656527842988,-0.18484042553191493,475157110.0,0.0,0.06412897908725662,True,1.0845307515473948,62.3,62.0,63.7,False,0.022471910112359605,0.012471910112359605
frr5_capacity_liq200,2024-07,2024-08-12,2,2024-08-14,2024-09-04,15,otc,8358,金居,電子零組件業,1.4275656527842988,-0.18484042553191493,475157110.0,0.0,0.06412897908725662,True,1.0845307515473948,62.3,62.0,60.3,False,-0.0321027287319422,-0.0421027287319422
frr5_capacity_liq200,2024-07,2024-08-12,2,2024-08-14,2024-09-11,20,otc,8358,金居,電子零組件業,1.4275656527842988,-0.18484042553191493,475157110.0,0.0,0.06412897908725662,True,1.0845307515473948,62.3,62.0,59.7,False,-0.04173354735152479,-0.05173354735152479
frr5_capacity_liq200,2024-07,2024-08-12,3,2024-08-15,2024-08-29,10,otc,8358,金居,電子零組件業,1.4275656527842988,-0.18484042553191493,475157110.0,0.0,0.06412897908725662,True,1.0845307515473948,62.4,61.9,63.8,False,0.022435897435897356,0.012435897435897356
frr5_capacity_liq200,2024-07,2024-08-12,3,2024-08-15,2024-09-05,15,otc,8358,金居,電子零組件業,1.4275656527842988,-0.18484042553191493,475157110.0,0.0,0.06412897908725662,True,1.0845307515473948,62.4,61.9,60.7,False,-0.027243589743589647,-0.03724358974358965
frr5_capacity_liq200,2024-07,2024-08-12,3,2024-08-15,2024-09-12,20,otc,8358,金居,電子零組件業,1.4275656527842988,-0.18484042553191493,475157110.0,0.0,0.06412897908725662,True,1.0845307515473948,62.4,61.9,60.6,False,-0.028846153846153855,-0.03884615384615386
frr5_capacity_liq200,2024-01,2024-02-15,1,2024-02-16,2024-03-04,10,otc,5351,鈺創,半導體業,1.5684283094474767,-0.05175781250000011,507226135.0,0.0,0.21462043111527648,True,1.0414179434685087,49.5,50.8,52.7,False,0.06464646464646462,0.05464646464646462
frr5_capacity_liq200,2024-01,2024-02-15,1,2024-02-16,2024-03-11,15,otc,5351,鈺創,半導體業,1.5684283094474767,-0.05175781250000011,507226135.0,0.0,0.21462043111527648,True,1.0414179434685087,49.5,50.8,51.0,False,0.030303030303030276,0.020303030303030274
frr5_capacity_liq200,2024-01,2024-02-15,1,2024-02-16,2024-03-18,20,otc,5351,鈺創,半導體業,1.5684283094474767,-0.05175781250000011,507226135.0,0.0,0.21462043111527648,True,1.0414179434685087,49.5,50.8,48.6,False,-0.018181818181818188,-0.02818181818181819
frr5_capacity_liq200,2024-01,2024-02-15,2,2024-02-19,2024-03-05,10,otc,5351,鈺創,半導體業,1.5684283094474767,-0.05175781250000011,507226135.0,0.0,0.21462043111527648,True,1.0414179434685087,50.6,51.3,51.4,False,0.015810276679841806,0.005810276679841806
frr5_capacity_liq200,2024-01,2024-02-15,2,2024-02-19,2024-03-12,15,otc,5351,鈺創,半導體業,1.5684283094474767,-0.05175781250000011,507226135.0,0.0,0.21462043111527648,True,1.0414179434685087,50.6,51.3,51.0,False,0.007905138339920903,-0.0020948616600790972
frr5_capacity_liq200,2024-01,2024-02-15,2,2024-02-19,2024-03-19,20,otc,5351,鈺創,半導體業,1.5684283094474767,-0.05175781250000011,507226135.0,0.0,0.21462043111527648,True,1.0414179434685087,50.6,51.3,48.6,False,-0.03952569169960474,-0.04952569169960474
frr5_capacity_liq200,2024-01,2024-02-15,3,2024-02-20,2024-03-06,10,otc,5351,鈺創,半導體業,1.5684283094474767,-0.05175781250000011,507226135.0,0.0,0.21462043111527648,True,1.0414179434685087,51.8,52.6,50.6,False,-0.02316602316602312,-0.03316602316602312
frr5_capacity_liq200,2024-01,2024-02-15,3,2024-02-20,2024-03-13,15,otc,5351,鈺創,半導體業,1.5684283094474767,-0.05175781250000011,507226135.0,0.0,0.21462043111527648,True,1.0414179434685087,51.8,52.6,49.05,False,-0.05308880308880304,-0.06308880308880303
frr5_capacity_liq200,2024-01,2024-02-15,3,2024-02-20,2024-03-20,20,otc,5351,鈺創,半導體業,1.5684283094474767,-0.05175781250000011,507226135.0,0.0,0.21462043111527648,True,1.0414179434685087,51.8,52.6,50.2,False,-0.030888030888030826,-0.04088803088803083
frr5_capacity_liq200,2024-05,2024-06-11,1,2024-06-12,2024-06-26,10,otc,6143,振曜,通信網路業,1.3559273701434946,0.04641350210970474,362793050.0,0.0,0.07539817011182649,True,1.177188817089042,124.5,128.0,135.0,False,0.0843373493975903,0.0743373493975903
frr5_capacity_liq200,2024-05,2024-06-11,1,2024-06-12,2024-07-03,15,otc,6143,振曜,通信網路業,1.3559273701434946,0.04641350210970474,362793050.0,0.0,0.07539817011182649,True,1.177188817089042,124.5,128.0,127.0,False,0.02008032128514059,0.01008032128514059
frr5_capacity_liq200,2024-05,2024-06-11,1,2024-06-12,2024-07-10,20,otc,6143,振曜,通信網路業,1.3559273701434946,0.04641350210970474,362793050.0,0.0,0.07539817011182649,True,1.177188817089042,124.5,128.0,124.0,False,-0.004016064257028162,-0.014016064257028163
frr5_capacity_liq200,2024-05,2024-06-11,2,2024-06-13,2024-06-27,10,otc,6143,振曜,通信網路業,1.3559273701434946,0.04641350210970474,362793050.0,0.0,0.07539817011182649,True,1.177188817089042,128.5,133.0,134.5,False,0.04669260700389111,0.036692607003891105
frr5_capacity_liq200,2024-05,2024-06-11,2,2024-06-13,2024-07-04,15,otc,6143,振曜,通信網路業,1.3559273701434946,0.04641350210970474,362793050.0,0.0,0.07539817011182649,True,1.177188817089042,128.5,133.0,125.5,False,-0.023346303501945553,-0.033346303501945555
frr5_capacity_liq200,2024-05,2024-06-11,2,2024-06-13,2024-07-11,20,otc,6143,振曜,通信網路業,1.3559273701434946,0.04641350210970474,362793050.0,0.0,0.07539817011182649,True,1.177188817089042,128.5,133.0,122.5,False,-0.046692607003890996,-0.056692607003891
frr5_capacity_liq200,2024-05,2024-06-11,3,2024-06-14,2024-06-28,10,otc,6143,振曜,通信網路業,1.3559273701434946,0.04641350210970474,362793050.0,0.0,0.07539817011182649,True,1.177188817089042,135.0,139.0,136.0,False,0.007407407407407307,-0.002592592592592693
frr5_capacity_liq200,2024-05,2024-06-11,3,2024-06-14,2024-07-05,15,otc,6143,振曜,通信網路業,1.3559273701434946,0.04641350210970474,362793050.0,0.0,0.07539817011182649,True,1.177188817089042,135.0,139.0,128.0,False,-0.051851851851851816,-0.06185185185185182
frr5_capacity_liq200,2024-05,2024-06-11,3,2024-06-14,2024-07-12,20,otc,6143,振曜,通信網路業,1.3559273701434946,0.04641350210970474,362793050.0,0.0,0.07539817011182649,True,1.177188817089042,135.0,139.0,122.5,False,-0.09259259259259256,-0.10259259259259255
frr5_capacity_liq200,2024-05,2024-06-11,1,2024-06-12,2024-06-26,10,otc,8358,金居,電子零組件業,1.3411652057343448,0.09859154929577474,723075565.0,0.0,0.06412897908725662,True,2.3680722345716547,70.2,70.8,70.8,False,0.008547008547008517,-0.0014529914529914836
frr5_capacity_liq200,2024-05,2024-06-11,1,2024-06-12,2024-07-03,15,otc,8358,金居,電子零組件業,1.3411652057343448,0.09859154929577474,723075565.0,0.0,0.06412897908725662,True,2.3680722345716547,70.2,70.8,70.6,False,0.005698005698005604,-0.0043019943019943965
frr5_capacity_liq200,2024-05,2024-06-11,1,2024-06-12,2024-07-10,20,otc,8358,金居,電子零組件業,1.3411652057343448,0.09859154929577474,723075565.0,0.0,0.06412897908725662,True,2.3680722345716547,70.2,70.8,71.6,False,0.019943019943019724,0.009943019943019724
frr5_capacity_liq200,2024-05,2024-06-11,2,2024-06-13,2024-06-27,10,otc,8358,金居,電子零組件業,1.3411652057343448,0.09859154929577474,723075565.0,0.0,0.06412897908725662,True,2.3680722345716547,71.6,70.5,70.5,False,-0.015363128491620026,-0.025363128491620028
frr5_capacity_liq200,2024-05,2024-06-11,2,2024-06-13,2024-07-04,15,otc,8358,金居,電子零組件業,1.3411652057343448,0.09859154929577474,723075565.0,0.0,0.06412897908725662,True,2.3680722345716547,71.6,70.5,70.5,False,-0.015363128491620026,-0.025363128491620028
frr5_capacity_liq200,2024-05,2024-06-11,2,2024-06-13,2024-07-11,20,otc,8358,金居,電子零組件業,1.3411652057343448,0.09859154929577474,723075565.0,0.0,0.06412897908725662,True,2.3680722345716547,71.6,70.5,75.2,False,0.05027932960893877,0.04027932960893877
frr5_capacity_liq200,2024-05,2024-06-11,3,2024-06-14,2024-06-28,10,otc,8358,金居,電子零組件業,1.3411652057343448,0.09859154929577474,723075565.0,0.0,0.06412897908725662,True,2.3680722345716547,70.5,69.7,70.2,False,-0.004255319148936176,-0.014255319148936177
frr5_capacity_liq200,2024-05,2024-06-11,3,2024-06-14,2024-07-05,15,otc,8358,金居,電子零組件業,1.3411652057343448,0.09859154929577474,723075565.0,0.0,0.06412897908725662,True,2.3680722345716547,70.5,69.7,71.6,False,0.015602836879432536,0.005602836879432535
frr5_capacity_liq200,2024-05,2024-06-11,3,2024-06-14,2024-07-12,20,otc,8358,金居,電子零組件業,1.3411652057343448,0.09859154929577474,723075565.0,0.0,0.06412897908725662,True,2.3680722345716547,70.5,69.7,75.2,False,0.06666666666666665,0.05666666666666665
frr5_capacity_liq200,2025-02,2025-03-11,1,2025-03-12,2025-03-26,10,otc,3162,精確,電機機械,1.3696602806889013,0.07772621809744784,282454315.0,0.0,0.3871576959395656,True,2.7304288621851467,46.2,46.7,55.7,False,0.2056277056277056,0.1956277056277056
frr5_capacity_liq200,2025-02,2025-03-11,1,2025-03-12,2025-04-02,15,otc,3162,精確,電機機械,1.3696602806889013,0.07772621809744784,282454315.0,0.0,0.3871576959395656,True,2.7304288621851467,46.2,46.7,52.7,False,0.14069264069264076,0.13069264069264075
frr5_capacity_liq200,2025-02,2025-03-11,1,2025-03-12,2025-04-11,20,otc,3162,精確,電機機械,1.3696602806889013,0.07772621809744784,282454315.0,0.0,0.3871576959395656,True,2.7304288621851467,46.2,46.7,41.1,False,-0.11038961038961037,-0.12038961038961037
frr5_capacity_liq200,2025-02,2025-03-11,2,2025-03-13,2025-03-27,10,otc,3162,精確,電機機械,1.3696602806889013,0.07772621809744784,282454315.0,0.0,0.3871576959395656,True,2.7304288621851467,47.3,46.3,52.7,False,0.11416490486257946,0.10416490486257947
frr5_capacity_liq200,2025-02,2025-03-11,2,2025-03-13,2025-04-07,15,otc,3162,精確,電機機械,1.3696602806889013,0.07772621809744784,282454315.0,0.0,0.3871576959395656,True,2.7304288621851467,47.3,46.3,47.45,False,0.003171247357294016,-0.006828752642705984
frr5_capacity_liq200,2025-02,2025-03-11,2,2025-03-13,2025-04-14,20,otc,3162,精確,電機機械,1.3696602806889013,0.07772621809744784,282454315.0,0.0,0.3871576959395656,True,2.7304288621851467,47.3,46.3,41.65,False,-0.11945031712473575,-0.12945031712473576
frr5_capacity_liq200,2025-02,2025-03-11,3,2025-03-14,2025-03-28,10,otc,3162,精確,電機機械,1.3696602806889013,0.07772621809744784,282454315.0,0.0,0.3871576959395656,True,2.7304288621851467,46.9,46.6,53.5,False,0.14072494669509594,0.13072494669509593
frr5_capacity_liq200,2025-02,2025-03-11,3,2025-03-14,2025-04-08,15,otc,3162,精確,電機機械,1.3696602806889013,0.07772621809744784,282454315.0,0.0,0.3871576959395656,True,2.7304288621851467,46.9,46.6,42.75,False,-0.08848614072494665,-0.09848614072494664
frr5_capacity_liq200,2025-02,2025-03-11,3,2025-03-14,2025-04-15,20,otc,3162,精確,電機機械,1.3696602806889013,0.07772621809744784,282454315.0,0.0,0.3871576959395656,True,2.7304288621851467,46.9,46.6,44.4,False,-0.05330490405117272,-0.06330490405117271
frr5_capacity_liq200,2025-04,2025-05-12,1,2025-05-13,2025-05-27,10,otc,5439,高技,電子零組件業,2.4795032187480732,0.16778523489932895,1964798375.0,0.0,0.04675586246583226,True,1.4682076877937862,178.5,182.0,178.0,False,-0.0028011204481792618,-0.012801120448179262
frr5_capacity_liq200,2025-04,2025-05-12,1,2025-05-13,2025-06-04,15,otc,5439,高技,電子零組件業,2.4795032187480732,0.16778523489932895,1964798375.0,0.0,0.04675586246583226,True,1.4682076877937862,178.5,182.0,183.0,False,0.025210084033613356,0.015210084033613356
frr5_capacity_liq200,2025-04,2025-05-12,1,2025-05-13,2025-06-11,20,otc,5439,高技,電子零組件業,2.4795032187480732,0.16778523489932895,1964798375.0,0.0,0.04675586246583226,True,1.4682076877937862,178.5,182.0,222.0,False,0.24369747899159666,0.23369747899159665
frr5_capacity_liq200,2025-04,2025-05-12,2,2025-05-14,2025-05-28,10,otc,5439,高技,電子零組件業,2.4795032187480732,0.16778523489932895,1964798375.0,0.0,0.04675586246583226,True,1.4682076877937862,184.0,185.0,177.0,False,-0.03804347826086951,-0.048043478260869514
frr5_capacity_liq200,2025-04,2025-05-12,2,2025-05-14,2025-06-05,15,otc,5439,高技,電子零組件業,2.4795032187480732,0.16778523489932895,1964798375.0,0.0,0.04675586246583226,True,1.4682076877937862,184.0,185.0,194.5,False,0.057065217391304435,0.04706521739130443
frr5_capacity_liq200,2025-04,2025-05-12,2,2025-05-14,2025-06-12,20,otc,5439,高技,電子零組件業,2.4795032187480732,0.16778523489932895,1964798375.0,0.0,0.04675586246583226,True,1.4682076877937862,184.0,185.0,211.0,False,0.1467391304347827,0.1367391304347827
frr5_capacity_liq200,2025-04,2025-05-12,3,2025-05-15,2025-05-29,10,otc,5439,高技,電子零組件業,2.4795032187480732,0.16778523489932895,1964798375.0,0.0,0.04675586246583226,True,1.4682076877937862,185.0,189.0,179.0,False,-0.032432432432432434,-0.042432432432432436
frr5_capacity_liq200,2025-04,2025-05-12,3,2025-05-15,2025-06-06,15,otc,5439,高技,電子零組件業,2.4795032187480732,0.16778523489932895,1964798375.0,0.0,0.04675586246583226,True,1.4682076877937862,185.0,189.0,207.5,False,0.12162162162162171,0.11162162162162172
frr5_capacity_liq200,2025-04,2025-05-12,3,2025-05-15,2025-06-13,20,otc,5439,高技,電子零組件業,2.4795032187480732,0.16778523489932895,1964798375.0,0.0,0.04675586246583226,True,1.4682076877937862,185.0,189.0,206.0,False,0.11351351351351346,0.10351351351351347
frr5_capacity_liq200,2025-04,2025-05-12,1,2025-05-13,2025-05-27,10,otc,3163,波若威,通信網路業,1.8926417850880586,0.18490566037735845,3630787250.0,0.0,0.27315914489311166,True,1.4225914938296058,162.0,157.5,163.0,False,0.006172839506172867,-0.0038271604938271333
frr5_capacity_liq200,2025-04,2025-05-12,1,2025-05-13,2025-06-04,15,otc,3163,波若威,通信網路業,1.8926417850880586,0.18490566037735845,3630787250.0,0.0,0.27315914489311166,True,1.4225914938296058,162.0,157.5,166.0,False,0.024691358024691468,0.014691358024691467
frr5_capacity_liq200,2025-04,2025-05-12,1,2025-05-13,2025-06-11,20,otc,3163,波若威,通信網路業,1.8926417850880586,0.18490566037735845,3630787250.0,0.0,0.27315914489311166,True,1.4225914938296058,162.0,157.5,181.5,False,0.12037037037037046,0.11037037037037047
frr5_capacity_liq200,2025-04,2025-05-12,2,2025-05-14,2025-05-28,10,otc,3163,波若威,通信網路業,1.8926417850880586,0.18490566037735845,3630787250.0,0.0,0.27315914489311166,True,1.4225914938296058,161.0,170.5,159.5,False,-0.009316770186335366,-0.019316770186335368
frr5_capacity_liq200,2025-04,2025-05-12,2,2025-05-14,2025-06-05,15,otc,3163,波若威,通信網路業,1.8926417850880586,0.18490566037735845,3630787250.0,0.0,0.27315914489311166,True,1.4225914938296058,161.0,170.5,162.5,False,0.009316770186335477,-0.0006832298136645234
frr5_capacity_liq200,2025-04,2025-05-12,2,2025-05-14,2025-06-12,20,otc,3163,波若威,通信網路業,1.8926417850880586,0.18490566037735845,3630787250.0,0.0,0.27315914489311166,True,1.4225914938296058,161.0,170.5,183.5,False,0.13975155279503104,0.12975155279503103
frr5_capacity_liq200,2025-04,2025-05-12,3,2025-05-15,2025-05-29,10,otc,3163,波若威,通信網路業,1.8926417850880586,0.18490566037735845,3630787250.0,0.0,0.27315914489311166,True,1.4225914938296058,171.0,169.0,161.5,False,-0.05555555555555558,-0.06555555555555558
frr5_capacity_liq200,2025-04,2025-05-12,3,2025-05-15,2025-06-06,15,otc,3163,波若威,通信網路業,1.8926417850880586,0.18490566037735845,3630787250.0,0.0,0.27315914489311166,True,1.4225914938296058,171.0,169.0,167.0,False,-0.023391812865497075,-0.03339181286549708
frr5_capacity_liq200,2025-04,2025-05-12,3,2025-05-15,2025-06-13,20,otc,3163,波若威,通信網路業,1.8926417850880586,0.18490566037735845,3630787250.0,0.0,0.27315914489311166,True,1.4225914938296058,171.0,169.0,178.0,False,0.040935672514619936,0.030935672514619934
frr5_capacity_liq200,2025-04,2025-05-12,1,2025-05-13,2025-05-27,10,otc,3374,精材,半導體業,1.6530526782909265,0.09019607843137245,294491850.0,0.0,0.19979724592379827,True,0.30156703225754866,146.0,139.5,138.0,False,-0.0547945205479452,-0.0647945205479452
frr5_capacity_liq200,2025-04,2025-05-12,1,2025-05-13,2025-06-04,15,otc,3374,精材,半導體業,1.6530526782909265,0.09019607843137245,294491850.0,0.0,0.19979724592379827,True,0.30156703225754866,146.0,139.5,139.0,False,-0.047945205479452024,-0.057945205479452026
frr5_capacity_liq200,2025-04,2025-05-12,1,2025-05-13,2025-06-11,20,otc,3374,精材,半導體業,1.6530526782909265,0.09019607843137245,294491850.0,0.0,0.19979724592379827,True,0.30156703225754866,146.0,139.5,148.0,False,0.013698630136986356,0.003698630136986356
frr5_capacity_liq200,2025-04,2025-05-12,2,2025-05-14,2025-05-28,10,otc,3374,精材,半導體業,1.6530526782909265,0.09019607843137245,294491850.0,0.0,0.19979724592379827,True,0.30156703225754866,142.0,145.0,136.5,False,-0.03873239436619713,-0.04873239436619713
frr5_capacity_liq200,2025-04,2025-05-12,2,2025-05-14,2025-06-05,15,otc,3374,精材,半導體業,1.6530526782909265,0.09019607843137245,294491850.0,0.0,0.19979724592379827,True,0.30156703225754866,142.0,145.0,141.0,False,-0.007042253521126751,-0.017042253521126753
frr5_capacity_liq200,2025-04,2025-05-12,2,2025-05-14,2025-06-12,20,otc,3374,精材,半導體業,1.6530526782909265,0.09019607843137245,294491850.0,0.0,0.19979724592379827,True,0.30156703225754866,142.0,145.0,150.5,False,0.059859154929577496,0.049859154929577494
frr5_capacity_liq200,2025-04,2025-05-12,3,2025-05-15,2025-05-29,10,otc,3374,精材,半導體業,1.6530526782909265,0.09019607843137245,294491850.0,0.0,0.19979724592379827,True,0.30156703225754866,145.0,142.5,139.5,False,-0.037931034482758585,-0.04793103448275859
frr5_capacity_liq200,2025-04,2025-05-12,3,2025-05-15,2025-06-06,15,otc,3374,精材,半導體業,1.6530526782909265,0.09019607843137245,294491850.0,0.0,0.19979724592379827,True,0.30156703225754866,145.0,142.5,150.0,False,0.034482758620689724,0.024482758620689722
frr5_capacity_liq200,2025-04,2025-05-12,3,2025-05-15,2025-06-13,20,otc,3374,精材,半導體業,1.6530526782909265,0.09019607843137245,294491850.0,0.0,0.19979724592379827,True,0.30156703225754866,145.0,142.5,146.0,False,0.006896551724137945,-0.0031034482758620554
frr5_capacity_liq200,2025-07,2025-08-11,1,2025-08-12,2025-08-26,10,otc,3260,威剛,半導體業,1.3651226229299467,0.03777777777777791,322198965.0,0.0,0.12465430291198959,True,0.558996830526657,94.4,95.5,100.5,False,0.0646186440677965,0.05461864406779649
frr5_capacity_liq200,2025-07,2025-08-11,1,2025-08-12,2025-09-02,15,otc,3260,威剛,半導體業,1.3651226229299467,0.03777777777777791,322198965.0,0.0,0.12465430291198959,True,0.558996830526657,94.4,95.5,100.5,False,0.0646186440677965,0.05461864406779649
frr5_capacity_liq200,2025-07,2025-08-11,1,2025-08-12,2025-09-09,20,otc,3260,威剛,半導體業,1.3651226229299467,0.03777777777777791,322198965.0,0.0,0.12465430291198959,True,0.558996830526657,94.4,95.5,113.0,False,0.19703389830508478,0.18703389830508477
frr5_capacity_liq200,2025-07,2025-08-11,2,2025-08-13,2025-08-27,10,otc,3260,威剛,半導體業,1.3651226229299467,0.03777777777777791,322198965.0,0.0,0.12465430291198959,True,0.558996830526657,96.5,95.3,100.5,False,0.041450777202072464,0.03145077720207246
frr5_capacity_liq200,2025-07,2025-08-11,2,2025-08-13,2025-09-03,15,otc,3260,威剛,半導體業,1.3651226229299467,0.03777777777777791,322198965.0,0.0,0.12465430291198959,True,0.558996830526657,96.5,95.3,103.5,False,0.07253886010362698,0.06253886010362698
frr5_capacity_liq200,2025-07,2025-08-11,2,2025-08-13,2025-09-10,20,otc,3260,威剛,半導體業,1.3651226229299467,0.03777777777777791,322198965.0,0.0,0.12465430291198959,True,0.558996830526657,96.5,95.3,117.0,False,0.21243523316062185,0.20243523316062184
frr5_capacity_liq200,2025-07,2025-08-11,3,2025-08-14,2025-08-28,10,otc,3260,威剛,半導體業,1.3651226229299467,0.03777777777777791,322198965.0,0.0,0.12465430291198959,True,0.558996830526657,98.8,99.9,101.5,False,0.027327935222672073,0.01732793522267207
frr5_capacity_liq200,2025-07,2025-08-11,3,2025-08-14,2025-09-04,15,otc,3260,威剛,半導體業,1.3651226229299467,0.03777777777777791,322198965.0,0.0,0.12465430291198959,True,0.558996830526657,98.8,99.9,105.0,False,0.06275303643724706,0.052753036437247054
frr5_capacity_liq200,2025-07,2025-08-11,3,2025-08-14,2025-09-11,20,otc,3260,威剛,半導體業,1.3651226229299467,0.03777777777777791,322198965.0,0.0,0.12465430291198959,True,0.558996830526657,98.8,99.9,116.5,False,0.17914979757085026,0.16914979757085025
frr5_capacity_liq200,2025-07,2025-08-11,1,2025-08-12,2025-08-26,10,otc,6125,廣運,光電業,1.2638446170351378,0.253543307086614,335314325.0,0.0,0.0572197913160552,True,1.875840504836316,83.0,80.4,80.4,False,-0.031325301204819245,-0.04132530120481925
frr5_capacity_liq200,2025-07,2025-08-11,1,2025-08-12,2025-09-02,15,otc,6125,廣運,光電業,1.2638446170351378,0.253543307086614,335314325.0,0.0,0.0572197913160552,True,1.875840504836316,83.0,80.4,76.8,False,-0.07469879518072298,-0.08469879518072297
frr5_capacity_liq200,2025-07,2025-08-11,1,2025-08-12,2025-09-09,20,otc,6125,廣運,光電業,1.2638446170351378,0.253543307086614,335314325.0,0.0,0.0572197913160552,True,1.875840504836316,83.0,80.4,77.1,False,-0.07108433734939767,-0.08108433734939767
frr5_capacity_liq200,2025-07,2025-08-11,2,2025-08-13,2025-08-27,10,otc,6125,廣運,光電業,1.2638446170351378,0.253543307086614,335314325.0,0.0,0.0572197913160552,True,1.875840504836316,81.2,81.4,80.4,False,-0.009852216748768461,-0.019852216748768463
frr5_capacity_liq200,2025-07,2025-08-11,2,2025-08-13,2025-09-03,15,otc,6125,廣運,光電業,1.2638446170351378,0.253543307086614,335314325.0,0.0,0.0572197913160552,True,1.875840504836316,81.2,81.4,76.6,False,-0.05665024630541882,-0.06665024630541881
frr5_capacity_liq200,2025-07,2025-08-11,2,2025-08-13,2025-09-10,20,otc,6125,廣運,光電業,1.2638446170351378,0.253543307086614,335314325.0,0.0,0.0572197913160552,True,1.875840504836316,81.2,81.4,78.2,False,-0.036945812807881784,-0.046945812807881786
frr5_capacity_liq200,2025-07,2025-08-11,3,2025-08-14,2025-08-28,10,otc,6125,廣運,光電業,1.2638446170351378,0.253543307086614,335314325.0,0.0,0.0572197913160552,True,1.875840504836316,82.2,81.9,80.5,False,-0.020681265206812682,-0.030681265206812684
frr5_capacity_liq200,2025-07,2025-08-11,3,2025-08-14,2025-09-04,15,otc,6125,廣運,光電業,1.2638446170351378,0.253543307086614,335314325.0,0.0,0.0572197913160552,True,1.875840504836316,82.2,81.9,76.2,False,-0.07299270072992703,-0.08299270072992702
frr5_capacity_liq200,2025-07,2025-08-11,3,2025-08-14,2025-09-11,20,otc,6125,廣運,光電業,1.2638446170351378,0.253543307086614,335314325.0,0.0,0.0572197913160552,True,1.875840504836316,82.2,81.9,76.5,False,-0.06934306569343074,-0.07934306569343073
frr5_capacity_liq200,2025-08,2025-09-11,1,2025-09-12,2025-09-26,10,otc,6125,廣運,光電業,1.5960899484404725,-0.06593406593406603,397873310.0,0.0,0.0572197913160552,True,1.7658576045657604,76.8,77.0,72.4,False,-0.05729166666666652,-0.06729166666666651
frr5_capacity_liq200,2025-08,2025-09-11,1,2025-09-12,2025-10-07,15,otc,6125,廣運,光電業,1.5960899484404725,-0.06593406593406603,397873310.0,0.0,0.0572197913160552,True,1.7658576045657604,76.8,77.0,74.3,False,-0.03255208333333337,-0.04255208333333337
frr5_capacity_liq200,2025-08,2025-09-11,1,2025-09-12,2025-10-15,20,otc,6125,廣運,光電業,1.5960899484404725,-0.06593406593406603,397873310.0,0.0,0.0572197913160552,True,1.7658576045657604,76.8,77.0,72.8,False,-0.05208333333333337,-0.06208333333333337
frr5_capacity_liq200,2025-08,2025-09-11,2,2025-09-15,2025-09-30,10,otc,6125,廣運,光電業,1.5960899484404725,-0.06593406593406603,397873310.0,0.0,0.0572197913160552,True,1.7658576045657604,77.5,78.7,73.2,False,-0.05548387096774188,-0.06548387096774187
frr5_capacity_liq200,2025-08,2025-09-11,2,2025-09-15,2025-10-08,15,otc,6125,廣運,光電業,1.5960899484404725,-0.06593406593406603,397873310.0,0.0,0.0572197913160552,True,1.7658576045657604,77.5,78.7,73.3,False,-0.05419354838709678,-0.06419354838709677
frr5_capacity_liq200,2025-08,2025-09-11,2,2025-09-15,2025-10-16,20,otc,6125,廣運,光電業,1.5960899484404725,-0.06593406593406603,397873310.0,0.0,0.0572197913160552,True,1.7658576045657604,77.5,78.7,74.3,False,-0.041290322580645245,-0.051290322580645246
frr5_capacity_liq200,2025-08,2025-09-11,3,2025-09-16,2025-10-01,10,otc,6125,廣運,光電業,1.5960899484404725,-0.06593406593406603,397873310.0,0.0,0.0572197913160552,True,1.7658576045657604,80.9,81.9,73.9,False,-0.08652657601977753,-0.09652657601977753
frr5_capacity_liq200,2025-08,2025-09-11,3,2025-09-16,2025-10-09,15,otc,6125,廣運,光電業,1.5960899484404725,-0.06593406593406603,397873310.0,0.0,0.0572197913160552,True,1.7658576045657604,80.9,81.9,72.3,False,-0.1063040791100125,-0.11630407911001249
frr5_capacity_liq200,2025-08,2025-09-11,3,2025-09-16,2025-10-17,20,otc,6125,廣運,光電業,1.5960899484404725,-0.06593406593406603,397873310.0,0.0,0.0572197913160552,True,1.7658576045657604,80.9,81.9,73.2,False,-0.09517923362175529,-0.10517923362175528
frr5_capacity_liq200,2025-08,2025-09-11,1,2025-09-12,2025-09-26,10,otc,5439,高技,電子零組件業,1.2876467318296887,0.22490706319702602,3567691225.0,0.0,0.04675586246583226,True,1.3956808493416482,332.0,325.5,309.0,False,-0.06927710843373491,-0.07927710843373491
frr5_capacity_liq200,2025-08,2025-09-11,1,2025-09-12,2025-10-07,15,otc,5439,高技,電子零組件業,1.2876467318296887,0.22490706319702602,3567691225.0,0.0,0.04675586246583226,True,1.3956808493416482,332.0,325.5,308.5,False,-0.07078313253012047,-0.08078313253012047
frr5_capacity_liq200,2025-08,2025-09-11,1,2025-09-12,2025-10-15,20,otc,5439,高技,電子零組件業,1.2876467318296887,0.22490706319702602,3567691225.0,0.0,0.04675586246583226,True,1.3956808493416482,332.0,325.5,298.5,False,-0.10090361445783136,-0.11090361445783135
frr5_capacity_liq200,2025-08,2025-09-11,2,2025-09-15,2025-09-30,10,otc,5439,高技,電子零組件業,1.2876467318296887,0.22490706319702602,3567691225.0,0.0,0.04675586246583226,True,1.3956808493416482,325.0,317.5,320.0,False,-0.01538461538461533,-0.025384615384615332
frr5_capacity_liq200,2025-08,2025-09-11,2,2025-09-15,2025-10-08,15,otc,5439,高技,電子零組件業,1.2876467318296887,0.22490706319702602,3567691225.0,0.0,0.04675586246583226,True,1.3956808493416482,325.0,317.5,312.5,False,-0.038461538461538436,-0.04846153846153844
frr5_capacity_liq200,2025-08,2025-09-11,2,2025-09-15,2025-10-16,20,otc,5439,高技,電子零組件業,1.2876467318296887,0.22490706319702602,3567691225.0,0.0,0.04675586246583226,True,1.3956808493416482,325.0,317.5,293.5,False,-0.09692307692307689,-0.10692307692307688
frr5_capacity_liq200,2025-08,2025-09-11,3,2025-09-16,2025-10-01,10,otc,5439,高技,電子零組件業,1.2876467318296887,0.22490706319702602,3567691225.0,0.0,0.04675586246583226,True,1.3956808493416482,317.0,310.0,316.0,False,-0.003154574132492094,-0.013154574132492094
frr5_capacity_liq200,2025-08,2025-09-11,3,2025-09-16,2025-10-09,15,otc,5439,高技,電子零組件業,1.2876467318296887,0.22490706319702602,3567691225.0,0.0,0.04675586246583226,True,1.3956808493416482,317.0,310.0,312.5,False,-0.014195583596214534,-0.024195583596214536
frr5_capacity_liq200,2025-08,2025-09-11,3,2025-09-16,2025-10-17,20,otc,5439,高技,電子零組件業,1.2876467318296887,0.22490706319702602,3567691225.0,0.0,0.04675586246583226,True,1.3956808493416482,317.0,310.0,287.5,False,-0.09305993690851733,-0.10305993690851732
frr5_capacity_liq200,2025-09,2025-10-13,1,2025-10-14,2025-10-29,10,otc,5351,鈺創,半導體業,2.0502620546085266,0.13165680473372787,422835525.0,0.0,0.21462043111527648,True,2.227395502664644,38.8,36.2,37.3,False,-0.03865979381443296,-0.048659793814432965
frr5_capacity_liq200,2025-09,2025-10-13,1,2025-10-14,2025-11-05,15,otc,5351,鈺創,半導體業,2.0502620546085266,0.13165680473372787,422835525.0,0.0,0.21462043111527648,True,2.227395502664644,38.8,36.2,35.0,False,-0.09793814432989689,-0.10793814432989689
frr5_capacity_liq200,2025-09,2025-10-13,1,2025-10-14,2025-11-12,20,otc,5351,鈺創,半導體業,2.0502620546085266,0.13165680473372787,422835525.0,0.0,0.21462043111527648,True,2.227395502664644,38.8,36.2,47.65,False,0.22809278350515472,0.2180927835051547
frr5_capacity_liq200,2025-09,2025-10-13,2,2025-10-15,2025-10-30,10,otc,5351,鈺創,半導體業,2.0502620546085266,0.13165680473372787,422835525.0,0.0,0.21462043111527648,True,2.227395502664644,36.3,35.75,37.55,False,0.03443526170798905,0.02443526170798905
frr5_capacity_liq200,2025-09,2025-10-13,2,2025-10-15,2025-11-06,15,otc,5351,鈺創,半導體業,2.0502620546085266,0.13165680473372787,422835525.0,0.0,0.21462043111527648,True,2.227395502664644,36.3,35.75,37.15,False,0.023415977961432466,0.013415977961432466
frr5_capacity_liq200,2025-09,2025-10-13,2,2025-10-15,2025-11-13,20,otc,5351,鈺創,半導體業,2.0502620546085266,0.13165680473372787,422835525.0,0.0,0.21462043111527648,True,2.227395502664644,36.3,35.75,45.65,False,0.25757575757575757,0.24757575757575756
frr5_capacity_liq200,2025-09,2025-10-13,3,2025-10-16,2025-10-31,10,otc,5351,鈺創,半導體業,2.0502620546085266,0.13165680473372787,422835525.0,0.0,0.21462043111527648,True,2.227395502664644,36.0,38.0,36.5,False,0.01388888888888884,0.0038888888888888393
frr5_capacity_liq200,2025-09,2025-10-13,3,2025-10-16,2025-11-07,15,otc,5351,鈺創,半導體業,2.0502620546085266,0.13165680473372787,422835525.0,0.0,0.21462043111527648,True,2.227395502664644,36.0,38.0,37.85,False,0.05138888888888893,0.041388888888888926
frr5_capacity_liq200,2025-09,2025-10-13,3,2025-10-16,2025-11-14,20,otc,5351,鈺創,半導體業,2.0502620546085266,0.13165680473372787,422835525.0,0.0,0.21462043111527648,True,2.227395502664644,36.0,38.0,44.2,False,0.22777777777777786,0.21777777777777785
frr5_capacity_liq200,2025-10,2025-11-11,1,2025-11-12,2025-11-26,10,otc,5351,鈺創,半導體業,2.320578105549865,0.196078431372549,425928947.5,0.0,0.21462043111527648,True,1.7084767937387277,46.1,47.65,38.25,False,-0.17028199566160518,-0.1802819956616052
frr5_capacity_liq200,2025-10,2025-11-11,1,2025-11-12,2025-12-03,15,otc,5351,鈺創,半導體業,2.320578105549865,0.196078431372549,425928947.5,0.0,0.21462043111527648,True,1.7084767937387277,46.1,47.65,38.1,False,-0.17353579175704992,-0.18353579175704993
frr5_capacity_liq200,2025-10,2025-11-11,1,2025-11-12,2025-12-10,20,otc,5351,鈺創,半導體業,2.320578105549865,0.196078431372549,425928947.5,0.0,0.21462043111527648,True,1.7084767937387277,46.1,47.65,40.0,False,-0.13232104121475052,-0.14232104121475053
frr5_capacity_liq200,2025-10,2025-11-11,2,2025-11-13,2025-11-27,10,otc,5351,鈺創,半導體業,2.320578105549865,0.196078431372549,425928947.5,0.0,0.21462043111527648,True,1.7084767937387277,47.15,45.65,39.4,False,-0.1643690349946978,-0.1743690349946978
frr5_capacity_liq200,2025-10,2025-11-11,2,2025-11-13,2025-12-04,15,otc,5351,鈺創,半導體業,2.320578105549865,0.196078431372549,425928947.5,0.0,0.21462043111527648,True,1.7084767937387277,47.15,45.65,38.35,False,-0.1866383881230116,-0.1966383881230116
frr5_capacity_liq200,2025-10,2025-11-11,2,2025-11-13,2025-12-11,20,otc,5351,鈺創,半導體業,2.320578105549865,0.196078431372549,425928947.5,0.0,0.21462043111527648,True,1.7084767937387277,47.15,45.65,39.4,False,-0.1643690349946978,-0.1743690349946978
frr5_capacity_liq200,2025-10,2025-11-11,3,2025-11-14,2025-11-28,10,otc,5351,鈺創,半導體業,2.320578105549865,0.196078431372549,425928947.5,0.0,0.21462043111527648,True,1.7084767937387277,43.6,44.2,39.5,False,-0.09403669724770647,-0.10403669724770646
frr5_capacity_liq200,2025-10,2025-11-11,3,2025-11-14,2025-12-05,15,otc,5351,鈺創,半導體業,2.320578105549865,0.196078431372549,425928947.5,0.0,0.21462043111527648,True,1.7084767937387277,43.6,44.2,39.8,False,-0.08715596330275244,-0.09715596330275243
frr5_capacity_liq200,2025-10,2025-11-11,3,2025-11-14,2025-12-12,20,otc,5351,鈺創,半導體業,2.320578105549865,0.196078431372549,425928947.5,0.0,0.21462043111527648,True,1.7084767937387277,43.6,44.2,41.5,False,-0.04816513761467889,-0.05816513761467889
frr5_capacity_liq200,2025-10,2025-11-11,1,2025-11-12,2025-11-26,10,otc,5289,宜鼎,電腦及週邊設備業,1.359484724495516,0.1959798994974875,2559948475.0,0.0,0.07736516357206012,True,3.153491901221715,483.0,523.0,484.0,False,0.0020703933747412417,-0.007929606625258758
frr5_capacity_liq200,2025-10,2025-11-11,1,2025-11-12,2025-12-03,15,otc,5289,宜鼎,電腦及週邊設備業,1.359484724495516,0.1959798994974875,2559948475.0,0.0,0.07736516357206012,True,3.153491901221715,483.0,523.0,457.5,False,-0.052795031055900665,-0.06279503105590066
frr5_capacity_liq200,2025-10,2025-11-11,1,2025-11-12,2025-12-10,20,otc,5289,宜鼎,電腦及週邊設備業,1.359484724495516,0.1959798994974875,2559948475.0,0.0,0.07736516357206012,True,3.153491901221715,483.0,523.0,466.5,False,-0.03416149068322982,-0.044161490683229825
frr5_capacity_liq200,2025-10,2025-11-11,2,2025-11-13,2025-11-27,10,otc,5289,宜鼎,電腦及週邊設備業,1.359484724495516,0.1959798994974875,2559948475.0,0.0,0.07736516357206012,True,3.153491901221715,532.0,558.0,489.5,False,-0.07988721804511278,-0.08988721804511278
frr5_capacity_liq200,2025-10,2025-11-11,2,2025-11-13,2025-12-04,15,otc,5289,宜鼎,電腦及週邊設備業,1.359484724495516,0.1959798994974875,2559948475.0,0.0,0.07736516357206012,True,3.153491901221715,532.0,558.0,452.0,False,-0.15037593984962405,-0.16037593984962406
frr5_capacity_liq200,2025-10,2025-11-11,2,2025-11-13,2025-12-11,20,otc,5289,宜鼎,電腦及週邊設備業,1.359484724495516,0.1959798994974875,2559948475.0,0.0,0.07736516357206012,True,3.153491901221715,532.0,558.0,473.0,False,-0.11090225563909772,-0.12090225563909772
frr5_capacity_liq200,2025-10,2025-11-11,3,2025-11-14,2025-11-28,10,otc,5289,宜鼎,電腦及週邊設備業,1.359484724495516,0.1959798994974875,2559948475.0,0.0,0.07736516357206012,True,3.153491901221715,540.0,522.0,493.5,False,-0.08611111111111114,-0.09611111111111113
frr5_capacity_liq200,2025-10,2025-11-11,3,2025-11-14,2025-12-05,15,otc,5289,宜鼎,電腦及週邊設備業,1.359484724495516,0.1959798994974875,2559948475.0,0.0,0.07736516357206012,True,3.153491901221715,540.0,522.0,469.0,False,-0.13148148148148153,-0.14148148148148154
frr5_capacity_liq200,2025-10,2025-11-11,3,2025-11-14,2025-12-12,20,otc,5289,宜鼎,電腦及週邊設備業,1.359484724495516,0.1959798994974875,2559948475.0,0.0,0.07736516357206012,True,3.153491901221715,540.0,522.0,500.0,False,-0.07407407407407407,-0.08407407407407406
frr5_capacity_liq200,2025-11,2025-12-11,1,2025-12-12,2025-12-29,10,otc,5351,鈺創,半導體業,1.9872547328644385,-0.13691128148959475,411946515.0,0.0,0.21462043111527648,True,1.1990424795657295,39.7,41.5,44.6,False,0.12342569269521397,0.11342569269521398
frr5_capacity_liq200,2025-11,2025-12-11,1,2025-12-12,2026-01-06,15,otc,5351,鈺創,半導體業,1.9872547328644385,-0.13691128148959475,411946515.0,0.0,0.21462043111527648,True,1.1990424795657295,39.7,41.5,62.8,False,0.5818639798488663,0.5718639798488663
frr5_capacity_liq200,2025-11,2025-12-11,1,2025-12-12,2026-01-13,20,otc,5351,鈺創,半導體業,1.9872547328644385,-0.13691128148959475,411946515.0,0.0,0.21462043111527648,True,1.1990424795657295,39.7,41.5,60.7,False,0.5289672544080604,0.5189672544080604
frr5_capacity_liq200,2025-11,2025-12-11,2,2025-12-15,2025-12-30,10,otc,5351,鈺創,半導體業,1.9872547328644385,-0.13691128148959475,411946515.0,0.0,0.21462043111527648,True,1.1990424795657295,40.05,39.9,49.05,False,0.2247191011235956,0.2147191011235956
frr5_capacity_liq200,2025-11,2025-12-11,2,2025-12-15,2026-01-07,15,otc,5351,鈺創,半導體業,1.9872547328644385,-0.13691128148959475,411946515.0,0.0,0.21462043111527648,True,1.1990424795657295,40.05,39.9,61.0,False,0.523096129837703,0.513096129837703
frr5_capacity_liq200,2025-11,2025-12-11,2,2025-12-15,2026-01-14,20,otc,5351,鈺創,半導體業,1.9872547328644385,-0.13691128148959475,411946515.0,0.0,0.21462043111527648,True,1.1990424795657295,40.05,39.9,60.4,False,0.5081148564294633,0.4981148564294633
frr5_capacity_liq200,2025-11,2025-12-11,3,2025-12-16,2025-12-31,10,otc,5351,鈺創,半導體業,1.9872547328644385,-0.13691128148959475,411946515.0,0.0,0.21462043111527648,True,1.1990424795657295,39.65,38.85,50.8,False,0.28121059268600246,0.27121059268600245
frr5_capacity_liq200,2025-11,2025-12-11,3,2025-12-16,2026-01-08,15,otc,5351,鈺創,半導體業,1.9872547328644385,-0.13691128148959475,411946515.0,0.0,0.21462043111527648,True,1.1990424795657295,39.65,38.85,61.8,False,0.5586380832282472,0.5486380832282471
frr5_capacity_liq200,2025-11,2025-12-11,3,2025-12-16,2026-01-15,20,otc,5351,鈺創,半導體業,1.9872547328644385,-0.13691128148959475,411946515.0,0.0,0.21462043111527648,True,1.1990424795657295,39.65,38.85,62.0,False,0.5636822194199245,0.5536822194199245
frr5_capacity_liq200,2025-11,2025-12-11,1,2025-12-12,2025-12-29,10,otc,5289,宜鼎,電腦及週邊設備業,1.4270170840992633,-0.1523297491039427,2449556425.0,0.0,0.07736516357206012,True,1.949958577767975,477.5,500.0,517.0,False,0.08272251308900525,0.07272251308900525
frr5_capacity_liq200,2025-11,2025-12-11,1,2025-12-12,2026-01-06,15,otc,5289,宜鼎,電腦及週邊設備業,1.4270170840992633,-0.1523297491039427,2449556425.0,0.0,0.07736516357206012,True,1.949958577767975,477.5,500.0,626.0,False,0.31099476439790585,0.30099476439790585
frr5_capacity_liq200,2025-11,2025-12-11,1,2025-12-12,2026-01-13,20,otc,5289,宜鼎,電腦及週邊設備業,1.4270170840992633,-0.1523297491039427,2449556425.0,0.0,0.07736516357206012,True,1.949958577767975,477.5,500.0,646.0,False,0.3528795811518324,0.34287958115183237
frr5_capacity_liq200,2025-11,2025-12-11,2,2025-12-15,2025-12-30,10,otc,5289,宜鼎,電腦及週邊設備業,1.4270170840992633,-0.1523297491039427,2449556425.0,0.0,0.07736516357206012,True,1.949958577767975,495.0,495.0,524.0,False,0.05858585858585852,0.04858585858585852
frr5_capacity_liq200,2025-11,2025-12-11,2,2025-12-15,2026-01-07,15,otc,5289,宜鼎,電腦及週邊設備業,1.4270170840992633,-0.1523297491039427,2449556425.0,0.0,0.07736516357206012,True,1.949958577767975,495.0,495.0,655.0,False,0.3232323232323233,0.3132323232323233
frr5_capacity_liq200,2025-11,2025-12-11,2,2025-12-15,2026-01-14,20,otc,5289,宜鼎,電腦及週邊設備業,1.4270170840992633,-0.1523297491039427,2449556425.0,0.0,0.07736516357206012,True,1.949958577767975,495.0,495.0,645.0,False,0.303030303030303,0.293030303030303
frr5_capacity_liq200,2025-11,2025-12-11,3,2025-12-16,2025-12-31,10,otc,5289,宜鼎,電腦及週邊設備業,1.4270170840992633,-0.1523297491039427,2449556425.0,0.0,0.07736516357206012,True,1.949958577767975,495.0,481.5,576.0,False,0.16363636363636358,0.15363636363636357
frr5_capacity_liq200,2025-11,2025-12-11,3,2025-12-16,2026-01-08,15,otc,5289,宜鼎,電腦及週邊設備業,1.4270170840992633,-0.1523297491039427,2449556425.0,0.0,0.07736516357206012,True,1.949958577767975,495.0,481.5,645.0,False,0.303030303030303,0.293030303030303
frr5_capacity_liq200,2025-11,2025-12-11,3,2025-12-16,2026-01-15,20,otc,5289,宜鼎,電腦及週邊設備業,1.4270170840992633,-0.1523297491039427,2449556425.0,0.0,0.07736516357206012,True,1.949958577767975,495.0,481.5,644.0,False,0.30101010101010095,0.29101010101010094
